2026-01-02 09:53:28,984 - __main__ - INFO - Starting Lemiex Order Manager (Eel UI)
2026-01-02 09:53:28,985 - __main__ - INFO - Starting as desktop app using Edge
2026-01-02 09:53:30,008 - __main__ - INFO - Desktop app launched with PID: 470228
2026-01-02 09:53:30,567 - geventwebsocket.handler - INFO - 127.0.0.1 - - [2026-01-02 09:53:30] "GET /index.html HTTP/1.1" 200 16760 0.001973
2026-01-02 09:53:30,575 - geventwebsocket.handler - INFO - 127.0.0.1 - - [2026-01-02 09:53:30] "GET /eel.js HTTP/1.1" 200 6298 0.000402
2026-01-02 09:53:30,593 - geventwebsocket.handler - INFO - 127.0.0.1 - - [2026-01-02 09:53:30] "GET /css/style.css HTTP/1.1" 200 7621 0.016147
2026-01-02 09:53:30,595 - geventwebsocket.handler - INFO - 127.0.0.1 - - [2026-01-02 09:53:30] "GET /js/app.js HTTP/1.1" 200 24650 0.000690
2026-01-02 09:53:32,496 - __main__ - INFO - Auto-starting camera...
2026-01-02 09:53:32,497 - camera.camera_manager - INFO - Camera added: camera_0
2026-01-02 09:53:35,638 - camera.camera_manager - INFO - Camera camera_0 connected
2026-01-02 09:53:35,638 - camera.camera_manager - INFO - Camera camera_0 started
2026-01-02 09:53:35,639 - camera.camera_manager - INFO - Camera manager started with 1 cameras
2026-01-02 09:53:35,639 - __main__ - INFO - Auto-detecting scanner...
2026-01-02 09:53:35,667 - __main__ - INFO - No USB scanner detected
2026-01-02 09:53:36,132 - __main__ - INFO - Recording limit set to: 12s
2026-01-02 09:53:36,134 - __main__ - INFO - Device states synced with frontend
2026-01-02 09:53:36,139 - geventwebsocket.handler - INFO - 127.0.0.1 - - [2026-01-02 09:53:36] "GET /favicon.ico HTTP/1.1" 404 882 0.003556
2026-01-02 09:53:37,722 - camera.camera_manager - WARNING - Camera camera_0 too many failures, reconnecting...
2026-01-02 09:53:40,520 - camera.camera_manager - INFO - Camera camera_0 connected
2026-01-02 09:54:05,691 - services.order_service - INFO - Order loaded: #19 (ref: emb8033_577199961819681126)
2026-01-02 09:54:05,692 - activity - INFO - [order_view] Order viewed: #19 (ref: emb8033_577199961819681126)
2026-01-02 09:54:05,941 - camera.camera_manager - INFO - Camera camera_0 started recording: D:\2025 Code\Lemiex-app-qc\temp_videos\order_19_20260102_095405.avi at (1280, 720)
2026-01-02 09:54:05,942 - services.recording_service - INFO - Recording started: 19 -> D:\2025 Code\Lemiex-app-qc\temp_videos\order_19_20260102_095405.avi
2026-01-02 09:54:05,950 - __main__ - INFO - Recording started for order: RecordingSession(id='63b56e0d-91f9-4e2b-911f-9bb67c1461df', order_id='19', camera_id='camera_0', status=<RecordingStatus.RECORDING: 'recording'>, start_time=datetime.datetime(2026, 1, 2, 9, 54, 5, 942580), end_time=None, file_path=WindowsPath('D:/2025 Code/Lemiex-app-qc/temp_videos/order_19_20260102_095405.avi'), file_size=0, duration_seconds=0.0, upload_url='', upload_progress=0.0, error_message='', retry_count=0)
2026-01-02 09:54:17,985 - __main__ - INFO - Recording limit reached: 12s >= 12s
2026-01-02 09:54:17,993 - camera.camera_manager - INFO - Camera camera_0 stopped recording
2026-01-02 09:54:17,993 - services.recording_service - INFO - Recording stopped: 19, duration: 12.1s
2026-01-02 09:54:17,994 - __main__ - INFO - Recording stopped: RecordingSession(id='63b56e0d-91f9-4e2b-911f-9bb67c1461df', order_id='19', camera_id='camera_0', status=<RecordingStatus.PROCESSING: 'processing'>, start_time=datetime.datetime(2026, 1, 2, 9, 54, 5, 942580), end_time=datetime.datetime(2026, 1, 2, 9, 54, 17, 993884), file_path=WindowsPath('D:/2025 Code/Lemiex-app-qc/temp_videos/order_19_20260102_095405.avi'), file_size=0, duration_seconds=12.051304, upload_url='', upload_progress=0.0, error_message='', retry_count=0)
2026-01-02 09:54:21,303 - services.b2_uploader - ERROR - Failed to initialize B2: Invalid authorization token. Server said:  (bad_auth_token)
2026-01-02 09:56:06,229 - services.order_service - INFO - Order loaded: #18 (ref: emb1429_577119897123721374)
2026-01-02 09:56:06,230 - activity - INFO - [order_view] Order viewed: #18 (ref: emb1429_577119897123721374)
2026-01-02 09:56:06,239 - camera.camera_manager - INFO - Camera camera_0 started recording: D:\2025 Code\Lemiex-app-qc\temp_videos\order_18_20260102_095606.avi at (1280, 720)
2026-01-02 09:56:06,240 - services.recording_service - INFO - Recording started: 18 -> D:\2025 Code\Lemiex-app-qc\temp_videos\order_18_20260102_095606.avi
2026-01-02 09:56:06,241 - __main__ - INFO - Recording started for order: RecordingSession(id='389612d4-cfb5-4dd7-8cb3-588968544618', order_id='18', camera_id='camera_0', status=<RecordingStatus.RECORDING: 'recording'>, start_time=datetime.datetime(2026, 1, 2, 9, 56, 6, 240833), end_time=None, file_path=WindowsPath('D:/2025 Code/Lemiex-app-qc/temp_videos/order_18_20260102_095606.avi'), file_size=0, duration_seconds=0.0, upload_url='', upload_progress=0.0, error_message='', retry_count=0)
2026-01-02 09:56:18,260 - __main__ - INFO - Recording limit reached: 12s >= 12s
2026-01-02 09:56:18,274 - camera.camera_manager - INFO - Camera camera_0 stopped recording
2026-01-02 09:56:18,275 - services.recording_service - INFO - Recording stopped: 18, duration: 12.0s
2026-01-02 09:56:18,275 - __main__ - INFO - Recording stopped: RecordingSession(id='389612d4-cfb5-4dd7-8cb3-588968544618', order_id='18', camera_id='camera_0', status=<RecordingStatus.PROCESSING: 'processing'>, start_time=datetime.datetime(2026, 1, 2, 9, 56, 6, 240833), end_time=datetime.datetime(2026, 1, 2, 9, 56, 18, 275203), file_path=WindowsPath('D:/2025 Code/Lemiex-app-qc/temp_videos/order_18_20260102_095606.avi'), file_size=0, duration_seconds=12.03437, upload_url='', upload_progress=0.0, error_message='', retry_count=0)
2026-01-02 09:56:19,289 - services.b2_uploader - ERROR - Failed to initialize B2: Invalid authorization token. Server said:  (bad_auth_token)
2026-01-02 09:57:16,412 - camera.camera_manager - INFO - Camera camera_0 stopped
2026-01-02 09:57:16,412 - camera.camera_manager - INFO - Camera manager stopped
2026-01-02 09:57:19,403 - services.order_service - INFO - Order loaded: #19 (ref: emb8033_577199961819681126)
2026-01-02 09:57:19,403 - activity - INFO - [order_view] Order viewed: #19 (ref: emb8033_577199961819681126)
2026-01-02 10:10:58,551 - services.order_service - INFO - Order loaded: #20 (ref: emb1538_577124192714462077)
2026-01-02 10:10:58,552 - activity - INFO - [order_view] Order viewed: #20 (ref: emb1538_577124192714462077)
2026-01-02 10:23:45,022 - core.auth_manager - INFO - User logged out
2026-01-02 10:23:45,023 - camera.camera_manager - INFO - Camera camera_0 stopped
2026-01-02 10:23:45,024 - camera.camera_manager - INFO - Camera manager stopped
2026-01-02 10:23:50,443 - core.auth_manager - INFO - User logged in: qc@lemiex.com
2026-01-02 10:23:50,454 - __main__ - INFO - User logged in: qc@lemiex.com
2026-01-02 10:23:50,481 - __main__ - INFO - Auto-starting camera...
2026-01-02 10:23:53,458 - camera.camera_manager - INFO - Camera camera_0 connected
2026-01-02 10:23:53,459 - camera.camera_manager - INFO - Camera camera_0 started
2026-01-02 10:23:53,460 - camera.camera_manager - INFO - Camera manager started with 1 cameras
2026-01-02 10:23:53,460 - __main__ - INFO - Auto-detecting scanner...
2026-01-02 10:23:53,466 - __main__ - INFO - No USB scanner detected
2026-01-02 10:24:37,557 - camera.camera_manager - INFO - Camera camera_0 stopped
2026-01-02 10:24:37,557 - camera.camera_manager - INFO - Camera manager stopped
2026-01-02 10:58:48,117 - __main__ - INFO - Starting Lemiex Order Manager (Eel UI)
2026-01-02 10:58:48,118 - __main__ - INFO - Starting as desktop app using Edge
2026-01-02 10:58:49,127 - __main__ - INFO - Desktop app launched with PID: 128448
2026-01-02 10:58:49,556 - geventwebsocket.handler - INFO - 127.0.0.1 - - [2026-01-02 10:58:49] "GET /index.html HTTP/1.1" 200 16760 0.001132
2026-01-02 10:58:49,563 - geventwebsocket.handler - INFO - 127.0.0.1 - - [2026-01-02 10:58:49] "GET /eel.js HTTP/1.1" 200 6399 0.000313
2026-01-02 10:58:49,569 - geventwebsocket.handler - INFO - 127.0.0.1 - - [2026-01-02 10:58:49] "GET /css/style.css HTTP/1.1" 200 7621 0.005178
2026-01-02 10:58:49,571 - geventwebsocket.handler - INFO - 127.0.0.1 - - [2026-01-02 10:58:49] "GET /js/app.js HTTP/1.1" 200 42754 0.000638
2026-01-02 10:58:49,798 - geventwebsocket.handler - INFO - 127.0.0.1 - - [2026-01-02 10:58:49] "GET /favicon.ico HTTP/1.1" 404 882 0.001902
2026-01-02 10:58:51,167 - __main__ - INFO - Auto-starting camera...
2026-01-02 10:58:51,168 - camera.camera_manager - INFO - Camera added: camera_0
2026-01-02 10:58:53,380 - camera.camera_manager - INFO - Camera camera_0 connected
2026-01-02 10:58:53,381 - camera.camera_manager - INFO - Camera camera_0 started
2026-01-02 10:58:53,381 - camera.camera_manager - INFO - Camera manager started with 1 cameras
2026-01-02 10:58:53,381 - __main__ - INFO - Auto-detecting scanner...
2026-01-02 10:58:53,386 - __main__ - INFO - No USB scanner detected
2026-01-02 10:58:53,737 - __main__ - INFO - Recording limit set to: 12s
2026-01-02 10:58:53,738 - __main__ - INFO - Device states synced with frontend
2026-01-02 10:58:55,283 - camera.camera_manager - WARNING - Camera camera_0 too many failures, reconnecting...
2026-01-02 10:58:57,756 - camera.camera_manager - INFO - Camera camera_0 connected
2026-01-02 10:59:24,727 - scanner.scanner_manager - INFO - Scanner added: scanner_1 on COM3
2026-01-02 10:59:24,729 - scanner.com_scanner - INFO - Scanner scanner_1 connected on COM3
2026-01-02 10:59:24,730 - scanner.com_scanner - INFO - Scanner scanner_1 reading thread started
2026-01-02 10:59:24,730 - scanner.scanner_manager - INFO - Scanner manager started with 1 scanners
2026-01-02 10:59:24,731 - __main__ - INFO - Scanner started on COM3
2026-01-02 11:00:16,323 - __main__ - INFO - Starting Lemiex Order Manager (Eel UI)
2026-01-02 11:00:16,324 - __main__ - INFO - Starting as desktop app using Edge
2026-01-02 11:00:17,335 - __main__ - INFO - Desktop app launched with PID: 483812
2026-01-02 11:00:17,750 - geventwebsocket.handler - INFO - 127.0.0.1 - - [2026-01-02 11:00:17] "GET /index.html HTTP/1.1" 200 16760 0.000908
2026-01-02 11:00:17,757 - geventwebsocket.handler - INFO - 127.0.0.1 - - [2026-01-02 11:00:17] "GET /eel.js HTTP/1.1" 200 6399 0.000274
2026-01-02 11:00:17,758 - geventwebsocket.handler - INFO - 127.0.0.1 - - [2026-01-02 11:00:17] "GET /css/style.css HTTP/1.1" 200 7621 0.000505
2026-01-02 11:00:17,761 - geventwebsocket.handler - INFO - 127.0.0.1 - - [2026-01-02 11:00:17] "GET /js/app.js HTTP/1.1" 200 42754 0.000507
2026-01-02 11:00:17,964 - geventwebsocket.handler - INFO - 127.0.0.1 - - [2026-01-02 11:00:17] "GET /favicon.ico HTTP/1.1" 404 882 0.001874
2026-01-02 11:00:19,356 - __main__ - INFO - Auto-starting camera...
2026-01-02 11:00:19,356 - camera.camera_manager - INFO - Camera added: camera_0
2026-01-02 11:00:21,613 - camera.camera_manager - INFO - Camera camera_0 connected
2026-01-02 11:00:21,613 - camera.camera_manager - INFO - Camera camera_0 started
2026-01-02 11:00:21,614 - camera.camera_manager - INFO - Camera manager started with 1 cameras
2026-01-02 11:00:21,614 - __main__ - INFO - Auto-detecting scanner...
2026-01-02 11:00:21,620 - scanner.scanner_manager - INFO - Scanner added: scanner_1 on COM3
2026-01-02 11:00:21,622 - scanner.com_scanner - INFO - Scanner scanner_1 connected on COM3
2026-01-02 11:00:21,623 - scanner.com_scanner - INFO - Scanner scanner_1 reading thread started
2026-01-02 11:00:21,623 - scanner.scanner_manager - INFO - Scanner manager started with 1 scanners
2026-01-02 11:00:21,623 - __main__ - INFO - Scanner started on COM3
2026-01-02 11:00:21,623 - __main__ - INFO - Auto-started scanner on COM3
2026-01-02 11:00:22,080 - __main__ - INFO - Recording limit set to: 12s
2026-01-02 11:00:22,081 - __main__ - INFO - Device states synced with frontend
2026-01-02 11:00:23,579 - camera.camera_manager - WARNING - Camera camera_0 too many failures, reconnecting...
2026-01-02 11:00:26,327 - camera.camera_manager - INFO - Camera camera_0 connected
2026-01-02 11:00:32,828 - camera.camera_manager - INFO - Camera camera_0 stopped
2026-01-02 11:00:32,829 - camera.camera_manager - INFO - Camera manager stopped
2026-01-02 11:03:00,108 - __main__ - INFO - Starting Lemiex Order Manager (Eel UI)
2026-01-02 11:03:00,109 - __main__ - INFO - Starting as desktop app using Edge
2026-01-02 11:03:01,118 - __main__ - INFO - Desktop app launched with PID: 95972
2026-01-02 11:03:01,646 - geventwebsocket.handler - INFO - 127.0.0.1 - - [2026-01-02 11:03:01] "GET /index.html HTTP/1.1" 200 16760 0.001002
2026-01-02 11:03:01,653 - geventwebsocket.handler - INFO - 127.0.0.1 - - [2026-01-02 11:03:01] "GET /eel.js HTTP/1.1" 200 6399 0.000319
2026-01-02 11:03:01,655 - geventwebsocket.handler - INFO - 127.0.0.1 - - [2026-01-02 11:03:01] "GET /css/style.css HTTP/1.1" 200 7621 0.001072
2026-01-02 11:03:01,657 - geventwebsocket.handler - INFO - 127.0.0.1 - - [2026-01-02 11:03:01] "GET /js/app.js HTTP/1.1" 200 42986 0.000688
2026-01-02 11:03:01,917 - geventwebsocket.handler - INFO - 127.0.0.1 - - [2026-01-02 11:03:01] "GET /favicon.ico HTTP/1.1" 404 882 0.002491
2026-01-02 11:03:03,334 - __main__ - INFO - Auto-starting camera...
2026-01-02 11:03:03,335 - camera.camera_manager - INFO - Camera added: camera_0
2026-01-02 11:03:05,620 - camera.camera_manager - INFO - Camera camera_0 connected
2026-01-02 11:03:05,621 - camera.camera_manager - INFO - Camera camera_0 started
2026-01-02 11:03:05,621 - camera.camera_manager - INFO - Camera manager started with 1 cameras
2026-01-02 11:03:05,622 - __main__ - INFO - Auto-detecting scanner...
2026-01-02 11:03:05,629 - __main__ - INFO - Found COM3: {'port': 'COM3', 'description': 'USB Serial Device (COM3)', 'hwid': 'USB VID:PID=152A:880F SER=00000000050C LOCATION=1-9'}
2026-01-02 11:03:05,629 - scanner.scanner_manager - INFO - Scanner added: scanner_1 on COM3
2026-01-02 11:03:05,631 - scanner.com_scanner - INFO - Scanner scanner_1 connected on COM3
2026-01-02 11:03:05,632 - scanner.com_scanner - INFO - Scanner scanner_1 reading thread started
2026-01-02 11:03:05,632 - scanner.scanner_manager - INFO - Scanner manager started with 1 scanners
2026-01-02 11:03:05,632 - __main__ - INFO - Scanner started on COM3
2026-01-02 11:03:05,633 - __main__ - INFO - Auto-started scanner on COM3
2026-01-02 11:03:06,037 - __main__ - INFO - Recording limit set to: 12s
2026-01-02 11:03:06,039 - __main__ - INFO - Device states synced with frontend
2026-01-02 11:03:07,561 - camera.camera_manager - WARNING - Camera camera_0 too many failures, reconnecting...
2026-01-02 11:03:10,238 - camera.camera_manager - INFO - Camera camera_0 connected
2026-01-02 11:03:11,506 - camera.camera_manager - INFO - Camera camera_0 stopped
2026-01-02 11:03:11,506 - camera.camera_manager - INFO - Camera manager stopped
2026-01-02 11:03:28,748 - scanner.com_scanner - INFO - Scanner scanner_1 disconnected
2026-01-02 11:03:28,749 - scanner.com_scanner - INFO - Scanner scanner_1 stopped
2026-01-02 11:03:28,752 - scanner.com_scanner - INFO - Scanner scanner_1 connected on COM3
2026-01-02 11:03:28,754 - scanner.com_scanner - INFO - Scanner scanner_1 reading thread started
2026-01-02 11:03:28,754 - scanner.scanner_manager - INFO - Scanner added: scanner_1 on COM3
2026-01-02 11:03:28,754 - scanner.scanner_manager - INFO - Scanner manager started with 1 scanners
2026-01-02 11:03:28,755 - __main__ - INFO - Scanner started on COM3
2026-01-02 11:04:42,838 - scanner.com_scanner - ERROR - Serial error on scanner_1: ClearCommError failed (PermissionError(13, 'The device does not recognize the command.', None, 22))
2026-01-02 11:04:42,839 - scanner.com_scanner - INFO - Scanner scanner_1 disconnected
2026-01-02 11:04:44,843 - scanner.com_scanner - INFO - Scanner scanner_1 connected on COM3
2026-01-02 11:05:21,130 - __main__ - INFO - Starting Lemiex Order Manager (Eel UI)
2026-01-02 11:05:21,130 - __main__ - INFO - Starting as desktop app using Edge
2026-01-02 11:05:22,138 - __main__ - INFO - Desktop app launched with PID: 194316
2026-01-02 11:05:22,542 - geventwebsocket.handler - INFO - 127.0.0.1 - - [2026-01-02 11:05:22] "GET /index.html HTTP/1.1" 200 16760 0.000836
2026-01-02 11:05:22,549 - geventwebsocket.handler - INFO - 127.0.0.1 - - [2026-01-02 11:05:22] "GET /eel.js HTTP/1.1" 200 6399 0.000301
2026-01-02 11:05:22,557 - geventwebsocket.handler - INFO - 127.0.0.1 - - [2026-01-02 11:05:22] "GET /css/style.css HTTP/1.1" 200 7621 0.000622
2026-01-02 11:05:22,566 - geventwebsocket.handler - INFO - 127.0.0.1 - - [2026-01-02 11:05:22] "GET /js/app.js HTTP/1.1" 200 43045 0.000637
2026-01-02 11:05:22,775 - geventwebsocket.handler - INFO - 127.0.0.1 - - [2026-01-02 11:05:22] "GET /favicon.ico HTTP/1.1" 404 882 0.001899
2026-01-02 11:05:24,265 - __main__ - INFO - Auto-starting camera...
2026-01-02 11:05:24,266 - camera.camera_manager - INFO - Camera added: camera_0
2026-01-02 11:05:27,320 - camera.camera_manager - INFO - Camera camera_0 connected
2026-01-02 11:05:27,320 - camera.camera_manager - INFO - Camera camera_0 started
2026-01-02 11:05:27,321 - camera.camera_manager - INFO - Camera manager started with 1 cameras
2026-01-02 11:05:27,321 - __main__ - INFO - Auto-detecting scanner...
2026-01-02 11:05:27,327 - __main__ - INFO - Found COM3: {'port': 'COM3', 'description': 'USB Serial Device (COM3)', 'hwid': 'USB VID:PID=152A:880F SER=00000000050C LOCATION=1-9'}
2026-01-02 11:05:27,328 - scanner.scanner_manager - INFO - Scanner added: scanner_1 on COM3
2026-01-02 11:05:27,329 - scanner.com_scanner - INFO - Scanner scanner_1 connected on COM3
2026-01-02 11:05:27,330 - scanner.com_scanner - INFO - Scanner scanner_1 reading thread started
2026-01-02 11:05:27,330 - scanner.scanner_manager - INFO - Scanner manager started with 1 scanners
2026-01-02 11:05:27,330 - __main__ - INFO - Scanner started on COM3
2026-01-02 11:05:27,330 - __main__ - INFO - Auto-started scanner on COM3
2026-01-02 11:05:27,681 - __main__ - INFO - Recording limit set to: 12s
2026-01-02 11:05:27,682 - __main__ - INFO - Device states synced with frontend
2026-01-02 11:05:29,265 - camera.camera_manager - WARNING - Camera camera_0 too many failures, reconnecting...
2026-01-02 11:05:31,671 - camera.camera_manager - INFO - Camera camera_0 connected
2026-01-02 11:08:09,881 - __main__ - INFO - Starting Lemiex Order Manager (Eel UI)
2026-01-02 11:08:09,882 - __main__ - INFO - Starting as desktop app using Edge
2026-01-02 11:08:10,904 - __main__ - INFO - Desktop app launched with PID: 45636
2026-01-02 11:08:11,396 - geventwebsocket.handler - INFO - 127.0.0.1 - - [2026-01-02 11:08:11] "GET /index.html HTTP/1.1" 200 16760 0.000892
2026-01-02 11:08:11,403 - geventwebsocket.handler - INFO - 127.0.0.1 - - [2026-01-02 11:08:11] "GET /eel.js HTTP/1.1" 200 6399 0.000309
2026-01-02 11:08:11,406 - geventwebsocket.handler - INFO - 127.0.0.1 - - [2026-01-02 11:08:11] "GET /css/style.css HTTP/1.1" 200 7621 0.002019
2026-01-02 11:08:11,407 - geventwebsocket.handler - INFO - 127.0.0.1 - - [2026-01-02 11:08:11] "GET /js/app.js HTTP/1.1" 200 43045 0.000611
2026-01-02 11:08:11,679 - geventwebsocket.handler - INFO - 127.0.0.1 - - [2026-01-02 11:08:11] "GET /favicon.ico HTTP/1.1" 404 882 0.002254
2026-01-02 11:08:13,082 - __main__ - INFO - Auto-starting camera...
2026-01-02 11:08:13,082 - camera.camera_manager - INFO - Camera added: camera_0
2026-01-02 11:08:15,150 - camera.camera_manager - INFO - Camera camera_0 connected
2026-01-02 11:08:15,151 - camera.camera_manager - INFO - Camera camera_0 started
2026-01-02 11:08:15,151 - camera.camera_manager - INFO - Camera manager started with 1 cameras
2026-01-02 11:08:15,151 - __main__ - INFO - Auto-detecting scanner...
2026-01-02 11:08:15,181 - __main__ - INFO - Found COM3: {'port': 'COM3', 'description': 'USB Serial Device (COM3)', 'hwid': 'USB VID:PID=152A:880F SER=00000000050C LOCATION=1-9'}
2026-01-02 11:08:15,181 - scanner.scanner_manager - INFO - Scanner added: scanner_1 on COM3
2026-01-02 11:08:15,182 - scanner.com_scanner - INFO - Scanner scanner_1 connected on COM3
2026-01-02 11:08:15,183 - scanner.com_scanner - INFO - Scanner scanner_1 reading thread started
2026-01-02 11:08:15,183 - scanner.scanner_manager - INFO - Scanner manager started with 1 scanners
2026-01-02 11:08:15,183 - __main__ - INFO - Scanner started on COM3
2026-01-02 11:08:15,183 - __main__ - INFO - Auto-started scanner on COM3
2026-01-02 11:08:15,579 - __main__ - INFO - Recording limit set to: 12s
2026-01-02 11:08:15,581 - __main__ - INFO - Device states synced with frontend
2026-01-02 11:08:17,082 - camera.camera_manager - WARNING - Camera camera_0 too many failures, reconnecting...
2026-01-02 11:08:19,625 - camera.camera_manager - INFO - Camera camera_0 connected
2026-01-02 11:08:47,940 - services.order_service - INFO - Order loaded: #19 (ref: emb8033_577199961819681126)
2026-01-02 11:08:47,941 - activity - INFO - [order_view] Order viewed: #19 (ref: emb8033_577199961819681126)
2026-01-02 11:08:48,033 - camera.camera_manager - INFO - Camera camera_0 started recording: D:\2025 Code\Lemiex-app-qc\temp_videos\order_19_20260102_110847.avi at (1280, 720)
2026-01-02 11:08:48,034 - services.recording_service - INFO - Recording started: 19 -> D:\2025 Code\Lemiex-app-qc\temp_videos\order_19_20260102_110847.avi
2026-01-02 11:08:48,034 - __main__ - INFO - Recording started for order: RecordingSession(id='ea990fbd-0845-44b1-8003-06eae81b7ae9', order_id='19', camera_id='camera_0', status=<RecordingStatus.RECORDING: 'recording'>, start_time=datetime.datetime(2026, 1, 2, 11, 8, 48, 34012), end_time=None, file_path=WindowsPath('D:/2025 Code/Lemiex-app-qc/temp_videos/order_19_20260102_110847.avi'), file_size=0, duration_seconds=0.0, upload_url='', upload_progress=0.0, error_message='', retry_count=0)
2026-01-02 11:08:59,653 - services.order_service - INFO - Order loaded: #18 (ref: emb1429_577119897123721374)
2026-01-02 11:08:59,653 - activity - INFO - [order_view] Order viewed: #18 (ref: emb1429_577119897123721374)
2026-01-02 11:08:59,653 - services.recording_service - INFO - New order, switching from 19 to 18
2026-01-02 11:08:59,655 - camera.camera_manager - INFO - Camera camera_0 stopped recording
2026-01-02 11:08:59,655 - services.recording_service - INFO - Recording stopped: 19, duration: 11.6s
2026-01-02 11:08:59,656 - __main__ - INFO - Recording stopped: RecordingSession(id='ea990fbd-0845-44b1-8003-06eae81b7ae9', order_id='19', camera_id='camera_0', status=<RecordingStatus.PROCESSING: 'processing'>, start_time=datetime.datetime(2026, 1, 2, 11, 8, 48, 34012), end_time=datetime.datetime(2026, 1, 2, 11, 8, 59, 655942), file_path=WindowsPath('D:/2025 Code/Lemiex-app-qc/temp_videos/order_19_20260102_110847.avi'), file_size=0, duration_seconds=11.62193, upload_url='', upload_progress=0.0, error_message='', retry_count=0)
2026-01-02 11:08:59,674 - camera.camera_manager - INFO - Camera camera_0 started recording: D:\2025 Code\Lemiex-app-qc\temp_videos\order_18_20260102_110859.avi at (1280, 720)
2026-01-02 11:08:59,674 - services.recording_service - INFO - Recording started: 18 -> D:\2025 Code\Lemiex-app-qc\temp_videos\order_18_20260102_110859.avi
2026-01-02 11:08:59,675 - __main__ - INFO - Recording started for order: RecordingSession(id='3f3a676e-df90-4669-bebe-3e7cc9804b37', order_id='18', camera_id='camera_0', status=<RecordingStatus.RECORDING: 'recording'>, start_time=datetime.datetime(2026, 1, 2, 11, 8, 59, 674871), end_time=None, file_path=WindowsPath('D:/2025 Code/Lemiex-app-qc/temp_videos/order_18_20260102_110859.avi'), file_size=0, duration_seconds=0.0, upload_url='', upload_progress=0.0, error_message='', retry_count=0)
2026-01-02 11:09:03,508 - services.b2_uploader - ERROR - Failed to initialize B2: Invalid authorization token. Server said:  (bad_auth_token)
2026-01-02 11:09:08,718 - services.order_service - INFO - Order loaded: #19 (ref: emb8033_577199961819681126)
2026-01-02 11:09:08,718 - activity - INFO - [order_view] Order viewed: #19 (ref: emb8033_577199961819681126)
2026-01-02 11:09:08,719 - services.recording_service - INFO - New order, switching from 18 to 19
2026-01-02 11:09:08,721 - camera.camera_manager - INFO - Camera camera_0 stopped recording
2026-01-02 11:09:08,722 - services.recording_service - INFO - Recording stopped: 18, duration: 9.0s
2026-01-02 11:09:08,723 - __main__ - INFO - Recording stopped: RecordingSession(id='3f3a676e-df90-4669-bebe-3e7cc9804b37', order_id='18', camera_id='camera_0', status=<RecordingStatus.PROCESSING: 'processing'>, start_time=datetime.datetime(2026, 1, 2, 11, 8, 59, 674871), end_time=datetime.datetime(2026, 1, 2, 11, 9, 8, 722932), file_path=WindowsPath('D:/2025 Code/Lemiex-app-qc/temp_videos/order_18_20260102_110859.avi'), file_size=0, duration_seconds=9.048061, upload_url='', upload_progress=0.0, error_message='', retry_count=0)
2026-01-02 11:09:08,865 - camera.camera_manager - INFO - Camera camera_0 started recording: D:\2025 Code\Lemiex-app-qc\temp_videos\order_19_20260102_110908.avi at (1280, 720)
2026-01-02 11:09:08,865 - services.recording_service - INFO - Recording started: 19 -> D:\2025 Code\Lemiex-app-qc\temp_videos\order_19_20260102_110908.avi
2026-01-02 11:09:08,867 - __main__ - INFO - Recording started for order: RecordingSession(id='1ab29f49-d7d5-4943-876c-b3da031d960a', order_id='19', camera_id='camera_0', status=<RecordingStatus.RECORDING: 'recording'>, start_time=datetime.datetime(2026, 1, 2, 11, 9, 8, 865856), end_time=None, file_path=WindowsPath('D:/2025 Code/Lemiex-app-qc/temp_videos/order_19_20260102_110908.avi'), file_size=0, duration_seconds=0.0, upload_url='', upload_progress=0.0, error_message='', retry_count=0)
2026-01-02 11:09:10,405 - services.b2_uploader - ERROR - Failed to initialize B2: Invalid authorization token. Server said:  (bad_auth_token)
2026-01-02 11:10:22,197 - __main__ - INFO - Starting Lemiex Order Manager (Eel UI)
2026-01-02 11:10:22,198 - __main__ - INFO - Starting as desktop app using Edge
2026-01-02 11:10:23,207 - __main__ - INFO - Desktop app launched with PID: 275364
2026-01-02 11:10:23,669 - geventwebsocket.handler - INFO - 127.0.0.1 - - [2026-01-02 11:10:23] "GET /index.html HTTP/1.1" 200 16760 0.000870
2026-01-02 11:10:23,676 - geventwebsocket.handler - INFO - 127.0.0.1 - - [2026-01-02 11:10:23] "GET /eel.js HTTP/1.1" 200 6399 0.000333
2026-01-02 11:10:23,677 - geventwebsocket.handler - INFO - 127.0.0.1 - - [2026-01-02 11:10:23] "GET /css/style.css HTTP/1.1" 200 7621 0.000579
2026-01-02 11:10:23,679 - geventwebsocket.handler - INFO - 127.0.0.1 - - [2026-01-02 11:10:23] "GET /js/app.js HTTP/1.1" 200 43045 0.000549
2026-01-02 11:10:23,887 - geventwebsocket.handler - INFO - 127.0.0.1 - - [2026-01-02 11:10:23] "GET /favicon.ico HTTP/1.1" 404 882 0.001829
2026-01-02 11:10:25,266 - __main__ - INFO - Auto-starting camera...
2026-01-02 11:10:25,266 - camera.camera_manager - INFO - Camera added: camera_0
2026-01-02 11:10:27,360 - camera.camera_manager - INFO - Camera camera_0 connected
2026-01-02 11:10:27,360 - camera.camera_manager - INFO - Camera camera_0 started
2026-01-02 11:10:27,360 - camera.camera_manager - INFO - Camera manager started with 1 cameras
2026-01-02 11:10:27,361 - __main__ - INFO - Auto-detecting scanner...
2026-01-02 11:10:27,366 - __main__ - INFO - Found COM3: {'port': 'COM3', 'description': 'USB Serial Device (COM3)', 'hwid': 'USB VID:PID=152A:880F SER=00000000050C LOCATION=1-9'}
2026-01-02 11:10:27,366 - scanner.scanner_manager - INFO - Scanner added: scanner_1 on COM3
2026-01-02 11:10:27,368 - scanner.com_scanner - INFO - Scanner scanner_1 connected on COM3
2026-01-02 11:10:27,368 - scanner.com_scanner - INFO - Scanner scanner_1 reading thread started
2026-01-02 11:10:27,368 - scanner.scanner_manager - INFO - Scanner manager started with 1 scanners
2026-01-02 11:10:27,368 - __main__ - INFO - Scanner started on COM3
2026-01-02 11:10:27,369 - __main__ - INFO - Auto-started scanner on COM3
2026-01-02 11:10:27,754 - __main__ - INFO - Recording limit set to: 12s
2026-01-02 11:10:27,754 - __main__ - INFO - Device states synced with frontend
2026-01-02 11:10:29,263 - camera.camera_manager - WARNING - Camera camera_0 too many failures, reconnecting...
2026-01-02 11:10:31,805 - camera.camera_manager - INFO - Camera camera_0 connected
2026-01-02 11:10:34,880 - scanner.com_scanner - INFO - Decoded text from scanner_1: 'https://manage.lemiex.us/track/20?stt=1&item_id=1?item_id=20'
2026-01-02 11:10:45,448 - scanner.com_scanner - INFO - Decoded text from scanner_1: 'https://manage.lemiex.us/track/20?stt=1&item_id=1?item_id=20'
2026-01-02 11:12:17,402 - __main__ - INFO - Starting Lemiex Order Manager (Eel UI)
2026-01-02 11:12:17,403 - __main__ - INFO - Starting as desktop app using Edge
2026-01-02 11:12:18,410 - __main__ - INFO - Desktop app launched with PID: 346320
2026-01-02 11:12:18,830 - geventwebsocket.handler - INFO - 127.0.0.1 - - [2026-01-02 11:12:18] "GET /index.html HTTP/1.1" 200 16760 0.000762
2026-01-02 11:12:18,848 - geventwebsocket.handler - INFO - 127.0.0.1 - - [2026-01-02 11:12:18] "GET /eel.js HTTP/1.1" 200 6399 0.000257
2026-01-02 11:12:18,850 - geventwebsocket.handler - INFO - 127.0.0.1 - - [2026-01-02 11:12:18] "GET /css/style.css HTTP/1.1" 200 7621 0.000698
2026-01-02 11:12:18,852 - geventwebsocket.handler - INFO - 127.0.0.1 - - [2026-01-02 11:12:18] "GET /js/app.js HTTP/1.1" 200 43045 0.000548
2026-01-02 11:12:19,058 - geventwebsocket.handler - INFO - 127.0.0.1 - - [2026-01-02 11:12:19] "GET /favicon.ico HTTP/1.1" 404 882 0.002294
2026-01-02 11:12:20,461 - __main__ - INFO - Auto-starting camera...
2026-01-02 11:12:20,461 - camera.camera_manager - INFO - Camera added: camera_0
2026-01-02 11:12:23,217 - camera.camera_manager - INFO - Camera camera_0 connected
2026-01-02 11:12:23,217 - camera.camera_manager - INFO - Camera camera_0 started
2026-01-02 11:12:23,217 - camera.camera_manager - INFO - Camera manager started with 1 cameras
2026-01-02 11:12:23,218 - __main__ - INFO - Auto-detecting scanner...
2026-01-02 11:12:23,223 - __main__ - INFO - Found COM3: {'port': 'COM3', 'description': 'USB Serial Device (COM3)', 'hwid': 'USB VID:PID=152A:880F SER=00000000050C LOCATION=1-9'}
2026-01-02 11:12:23,223 - scanner.scanner_manager - INFO - Scanner added: scanner_1 on COM3
2026-01-02 11:12:23,225 - scanner.com_scanner - INFO - Scanner scanner_1 connected on COM3
2026-01-02 11:12:23,225 - scanner.com_scanner - INFO - Scanner scanner_1 reading thread started
2026-01-02 11:12:23,225 - scanner.scanner_manager - INFO - Scanner manager started with 1 scanners
2026-01-02 11:12:23,225 - __main__ - INFO - Scanner started on COM3
2026-01-02 11:12:23,225 - __main__ - INFO - Auto-started scanner on COM3
2026-01-02 11:12:23,579 - __main__ - INFO - Recording limit set to: 12s
2026-01-02 11:12:23,580 - __main__ - INFO - Device states synced with frontend
2026-01-02 11:12:25,122 - camera.camera_manager - WARNING - Camera camera_0 too many failures, reconnecting...
2026-01-02 11:12:27,537 - camera.camera_manager - INFO - Camera camera_0 connected
2026-01-02 11:12:32,586 - scanner.com_scanner - INFO - Decoded text from scanner_1: 'https://manage.lemiex.us/track/20?stt=1&item_id=1?item_id=20'
2026-01-02 11:12:32,586 - scanner.com_scanner - INFO - Scanner scanner_1 scan: https://manage.lemiex.us/track/20?stt=1&item_id=1?item_id=20
2026-01-02 11:12:32,587 - scanner.scanner_manager - ERROR - Scan handler error: 'ScanResult' object has no attribute 'data'
2026-01-02 11:12:35,632 - scanner.com_scanner - INFO - Decoded text from scanner_1: 'https://manage.lemiex.us/track/20?stt=1&item_id=1?item_id=20'
2026-01-02 11:12:35,633 - scanner.com_scanner - INFO - Scanner scanner_1 scan: https://manage.lemiex.us/track/20?stt=1&item_id=1?item_id=20
2026-01-02 11:12:35,633 - scanner.scanner_manager - ERROR - Scan handler error: 'ScanResult' object has no attribute 'data'
2026-01-02 11:18:59,446 - __main__ - INFO - Starting Lemiex Order Manager (Eel UI)
2026-01-02 11:18:59,447 - __main__ - INFO - Starting as desktop app using Edge
2026-01-02 11:19:00,503 - __main__ - INFO - Desktop app launched with PID: 430668
2026-01-02 11:19:00,943 - geventwebsocket.handler - INFO - 127.0.0.1 - - [2026-01-02 11:19:00] "GET /index.html HTTP/1.1" 200 16760 0.000828
2026-01-02 11:19:00,949 - geventwebsocket.handler - INFO - 127.0.0.1 - - [2026-01-02 11:19:00] "GET /eel.js HTTP/1.1" 200 6399 0.000466
2026-01-02 11:19:00,951 - geventwebsocket.handler - INFO - 127.0.0.1 - - [2026-01-02 11:19:00] "GET /css/style.css HTTP/1.1" 200 7621 0.000665
2026-01-02 11:19:00,953 - geventwebsocket.handler - INFO - 127.0.0.1 - - [2026-01-02 11:19:00] "GET /js/app.js HTTP/1.1" 200 49512 0.000629
2026-01-02 11:19:01,199 - geventwebsocket.handler - INFO - 127.0.0.1 - - [2026-01-02 11:19:01] "GET /favicon.ico HTTP/1.1" 404 882 0.002272
2026-01-02 11:19:02,588 - __main__ - INFO - Auto-starting camera...
2026-01-02 11:19:02,588 - camera.camera_manager - INFO - Camera added: camera_0
2026-01-02 11:19:04,652 - camera.camera_manager - INFO - Camera camera_0 connected
2026-01-02 11:19:04,653 - camera.camera_manager - INFO - Camera camera_0 started
2026-01-02 11:19:04,654 - camera.camera_manager - INFO - Camera manager started with 1 cameras
2026-01-02 11:19:04,655 - __main__ - INFO - Auto-detecting scanner...
2026-01-02 11:19:04,663 - __main__ - INFO - Found COM3: {'port': 'COM3', 'description': 'USB Serial Device (COM3)', 'hwid': 'USB VID:PID=152A:880F SER=00000000050C LOCATION=1-9'}
2026-01-02 11:19:04,663 - scanner.scanner_manager - INFO - Scanner added: scanner_1 on COM3
2026-01-02 11:19:04,665 - scanner.com_scanner - INFO - Scanner scanner_1 connected on COM3
2026-01-02 11:19:04,666 - scanner.com_scanner - INFO - Scanner scanner_1 reading thread started
2026-01-02 11:19:04,666 - scanner.scanner_manager - INFO - Scanner manager started with 1 scanners
2026-01-02 11:19:04,667 - __main__ - INFO - Scanner started on COM3
2026-01-02 11:19:04,667 - __main__ - INFO - Auto-started scanner on COM3
2026-01-02 11:19:05,044 - __main__ - INFO - Recording limit set to: 12s
2026-01-02 11:19:05,046 - __main__ - INFO - Device states synced with frontend
2026-01-02 11:19:06,598 - camera.camera_manager - WARNING - Camera camera_0 too many failures, reconnecting...
2026-01-02 11:19:09,228 - camera.camera_manager - INFO - Camera camera_0 connected
2026-01-02 11:19:38,672 - scanner.com_scanner - INFO - Decoded text from scanner_1: 'https://manage.lemiex.us/track/20?stt=1&item_id=1?item_id=20'
2026-01-02 11:19:38,673 - scanner.com_scanner - INFO - Scanner scanner_1 scan: https://manage.lemiex.us/track/20?stt=1&item_id=1?item_id=20
2026-01-02 11:19:38,673 - __main__ - INFO - Scan received: https://manage.lemiex.us/track/20?stt=1&item_id=1?item_id=20
2026-01-02 11:19:38,673 - __main__ - INFO - Calling track API: https://manage.lemiex.us/api/orders/track/20?stt=1&item_id=1?item_id=20
2026-01-02 11:19:38,673 - __main__ - ERROR - Track API error: name 'requests' is not defined
2026-01-02 11:19:40,298 - services.order_service - INFO - Order loaded: #20 (ref: emb1538_577124192714462077)
2026-01-02 11:19:40,299 - activity - INFO - [order_view] Order viewed: #20 (ref: emb1538_577124192714462077)
2026-01-02 11:19:40,308 - camera.camera_manager - INFO - Camera camera_0 started recording: D:\2025 Code\Lemiex-app-qc\temp_videos\order_20_20260102_111940.avi at (1280, 720)
2026-01-02 11:19:40,309 - services.recording_service - INFO - Recording started: 20 -> D:\2025 Code\Lemiex-app-qc\temp_videos\order_20_20260102_111940.avi
2026-01-02 11:19:40,309 - __main__ - INFO - Recording started for order: RecordingSession(id='37815396-e56e-424c-9c61-fdae0aa4975e', order_id='20', camera_id='camera_0', status=<RecordingStatus.RECORDING: 'recording'>, start_time=datetime.datetime(2026, 1, 2, 11, 19, 40, 309073), end_time=None, file_path=WindowsPath('D:/2025 Code/Lemiex-app-qc/temp_videos/order_20_20260102_111940.avi'), file_size=0, duration_seconds=0.0, upload_url='', upload_progress=0.0, error_message='', retry_count=0)
2026-01-02 11:19:52,314 - __main__ - INFO - Recording limit reached: 12s >= 12s
2026-01-02 11:19:52,315 - camera.camera_manager - INFO - Camera camera_0 stopped recording
2026-01-02 11:19:52,315 - services.recording_service - INFO - Recording stopped: 20, duration: 12.0s
2026-01-02 11:19:52,316 - __main__ - INFO - Recording stopped: RecordingSession(id='37815396-e56e-424c-9c61-fdae0aa4975e', order_id='20', camera_id='camera_0', status=<RecordingStatus.PROCESSING: 'processing'>, start_time=datetime.datetime(2026, 1, 2, 11, 19, 40, 309073), end_time=datetime.datetime(2026, 1, 2, 11, 19, 52, 315908), file_path=WindowsPath('D:/2025 Code/Lemiex-app-qc/temp_videos/order_20_20260102_111940.avi'), file_size=0, duration_seconds=12.006835, upload_url='', upload_progress=0.0, error_message='', retry_count=0)
2026-01-02 11:19:53,749 - services.b2_uploader - ERROR - Failed to initialize B2: Invalid authorization token. Server said:  (bad_auth_token)
2026-01-02 11:20:01,978 - scanner.com_scanner - INFO - Decoded text from scanner_1: 'https://manage.lemiex.us/track/20?stt=1&item_id=1?item_id=20'
2026-01-02 11:20:01,978 - scanner.com_scanner - INFO - Scanner scanner_1 scan: https://manage.lemiex.us/track/20?stt=1&item_id=1?item_id=20
2026-01-02 11:20:01,979 - __main__ - INFO - Scan received: https://manage.lemiex.us/track/20?stt=1&item_id=1?item_id=20
2026-01-02 11:20:01,980 - __main__ - INFO - Calling track API: https://manage.lemiex.us/api/orders/track/20?stt=1&item_id=1?item_id=20
2026-01-02 11:20:01,980 - __main__ - ERROR - Track API error: name 'requests' is not defined
2026-01-02 11:20:02,312 - services.order_service - INFO - Order loaded: #20 (ref: emb1538_577124192714462077)
2026-01-02 11:20:02,313 - activity - INFO - [order_view] Order viewed: #20 (ref: emb1538_577124192714462077)
2026-01-02 11:20:02,357 - camera.camera_manager - INFO - Camera camera_0 started recording: D:\2025 Code\Lemiex-app-qc\temp_videos\order_20_20260102_112002.avi at (1280, 720)
2026-01-02 11:20:02,357 - services.recording_service - INFO - Recording started: 20 -> D:\2025 Code\Lemiex-app-qc\temp_videos\order_20_20260102_112002.avi
2026-01-02 11:20:02,357 - __main__ - INFO - Recording started for order: RecordingSession(id='ae722dfa-fb89-48b3-b452-5d9b3d51bd14', order_id='20', camera_id='camera_0', status=<RecordingStatus.RECORDING: 'recording'>, start_time=datetime.datetime(2026, 1, 2, 11, 20, 2, 357702), end_time=None, file_path=WindowsPath('D:/2025 Code/Lemiex-app-qc/temp_videos/order_20_20260102_112002.avi'), file_size=0, duration_seconds=0.0, upload_url='', upload_progress=0.0, error_message='', retry_count=0)
2026-01-02 11:20:14,368 - __main__ - INFO - Recording limit reached: 12s >= 12s
2026-01-02 11:20:14,370 - camera.camera_manager - INFO - Camera camera_0 stopped recording
2026-01-02 11:20:14,372 - services.recording_service - INFO - Recording stopped: 20, duration: 12.0s
2026-01-02 11:20:14,373 - __main__ - INFO - Recording stopped: RecordingSession(id='ae722dfa-fb89-48b3-b452-5d9b3d51bd14', order_id='20', camera_id='camera_0', status=<RecordingStatus.PROCESSING: 'processing'>, start_time=datetime.datetime(2026, 1, 2, 11, 20, 2, 357702), end_time=datetime.datetime(2026, 1, 2, 11, 20, 14, 372924), file_path=WindowsPath('D:/2025 Code/Lemiex-app-qc/temp_videos/order_20_20260102_112002.avi'), file_size=0, duration_seconds=12.015222, upload_url='', upload_progress=0.0, error_message='', retry_count=0)
2026-01-02 11:20:15,594 - services.b2_uploader - ERROR - Failed to initialize B2: Invalid authorization token. Server said:  (bad_auth_token)
2026-01-02 11:26:56,478 - __main__ - INFO - Starting Lemiex Order Manager (Eel UI)
2026-01-02 11:26:56,479 - __main__ - INFO - Starting as desktop app using Edge
2026-01-02 11:26:57,487 - __main__ - INFO - Desktop app launched with PID: 279288
2026-01-02 11:26:57,911 - geventwebsocket.handler - INFO - 127.0.0.1 - - [2026-01-02 11:26:57] "GET /index.html HTTP/1.1" 200 16760 0.000917
2026-01-02 11:26:57,918 - geventwebsocket.handler - INFO - 127.0.0.1 - - [2026-01-02 11:26:57] "GET /eel.js HTTP/1.1" 200 6399 0.000322
2026-01-02 11:26:57,920 - geventwebsocket.handler - INFO - 127.0.0.1 - - [2026-01-02 11:26:57] "GET /css/style.css HTTP/1.1" 200 7621 0.000761
2026-01-02 11:26:57,922 - geventwebsocket.handler - INFO - 127.0.0.1 - - [2026-01-02 11:26:57] "GET /js/app.js HTTP/1.1" 200 52185 0.000838
2026-01-02 11:26:58,155 - geventwebsocket.handler - INFO - 127.0.0.1 - - [2026-01-02 11:26:58] "GET /favicon.ico HTTP/1.1" 404 882 0.002364
2026-01-02 11:26:59,569 - __main__ - INFO - Auto-starting camera...
2026-01-02 11:26:59,569 - camera.camera_manager - INFO - Camera added: camera_0
2026-01-02 11:27:01,867 - camera.camera_manager - INFO - Camera camera_0 connected
2026-01-02 11:27:01,868 - camera.camera_manager - INFO - Camera camera_0 started
2026-01-02 11:27:01,868 - camera.camera_manager - INFO - Camera manager started with 1 cameras
2026-01-02 11:27:01,869 - __main__ - INFO - Auto-detecting scanner...
2026-01-02 11:27:01,877 - __main__ - INFO - Found COM3: {'port': 'COM3', 'description': 'USB Serial Device (COM3)', 'hwid': 'USB VID:PID=152A:880F SER=00000000050C LOCATION=1-9'}
2026-01-02 11:27:01,878 - scanner.scanner_manager - INFO - Scanner added: scanner_1 on COM3
2026-01-02 11:27:01,880 - scanner.com_scanner - INFO - Scanner scanner_1 connected on COM3
2026-01-02 11:27:01,881 - scanner.com_scanner - INFO - Scanner scanner_1 reading thread started
2026-01-02 11:27:01,881 - scanner.scanner_manager - INFO - Scanner manager started with 1 scanners
2026-01-02 11:27:01,881 - __main__ - INFO - Scanner started on COM3
2026-01-02 11:27:01,881 - __main__ - INFO - Auto-started scanner on COM3
2026-01-02 11:27:02,291 - __main__ - INFO - Recording limit set to: 12s
2026-01-02 11:27:02,293 - __main__ - INFO - Device states synced with frontend
2026-01-02 11:27:03,813 - camera.camera_manager - WARNING - Camera camera_0 too many failures, reconnecting...
2026-01-02 11:27:06,608 - camera.camera_manager - INFO - Camera camera_0 connected
2026-01-02 11:27:41,213 - scanner.com_scanner - INFO - Decoded text from scanner_1: 'https://manage.lemiex.us/track/20?stt=1&item_id=1?item_id=20'
2026-01-02 11:27:41,214 - scanner.com_scanner - INFO - Scanner scanner_1 scan: https://manage.lemiex.us/track/20?stt=1&item_id=1?item_id=20
2026-01-02 11:27:41,214 - __main__ - INFO - Scan received: https://manage.lemiex.us/track/20?stt=1&item_id=1?item_id=20
2026-01-02 11:27:41,214 - __main__ - INFO - Calling track API: https://manage.lemiex.us/api/orders/track/20?stt=1&item_id=1?item_id=20
2026-01-02 11:27:41,214 - __main__ - ERROR - Track API error: 'OrderService' object has no attribute 'auth_headers'
2026-01-02 11:27:41,494 - services.order_service - INFO - Order loaded: #20 (ref: emb1538_577124192714462077)
2026-01-02 11:27:41,495 - activity - INFO - [order_view] Order viewed: #20 (ref: emb1538_577124192714462077)
2026-01-02 11:27:41,506 - camera.camera_manager - INFO - Camera camera_0 started recording: D:\2025 Code\Lemiex-app-qc\temp_videos\order_20_20260102_112741.avi at (1280, 720)
2026-01-02 11:27:41,506 - services.recording_service - INFO - Recording started: 20 -> D:\2025 Code\Lemiex-app-qc\temp_videos\order_20_20260102_112741.avi
2026-01-02 11:27:41,506 - __main__ - INFO - Recording started for order: RecordingSession(id='4f35777e-543f-4544-b221-81ad30efb2be', order_id='20', camera_id='camera_0', status=<RecordingStatus.RECORDING: 'recording'>, start_time=datetime.datetime(2026, 1, 2, 11, 27, 41, 506712), end_time=None, file_path=WindowsPath('D:/2025 Code/Lemiex-app-qc/temp_videos/order_20_20260102_112741.avi'), file_size=0, duration_seconds=0.0, upload_url='', upload_progress=0.0, error_message='', retry_count=0)
2026-01-02 11:27:53,519 - __main__ - INFO - Recording limit reached: 12s >= 12s
2026-01-02 11:27:53,521 - camera.camera_manager - INFO - Camera camera_0 stopped recording
2026-01-02 11:27:53,522 - services.recording_service - INFO - Recording stopped: 20, duration: 12.0s
2026-01-02 11:27:53,522 - __main__ - INFO - Recording stopped: RecordingSession(id='4f35777e-543f-4544-b221-81ad30efb2be', order_id='20', camera_id='camera_0', status=<RecordingStatus.PROCESSING: 'processing'>, start_time=datetime.datetime(2026, 1, 2, 11, 27, 41, 506712), end_time=datetime.datetime(2026, 1, 2, 11, 27, 53, 522045), file_path=WindowsPath('D:/2025 Code/Lemiex-app-qc/temp_videos/order_20_20260102_112741.avi'), file_size=0, duration_seconds=12.015333, upload_url='', upload_progress=0.0, error_message='', retry_count=0)
2026-01-02 11:27:55,146 - services.b2_uploader - ERROR - Failed to initialize B2: Invalid authorization token. Server said:  (bad_auth_token)
2026-01-02 11:28:25,349 - scanner.com_scanner - INFO - Decoded text from scanner_1: 'https://manage.lemiex.us/track/20?stt=2&item_id=2?item_id=21'
2026-01-02 11:28:25,350 - scanner.com_scanner - INFO - Scanner scanner_1 scan: https://manage.lemiex.us/track/20?stt=2&item_id=2?item_id=21
2026-01-02 11:28:25,351 - __main__ - INFO - Scan received: https://manage.lemiex.us/track/20?stt=2&item_id=2?item_id=21
2026-01-02 11:28:25,351 - __main__ - INFO - Calling track API: https://manage.lemiex.us/api/orders/track/20?stt=2&item_id=2?item_id=21
2026-01-02 11:28:25,351 - __main__ - ERROR - Track API error: 'OrderService' object has no attribute 'auth_headers'
2026-01-02 11:28:25,642 - services.order_service - INFO - Order loaded: #20 (ref: emb1538_577124192714462077)
2026-01-02 11:28:25,714 - activity - INFO - [order_view] Order viewed: #20 (ref: emb1538_577124192714462077)
2026-01-02 11:28:25,740 - camera.camera_manager - INFO - Camera camera_0 started recording: D:\2025 Code\Lemiex-app-qc\temp_videos\order_20_20260102_112825.avi at (1280, 720)
2026-01-02 11:28:25,749 - services.recording_service - INFO - Recording started: 20 -> D:\2025 Code\Lemiex-app-qc\temp_videos\order_20_20260102_112825.avi
2026-01-02 11:28:25,750 - __main__ - INFO - Recording started for order: RecordingSession(id='93cd9ebe-8386-41eb-b65e-237c21ab1c0d', order_id='20', camera_id='camera_0', status=<RecordingStatus.RECORDING: 'recording'>, start_time=datetime.datetime(2026, 1, 2, 11, 28, 25, 749172), end_time=None, file_path=WindowsPath('D:/2025 Code/Lemiex-app-qc/temp_videos/order_20_20260102_112825.avi'), file_size=0, duration_seconds=0.0, upload_url='', upload_progress=0.0, error_message='', retry_count=0)
2026-01-02 11:28:37,935 - __main__ - INFO - Recording limit reached: 12s >= 12s
2026-01-02 11:28:37,940 - camera.camera_manager - INFO - Camera camera_0 stopped recording
2026-01-02 11:28:37,940 - services.recording_service - INFO - Recording stopped: 20, duration: 12.2s
2026-01-02 11:28:37,940 - __main__ - INFO - Recording stopped: RecordingSession(id='93cd9ebe-8386-41eb-b65e-237c21ab1c0d', order_id='20', camera_id='camera_0', status=<RecordingStatus.PROCESSING: 'processing'>, start_time=datetime.datetime(2026, 1, 2, 11, 28, 25, 749172), end_time=datetime.datetime(2026, 1, 2, 11, 28, 37, 940486), file_path=WindowsPath('D:/2025 Code/Lemiex-app-qc/temp_videos/order_20_20260102_112825.avi'), file_size=0, duration_seconds=12.191314, upload_url='', upload_progress=0.0, error_message='', retry_count=0)
2026-01-02 11:28:38,932 - services.b2_uploader - ERROR - Failed to initialize B2: Invalid authorization token. Server said:  (bad_auth_token)
2026-01-02 11:32:46,117 - __main__ - INFO - Starting Lemiex Order Manager (Eel UI)
2026-01-02 11:32:46,118 - __main__ - INFO - Starting as desktop app using Edge
2026-01-02 11:32:47,126 - __main__ - INFO - Desktop app launched with PID: 58672
2026-01-02 11:32:47,537 - geventwebsocket.handler - INFO - 127.0.0.1 - - [2026-01-02 11:32:47] "GET /index.html HTTP/1.1" 200 16760 0.000900
2026-01-02 11:32:47,546 - geventwebsocket.handler - INFO - 127.0.0.1 - - [2026-01-02 11:32:47] "GET /eel.js HTTP/1.1" 200 6399 0.000355
2026-01-02 11:32:47,548 - geventwebsocket.handler - INFO - 127.0.0.1 - - [2026-01-02 11:32:47] "GET /css/style.css HTTP/1.1" 200 7621 0.000642
2026-01-02 11:32:47,551 - geventwebsocket.handler - INFO - 127.0.0.1 - - [2026-01-02 11:32:47] "GET /js/app.js HTTP/1.1" 200 52185 0.000818
2026-01-02 11:32:47,795 - geventwebsocket.handler - INFO - 127.0.0.1 - - [2026-01-02 11:32:47] "GET /favicon.ico HTTP/1.1" 404 882 0.001892
2026-01-02 11:32:49,177 - __main__ - INFO - Auto-starting camera...
2026-01-02 11:32:49,178 - camera.camera_manager - INFO - Camera added: camera_0
2026-01-02 11:32:51,363 - camera.camera_manager - INFO - Camera camera_0 connected
2026-01-02 11:32:51,364 - camera.camera_manager - INFO - Camera camera_0 started
2026-01-02 11:32:51,364 - camera.camera_manager - INFO - Camera manager started with 1 cameras
2026-01-02 11:32:51,364 - __main__ - INFO - Auto-detecting scanner...
2026-01-02 11:32:51,369 - __main__ - INFO - Found COM3: {'port': 'COM3', 'description': 'USB Serial Device (COM3)', 'hwid': 'USB VID:PID=152A:880F SER=00000000050C LOCATION=1-9'}
2026-01-02 11:32:51,370 - scanner.scanner_manager - INFO - Scanner added: scanner_1 on COM3
2026-01-02 11:32:51,371 - scanner.com_scanner - INFO - Scanner scanner_1 connected on COM3
2026-01-02 11:32:51,372 - scanner.com_scanner - INFO - Scanner scanner_1 reading thread started
2026-01-02 11:32:51,372 - scanner.scanner_manager - INFO - Scanner manager started with 1 scanners
2026-01-02 11:32:51,372 - __main__ - INFO - Scanner started on COM3
2026-01-02 11:32:51,372 - __main__ - INFO - Auto-started scanner on COM3
2026-01-02 11:32:51,722 - __main__ - INFO - Recording limit set to: 12s
2026-01-02 11:32:51,723 - __main__ - INFO - Device states synced with frontend
2026-01-02 11:32:53,267 - camera.camera_manager - WARNING - Camera camera_0 too many failures, reconnecting...
2026-01-02 11:32:55,872 - camera.camera_manager - INFO - Camera camera_0 connected
2026-01-02 11:33:04,902 - scanner.com_scanner - INFO - Decoded text from scanner_1: 'https://manage.lemiex.us/track/20?stt=2&item_id=2?item_id=21'
2026-01-02 11:33:04,902 - scanner.com_scanner - INFO - Scanner scanner_1 scan: https://manage.lemiex.us/track/20?stt=2&item_id=2?item_id=21
2026-01-02 11:33:04,902 - __main__ - INFO - Scan received: https://manage.lemiex.us/track/20?stt=2&item_id=2?item_id=21
2026-01-02 11:33:04,902 - __main__ - INFO - Calling track API: https://manage.lemiex.us/api/orders/track/20?stt=2&item_id=2?item_id=21
2026-01-02 11:33:07,385 - __main__ - INFO - Track API response success
2026-01-02 11:39:16,547 - __main__ - INFO - Starting Lemiex Order Manager (Eel UI)
2026-01-02 11:39:16,547 - __main__ - INFO - Starting as desktop app using Edge
2026-01-02 11:39:17,556 - __main__ - INFO - Desktop app launched with PID: 389104
2026-01-02 11:39:17,973 - geventwebsocket.handler - INFO - 127.0.0.1 - - [2026-01-02 11:39:17] "GET /index.html HTTP/1.1" 200 16760 0.000904
2026-01-02 11:39:17,980 - geventwebsocket.handler - INFO - 127.0.0.1 - - [2026-01-02 11:39:17] "GET /eel.js HTTP/1.1" 200 6399 0.000316
2026-01-02 11:39:17,983 - geventwebsocket.handler - INFO - 127.0.0.1 - - [2026-01-02 11:39:17] "GET /css/style.css HTTP/1.1" 200 7621 0.001298
2026-01-02 11:39:17,985 - geventwebsocket.handler - INFO - 127.0.0.1 - - [2026-01-02 11:39:17] "GET /js/app.js HTTP/1.1" 200 57961 0.000821
2026-01-02 11:39:18,262 - geventwebsocket.handler - INFO - 127.0.0.1 - - [2026-01-02 11:39:18] "GET /favicon.ico HTTP/1.1" 404 882 0.002728
2026-01-02 11:39:19,663 - __main__ - INFO - Auto-starting camera...
2026-01-02 11:39:19,663 - camera.camera_manager - INFO - Camera added: camera_0
2026-01-02 11:39:22,002 - camera.camera_manager - INFO - Camera camera_0 connected
2026-01-02 11:39:22,003 - camera.camera_manager - INFO - Camera camera_0 started
2026-01-02 11:39:22,003 - camera.camera_manager - INFO - Camera manager started with 1 cameras
2026-01-02 11:39:22,003 - __main__ - INFO - Auto-detecting scanner...
2026-01-02 11:39:22,009 - __main__ - INFO - Found COM3: {'port': 'COM3', 'description': 'USB Serial Device (COM3)', 'hwid': 'USB VID:PID=152A:880F SER=00000000050C LOCATION=1-9'}
2026-01-02 11:39:22,009 - scanner.scanner_manager - INFO - Scanner added: scanner_1 on COM3
2026-01-02 11:39:22,010 - scanner.com_scanner - INFO - Scanner scanner_1 connected on COM3
2026-01-02 11:39:22,011 - scanner.com_scanner - INFO - Scanner scanner_1 reading thread started
2026-01-02 11:39:22,011 - scanner.scanner_manager - INFO - Scanner manager started with 1 scanners
2026-01-02 11:39:22,011 - __main__ - INFO - Scanner started on COM3
2026-01-02 11:39:22,011 - __main__ - INFO - Auto-started scanner on COM3
2026-01-02 11:39:22,403 - __main__ - INFO - Recording limit set to: 12s
2026-01-02 11:39:22,404 - __main__ - INFO - Device states synced with frontend
2026-01-02 11:39:23,908 - camera.camera_manager - WARNING - Camera camera_0 too many failures, reconnecting...
2026-01-02 11:39:26,379 - camera.camera_manager - INFO - Camera camera_0 connected
2026-01-02 11:39:32,918 - scanner.com_scanner - INFO - Decoded text from scanner_1: 'https://manage.lemiex.us/track/20?stt=2&item_id=2?item_id=21'
2026-01-02 11:39:32,918 - scanner.com_scanner - INFO - Scanner scanner_1 scan: https://manage.lemiex.us/track/20?stt=2&item_id=2?item_id=21
2026-01-02 11:39:32,919 - __main__ - INFO - Scan received: https://manage.lemiex.us/track/20?stt=2&item_id=2?item_id=21
2026-01-02 11:39:32,919 - __main__ - INFO - Calling track API: https://manage.lemiex.us/api/orders/track/20?stt=2&item_id=2?item_id=21
2026-01-02 11:39:34,068 - __main__ - INFO - Track API response success
2026-01-02 11:40:10,990 - __main__ - ERROR - Activate QC error: 'EelApp' object has no attribute 'auth_service'
2026-01-02 11:46:19,366 - __main__ - INFO - Starting Lemiex Order Manager (Eel UI)
2026-01-02 11:46:19,366 - __main__ - INFO - Starting as desktop app using Edge
2026-01-02 11:46:20,375 - __main__ - INFO - Desktop app launched with PID: 145168
2026-01-02 11:46:20,797 - geventwebsocket.handler - INFO - 127.0.0.1 - - [2026-01-02 11:46:20] "GET /index.html HTTP/1.1" 200 16760 0.000926
2026-01-02 11:46:20,805 - geventwebsocket.handler - INFO - 127.0.0.1 - - [2026-01-02 11:46:20] "GET /eel.js HTTP/1.1" 200 6415 0.000450
2026-01-02 11:46:20,806 - geventwebsocket.handler - INFO - 127.0.0.1 - - [2026-01-02 11:46:20] "GET /css/style.css HTTP/1.1" 200 7621 0.000552
2026-01-02 11:46:20,808 - geventwebsocket.handler - INFO - 127.0.0.1 - - [2026-01-02 11:46:20] "GET /js/app.js HTTP/1.1" 200 60150 0.000616
2026-01-02 11:46:21,025 - geventwebsocket.handler - INFO - 127.0.0.1 - - [2026-01-02 11:46:21] "GET /favicon.ico HTTP/1.1" 404 882 0.002661
2026-01-02 11:46:22,466 - __main__ - INFO - Auto-starting camera...
2026-01-02 11:46:22,467 - camera.camera_manager - INFO - Camera added: camera_0
2026-01-02 11:46:24,950 - camera.camera_manager - INFO - Camera camera_0 connected
2026-01-02 11:46:24,951 - camera.camera_manager - INFO - Camera camera_0 started
2026-01-02 11:46:24,951 - camera.camera_manager - INFO - Camera manager started with 1 cameras
2026-01-02 11:46:24,952 - __main__ - INFO - Auto-detecting scanner...
2026-01-02 11:46:24,959 - __main__ - INFO - Found COM3: {'port': 'COM3', 'description': 'USB Serial Device (COM3)', 'hwid': 'USB VID:PID=152A:880F SER=00000000050C LOCATION=1-9'}
2026-01-02 11:46:24,959 - scanner.scanner_manager - INFO - Scanner added: scanner_1 on COM3
2026-01-02 11:46:24,961 - scanner.com_scanner - INFO - Scanner scanner_1 connected on COM3
2026-01-02 11:46:24,961 - scanner.com_scanner - INFO - Scanner scanner_1 reading thread started
2026-01-02 11:46:24,962 - scanner.scanner_manager - INFO - Scanner manager started with 1 scanners
2026-01-02 11:46:24,962 - __main__ - INFO - Scanner started on COM3
2026-01-02 11:46:24,962 - __main__ - INFO - Auto-started scanner on COM3
2026-01-02 11:46:25,393 - __main__ - INFO - Recording limit set to: 12s
2026-01-02 11:46:25,395 - __main__ - INFO - Device states synced with frontend
2026-01-02 11:46:26,889 - camera.camera_manager - WARNING - Camera camera_0 too many failures, reconnecting...
2026-01-02 11:46:29,284 - camera.camera_manager - INFO - Camera camera_0 connected
2026-01-02 11:46:31,172 - scanner.com_scanner - INFO - Decoded text from scanner_1: 'https://manage.lemiex.us/track/20?stt=2&item_id=2?item_id=21'
2026-01-02 11:46:31,172 - scanner.com_scanner - INFO - Scanner scanner_1 scan: https://manage.lemiex.us/track/20?stt=2&item_id=2?item_id=21
2026-01-02 11:46:31,174 - __main__ - INFO - Scan received: https://manage.lemiex.us/track/20?stt=2&item_id=2?item_id=21
2026-01-02 11:46:31,174 - __main__ - INFO - Calling track API: https://manage.lemiex.us/api/orders/track/20?stt=2&item_id=2?item_id=21
2026-01-02 11:46:33,374 - __main__ - INFO - Track API response success
2026-01-02 11:53:55,783 - __main__ - INFO - Starting Lemiex Order Manager (Eel UI)
2026-01-02 11:53:55,783 - __main__ - INFO - Starting as desktop app using Edge
2026-01-02 11:53:56,793 - __main__ - INFO - Desktop app launched with PID: 315776
2026-01-02 11:53:57,219 - geventwebsocket.handler - INFO - 127.0.0.1 - - [2026-01-02 11:53:57] "GET /index.html HTTP/1.1" 200 16760 0.000861
2026-01-02 11:53:57,228 - geventwebsocket.handler - INFO - 127.0.0.1 - - [2026-01-02 11:53:57] "GET /eel.js HTTP/1.1" 200 6415 0.000324
2026-01-02 11:53:57,230 - geventwebsocket.handler - INFO - 127.0.0.1 - - [2026-01-02 11:53:57] "GET /css/style.css HTTP/1.1" 200 7621 0.000623
2026-01-02 11:53:57,232 - geventwebsocket.handler - INFO - 127.0.0.1 - - [2026-01-02 11:53:57] "GET /js/app.js HTTP/1.1" 200 60150 0.000877
2026-01-02 11:53:57,472 - geventwebsocket.handler - INFO - 127.0.0.1 - - [2026-01-02 11:53:57] "GET /favicon.ico HTTP/1.1" 404 882 0.001788
2026-01-02 11:53:58,876 - __main__ - INFO - Auto-starting camera...
2026-01-02 11:53:58,876 - camera.camera_manager - INFO - Camera added: camera_0
2026-01-02 11:54:01,053 - camera.camera_manager - INFO - Camera camera_0 connected
2026-01-02 11:54:01,054 - camera.camera_manager - INFO - Camera camera_0 started
2026-01-02 11:54:01,054 - camera.camera_manager - INFO - Camera manager started with 1 cameras
2026-01-02 11:54:01,054 - __main__ - INFO - Auto-detecting scanner...
2026-01-02 11:54:01,061 - __main__ - INFO - Found COM3: {'port': 'COM3', 'description': 'USB Serial Device (COM3)', 'hwid': 'USB VID:PID=152A:880F SER=00000000050C LOCATION=1-9'}
2026-01-02 11:54:01,061 - scanner.scanner_manager - INFO - Scanner added: scanner_1 on COM3
2026-01-02 11:54:01,063 - scanner.com_scanner - INFO - Scanner scanner_1 connected on COM3
2026-01-02 11:54:01,063 - scanner.com_scanner - INFO - Scanner scanner_1 reading thread started
2026-01-02 11:54:01,063 - scanner.scanner_manager - INFO - Scanner manager started with 1 scanners
2026-01-02 11:54:01,064 - __main__ - INFO - Scanner started on COM3
2026-01-02 11:54:01,064 - __main__ - INFO - Auto-started scanner on COM3
2026-01-02 11:54:01,420 - __main__ - INFO - Recording limit set to: 12s
2026-01-02 11:54:01,421 - __main__ - INFO - Device states synced with frontend
2026-01-02 11:54:02,994 - camera.camera_manager - WARNING - Camera camera_0 too many failures, reconnecting...
2026-01-02 11:54:06,341 - camera.camera_manager - INFO - Camera camera_0 connected
2026-01-02 11:54:12,242 - scanner.com_scanner - INFO - Decoded text from scanner_1: 'https://manage.lemiex.us/track/20?stt=2&item_id=2?item_id=21'
2026-01-02 11:54:12,243 - scanner.com_scanner - INFO - Scanner scanner_1 scan: https://manage.lemiex.us/track/20?stt=2&item_id=2?item_id=21
2026-01-02 11:54:12,243 - __main__ - INFO - Scan received: https://manage.lemiex.us/track/20?stt=2&item_id=2?item_id=21
2026-01-02 11:54:12,243 - __main__ - INFO - Calling track API: https://manage.lemiex.us/api/orders/track/20?stt=2&item_id=2&item_id=21
2026-01-02 11:54:15,433 - __main__ - INFO - Track API response success, items count: 3
2026-01-02 11:54:15,434 - __main__ - INFO - Track result items: 3
2026-01-02 11:55:43,310 - scanner.com_scanner - INFO - Decoded text from scanner_1: 'https://manage.lemiex.us/track/20?stt=2&item_id=2?item_id=21'
2026-01-02 11:55:43,311 - scanner.com_scanner - INFO - Scanner scanner_1 scan: https://manage.lemiex.us/track/20?stt=2&item_id=2?item_id=21
2026-01-02 11:55:43,311 - __main__ - INFO - Scan received: https://manage.lemiex.us/track/20?stt=2&item_id=2?item_id=21
2026-01-02 11:55:43,311 - __main__ - INFO - Calling track API: https://manage.lemiex.us/api/orders/track/20?stt=2&item_id=2&item_id=21
2026-01-02 11:55:44,490 - __main__ - INFO - Track API response success, items count: 3
2026-01-02 11:55:44,490 - __main__ - INFO - Track result items: 3
2026-01-02 11:55:51,138 - geventwebsocket.handler - INFO - 127.0.0.1 - - [2026-01-02 11:55:51] "GET /css/style.css HTTP/1.1" 200 7621 0.000591
2026-01-02 11:55:51,139 - geventwebsocket.handler - INFO - 127.0.0.1 - - [2026-01-02 11:55:51] "GET /.well-known/appspecific/com.chrome.devtools.json HTTP/1.1" 404 919 0.000285
2026-01-02 11:59:56,707 - scanner.com_scanner - INFO - Decoded text from scanner_1: 'https://manage.lemiex.us/track/20?stt=2&item_id=2?item_id=21'
2026-01-02 11:59:56,707 - scanner.com_scanner - INFO - Scanner scanner_1 scan: https://manage.lemiex.us/track/20?stt=2&item_id=2?item_id=21
2026-01-02 11:59:56,707 - __main__ - INFO - Scan received: https://manage.lemiex.us/track/20?stt=2&item_id=2?item_id=21
2026-01-02 11:59:56,708 - __main__ - INFO - Calling track API: https://manage.lemiex.us/api/orders/track/20?stt=2&item_id=2&item_id=21
2026-01-02 11:59:59,050 - __main__ - INFO - Track API response success, items count: 3
2026-01-02 11:59:59,051 - __main__ - INFO - Track result items: 3
2026-01-02 12:00:12,650 - scanner.com_scanner - INFO - Decoded text from scanner_1: 'https://manage.lemiex.us/track/20?stt=2&item_id=2?item_id=21'
2026-01-02 12:00:12,650 - scanner.com_scanner - INFO - Scanner scanner_1 scan: https://manage.lemiex.us/track/20?stt=2&item_id=2?item_id=21
2026-01-02 12:00:12,651 - __main__ - INFO - Scan received: https://manage.lemiex.us/track/20?stt=2&item_id=2?item_id=21
2026-01-02 12:00:12,651 - __main__ - INFO - Calling track API: https://manage.lemiex.us/api/orders/track/20?stt=2&item_id=2&item_id=21
2026-01-02 12:00:13,763 - __main__ - INFO - Track API response success, items count: 3
2026-01-02 12:00:13,764 - __main__ - INFO - Track result items: 3
2026-01-02 12:00:20,506 - __main__ - ERROR - Activate QC error: 'EelApp' object has no attribute 'auth_service'
2026-01-02 12:04:16,908 - __main__ - INFO - Starting Lemiex Order Manager (Eel UI)
2026-01-02 12:04:16,908 - __main__ - INFO - Starting as desktop app using Edge
2026-01-02 12:04:17,918 - __main__ - INFO - Desktop app launched with PID: 150616
2026-01-02 12:04:18,412 - geventwebsocket.handler - INFO - 127.0.0.1 - - [2026-01-02 12:04:18] "GET /index.html HTTP/1.1" 200 16760 0.001029
2026-01-02 12:04:18,429 - geventwebsocket.handler - INFO - 127.0.0.1 - - [2026-01-02 12:04:18] "GET /eel.js HTTP/1.1" 200 6415 0.000381
2026-01-02 12:04:18,432 - geventwebsocket.handler - INFO - 127.0.0.1 - - [2026-01-02 12:04:18] "GET /css/style.css HTTP/1.1" 200 7621 0.001442
2026-01-02 12:04:18,435 - geventwebsocket.handler - INFO - 127.0.0.1 - - [2026-01-02 12:04:18] "GET /js/app.js HTTP/1.1" 200 60768 0.000708
2026-01-02 12:04:18,676 - geventwebsocket.handler - INFO - 127.0.0.1 - - [2026-01-02 12:04:18] "GET /favicon.ico HTTP/1.1" 404 882 0.002172
2026-01-02 12:04:20,065 - __main__ - INFO - Auto-starting camera...
2026-01-02 12:04:20,066 - camera.camera_manager - INFO - Camera added: camera_0
2026-01-02 12:04:22,225 - camera.camera_manager - INFO - Camera camera_0 connected
2026-01-02 12:04:22,225 - camera.camera_manager - INFO - Camera camera_0 started
2026-01-02 12:04:22,226 - camera.camera_manager - INFO - Camera manager started with 1 cameras
2026-01-02 12:04:22,226 - __main__ - INFO - Auto-detecting scanner...
2026-01-02 12:04:22,232 - __main__ - INFO - Found COM3: {'port': 'COM3', 'description': 'USB Serial Device (COM3)', 'hwid': 'USB VID:PID=152A:880F SER=00000000050C LOCATION=1-9'}
2026-01-02 12:04:22,233 - scanner.scanner_manager - INFO - Scanner added: scanner_1 on COM3
2026-01-02 12:04:22,235 - scanner.com_scanner - INFO - Scanner scanner_1 connected on COM3
2026-01-02 12:04:22,235 - scanner.com_scanner - INFO - Scanner scanner_1 reading thread started
2026-01-02 12:04:22,235 - scanner.scanner_manager - INFO - Scanner manager started with 1 scanners
2026-01-02 12:04:22,236 - __main__ - INFO - Scanner started on COM3
2026-01-02 12:04:22,236 - __main__ - INFO - Auto-started scanner on COM3
2026-01-02 12:04:22,642 - __main__ - INFO - Recording limit set to: 12s
2026-01-02 12:04:22,643 - __main__ - INFO - Device states synced with frontend
2026-01-02 12:04:24,130 - camera.camera_manager - WARNING - Camera camera_0 too many failures, reconnecting...
2026-01-02 12:04:26,931 - camera.camera_manager - INFO - Camera camera_0 connected
2026-01-02 12:04:32,881 - scanner.com_scanner - INFO - Decoded text from scanner_1: 'https://manage.lemiex.us/track/20?stt=3&item_id=3?item_id=22'
2026-01-02 12:04:32,881 - scanner.com_scanner - INFO - Scanner scanner_1 scan: https://manage.lemiex.us/track/20?stt=3&item_id=3?item_id=22
2026-01-02 12:04:32,882 - __main__ - INFO - Scan received: https://manage.lemiex.us/track/20?stt=3&item_id=3?item_id=22
2026-01-02 12:04:32,882 - __main__ - INFO - Calling track API: https://manage.lemiex.us/api/orders/track/20?stt=3&item_id=3&item_id=22
2026-01-02 12:04:36,466 - __main__ - INFO - Track API response success, items count: 3
2026-01-02 12:04:36,467 - __main__ - INFO - Track result items: 3
2026-01-02 12:05:12,470 - core.auth_manager - INFO - User logged out
2026-01-02 12:05:13,018 - camera.camera_manager - INFO - Camera camera_0 stopped
2026-01-02 12:05:13,019 - camera.camera_manager - INFO - Camera manager stopped
2026-01-02 12:05:20,793 - core.auth_manager - INFO - User logged in: qc@lemiex.com
2026-01-02 12:05:20,793 - __main__ - INFO - User logged in: qc@lemiex.com
2026-01-02 12:05:20,798 - __main__ - INFO - Auto-starting camera...
2026-01-02 12:05:23,333 - camera.camera_manager - INFO - Camera camera_0 connected
2026-01-02 12:05:23,334 - camera.camera_manager - INFO - Camera camera_0 started
2026-01-02 12:05:23,334 - camera.camera_manager - INFO - Camera manager started with 1 cameras
2026-01-02 12:05:23,335 - __main__ - INFO - Auto-detecting scanner...
2026-01-02 12:05:23,342 - __main__ - INFO - Found COM3: {'port': 'COM3', 'description': 'USB Serial Device (COM3)', 'hwid': 'USB VID:PID=152A:880F SER=00000000050C LOCATION=1-9'}
2026-01-02 12:05:23,342 - __main__ - INFO - Scanner already connected
2026-01-02 12:05:27,961 - scanner.com_scanner - INFO - Decoded text from scanner_1: 'https://manage.lemiex.us/track/20?stt=3&item_id=3?item_id=22'
2026-01-02 12:05:27,961 - scanner.com_scanner - INFO - Scanner scanner_1 scan: https://manage.lemiex.us/track/20?stt=3&item_id=3?item_id=22
2026-01-02 12:05:27,961 - __main__ - INFO - Scan received: https://manage.lemiex.us/track/20?stt=3&item_id=3?item_id=22
2026-01-02 12:05:27,961 - __main__ - INFO - Calling track API: https://manage.lemiex.us/api/orders/track/20?stt=3&item_id=3&item_id=22
2026-01-02 12:05:29,099 - __main__ - INFO - Track API response success, items count: 3
2026-01-02 12:05:29,099 - __main__ - INFO - Track result items: 3
2026-01-02 12:09:07,720 - __main__ - INFO - Starting Lemiex Order Manager (Eel UI)
2026-01-02 12:09:07,720 - __main__ - INFO - Starting as desktop app using Edge
2026-01-02 12:09:08,728 - __main__ - INFO - Desktop app launched with PID: 216440
2026-01-02 12:09:09,130 - geventwebsocket.handler - INFO - 127.0.0.1 - - [2026-01-02 12:09:09] "GET /index.html HTTP/1.1" 200 16760 0.000851
2026-01-02 12:09:09,137 - geventwebsocket.handler - INFO - 127.0.0.1 - - [2026-01-02 12:09:09] "GET /eel.js HTTP/1.1" 200 6415 0.000323
2026-01-02 12:09:09,139 - geventwebsocket.handler - INFO - 127.0.0.1 - - [2026-01-02 12:09:09] "GET /css/style.css HTTP/1.1" 200 7621 0.000817
2026-01-02 12:09:09,142 - geventwebsocket.handler - INFO - 127.0.0.1 - - [2026-01-02 12:09:09] "GET /js/app.js HTTP/1.1" 200 61454 0.000872
2026-01-02 12:09:09,340 - geventwebsocket.handler - INFO - 127.0.0.1 - - [2026-01-02 12:09:09] "GET /favicon.ico HTTP/1.1" 404 882 0.002102
2026-01-02 12:09:10,717 - __main__ - INFO - Auto-starting camera...
2026-01-02 12:09:10,717 - camera.camera_manager - INFO - Camera added: camera_0
2026-01-02 12:09:13,228 - camera.camera_manager - INFO - Camera camera_0 connected
2026-01-02 12:09:13,228 - camera.camera_manager - INFO - Camera camera_0 started
2026-01-02 12:09:13,228 - camera.camera_manager - INFO - Camera manager started with 1 cameras
2026-01-02 12:09:13,232 - __main__ - INFO - Auto-detecting scanner...
2026-01-02 12:09:13,239 - __main__ - INFO - Found COM3: {'port': 'COM3', 'description': 'USB Serial Device (COM3)', 'hwid': 'USB VID:PID=152A:880F SER=00000000050C LOCATION=1-9'}
2026-01-02 12:09:13,239 - scanner.scanner_manager - INFO - Scanner added: scanner_1 on COM3
2026-01-02 12:09:13,241 - scanner.com_scanner - INFO - Scanner scanner_1 connected on COM3
2026-01-02 12:09:13,242 - scanner.com_scanner - INFO - Scanner scanner_1 reading thread started
2026-01-02 12:09:13,242 - scanner.scanner_manager - INFO - Scanner manager started with 1 scanners
2026-01-02 12:09:13,243 - __main__ - INFO - Scanner started on COM3
2026-01-02 12:09:13,244 - __main__ - INFO - Auto-started scanner on COM3
2026-01-02 12:09:13,626 - __main__ - INFO - Recording limit set to: 12s
2026-01-02 12:09:13,627 - __main__ - INFO - Device states synced with frontend
2026-01-02 12:09:15,178 - camera.camera_manager - WARNING - Camera camera_0 too many failures, reconnecting...
2026-01-02 12:09:18,379 - camera.camera_manager - INFO - Camera camera_0 connected
2026-01-02 12:09:19,479 - scanner.com_scanner - INFO - Decoded text from scanner_1: 'https://manage.lemiex.us/track/20?stt=3&item_id=3?item_id=22'
2026-01-02 12:09:19,480 - scanner.com_scanner - INFO - Scanner scanner_1 scan: https://manage.lemiex.us/track/20?stt=3&item_id=3?item_id=22
2026-01-02 12:09:19,480 - __main__ - INFO - Scan received: https://manage.lemiex.us/track/20?stt=3&item_id=3?item_id=22
2026-01-02 12:09:19,480 - __main__ - INFO - Calling track API: https://manage.lemiex.us/api/orders/track/20?stt=3&item_id=3&item_id=22
2026-01-02 12:09:20,901 - __main__ - INFO - Track API response success, items count: 3
2026-01-02 12:09:20,901 - __main__ - INFO - Track result items: 3
2026-01-02 12:09:58,348 - scanner.com_scanner - INFO - Decoded text from scanner_1: 'https://manage.lemiex.us/track/20?stt=3&item_id=3?item_id=22'
2026-01-02 12:09:58,348 - scanner.com_scanner - INFO - Scanner scanner_1 scan: https://manage.lemiex.us/track/20?stt=3&item_id=3?item_id=22
2026-01-02 12:09:58,348 - __main__ - INFO - Scan received: https://manage.lemiex.us/track/20?stt=3&item_id=3?item_id=22
2026-01-02 12:09:58,348 - __main__ - INFO - Calling track API: https://manage.lemiex.us/api/orders/track/20?stt=3&item_id=3&item_id=22
2026-01-02 12:09:59,490 - __main__ - INFO - Track API response success, items count: 3
2026-01-02 12:09:59,491 - __main__ - INFO - Track result items: 3
2026-01-02 12:10:01,630 - geventwebsocket.handler - INFO - 127.0.0.1 - - [2026-01-02 12:10:01] "GET /css/style.css HTTP/1.1" 200 7621 0.000998
2026-01-02 12:10:01,653 - geventwebsocket.handler - INFO - 127.0.0.1 - - [2026-01-02 12:10:01] "GET /.well-known/appspecific/com.chrome.devtools.json HTTP/1.1" 404 919 0.000474
2026-01-02 12:13:19,486 - __main__ - INFO - Starting Lemiex Order Manager (Eel UI)
2026-01-02 12:13:19,486 - __main__ - INFO - Starting as desktop app using Edge
2026-01-02 12:13:20,518 - __main__ - INFO - Desktop app launched with PID: 329724
2026-01-02 12:13:20,948 - geventwebsocket.handler - INFO - 127.0.0.1 - - [2026-01-02 12:13:20] "GET /index.html HTTP/1.1" 200 16760 0.001081
2026-01-02 12:13:20,956 - geventwebsocket.handler - INFO - 127.0.0.1 - - [2026-01-02 12:13:20] "GET /eel.js HTTP/1.1" 200 6415 0.000495
2026-01-02 12:13:20,957 - geventwebsocket.handler - INFO - 127.0.0.1 - - [2026-01-02 12:13:20] "GET /css/style.css HTTP/1.1" 200 7621 0.000633
2026-01-02 12:13:20,959 - geventwebsocket.handler - INFO - 127.0.0.1 - - [2026-01-02 12:13:20] "GET /js/app.js HTTP/1.1" 200 61605 0.000660
2026-01-02 12:13:21,161 - geventwebsocket.handler - INFO - 127.0.0.1 - - [2026-01-02 12:13:21] "GET /favicon.ico HTTP/1.1" 404 882 0.002518
2026-01-02 12:13:22,539 - __main__ - INFO - Auto-starting camera...
2026-01-02 12:13:22,539 - camera.camera_manager - INFO - Camera added: camera_0
2026-01-02 12:13:24,799 - camera.camera_manager - INFO - Camera camera_0 connected
2026-01-02 12:13:24,800 - camera.camera_manager - INFO - Camera camera_0 started
2026-01-02 12:13:24,800 - camera.camera_manager - INFO - Camera manager started with 1 cameras
2026-01-02 12:13:24,800 - __main__ - INFO - Auto-detecting scanner...
2026-01-02 12:13:24,806 - __main__ - INFO - Found COM3: {'port': 'COM3', 'description': 'USB Serial Device (COM3)', 'hwid': 'USB VID:PID=152A:880F SER=00000000050C LOCATION=1-9'}
2026-01-02 12:13:24,806 - scanner.scanner_manager - INFO - Scanner added: scanner_1 on COM3
2026-01-02 12:13:24,808 - scanner.com_scanner - INFO - Scanner scanner_1 connected on COM3
2026-01-02 12:13:24,808 - scanner.com_scanner - INFO - Scanner scanner_1 reading thread started
2026-01-02 12:13:24,808 - scanner.scanner_manager - INFO - Scanner manager started with 1 scanners
2026-01-02 12:13:24,808 - __main__ - INFO - Scanner started on COM3
2026-01-02 12:13:24,808 - __main__ - INFO - Auto-started scanner on COM3
2026-01-02 12:13:25,205 - __main__ - INFO - Recording limit set to: 12s
2026-01-02 12:13:25,208 - __main__ - INFO - Device states synced with frontend
2026-01-02 12:13:26,798 - camera.camera_manager - WARNING - Camera camera_0 too many failures, reconnecting...
2026-01-02 12:13:30,829 - camera.camera_manager - INFO - Camera camera_0 connected
2026-01-02 12:13:31,356 - scanner.com_scanner - INFO - Decoded text from scanner_1: 'https://manage.lemiex.us/track/20?stt=3&item_id=3?item_id=22'
2026-01-02 12:13:31,356 - scanner.com_scanner - INFO - Scanner scanner_1 scan: https://manage.lemiex.us/track/20?stt=3&item_id=3?item_id=22
2026-01-02 12:13:31,356 - __main__ - INFO - Scan received: https://manage.lemiex.us/track/20?stt=3&item_id=3?item_id=22
2026-01-02 12:13:31,357 - __main__ - INFO - Calling track API: https://manage.lemiex.us/api/orders/track/20?stt=3&item_id=3&item_id=22
2026-01-02 12:13:32,507 - __main__ - INFO - Track API response success, items count: 3
2026-01-02 12:13:32,511 - __main__ - INFO - Track result items: 3
2026-01-02 12:14:00,508 - geventwebsocket.handler - INFO - 127.0.0.1 - - [2026-01-02 12:14:00] "GET /index.html HTTP/1.1" 200 16760 0.000787
2026-01-02 12:14:00,513 - geventwebsocket.handler - INFO - 127.0.0.1 - - [2026-01-02 12:14:00] "GET /css/style.css HTTP/1.1" 200 7621 0.000589
2026-01-02 12:14:00,515 - geventwebsocket.handler - INFO - 127.0.0.1 - - [2026-01-02 12:14:00] "GET /eel.js HTTP/1.1" 200 6415 0.000222
2026-01-02 12:14:00,517 - geventwebsocket.handler - INFO - 127.0.0.1 - - [2026-01-02 12:14:00] "GET /js/app.js HTTP/1.1" 200 61605 0.000825
2026-01-02 12:14:00,932 - geventwebsocket.handler - INFO - 127.0.0.1 - - [2026-01-02 12:14:00] "GET /favicon.ico HTTP/1.1" 404 882 0.000319
2026-01-02 12:14:01,531 - __main__ - INFO - Camera already active, restarting stream for new connection
2026-01-02 12:14:01,534 - __main__ - INFO - Restarting camera for new connection...
2026-01-02 12:14:02,061 - camera.camera_manager - INFO - Camera camera_0 stopped
2026-01-02 12:14:02,062 - camera.camera_manager - INFO - Camera manager stopped
2026-01-02 12:14:06,125 - camera.camera_manager - INFO - Camera camera_0 connected
2026-01-02 12:14:06,126 - camera.camera_manager - INFO - Camera camera_0 started
2026-01-02 12:14:06,126 - camera.camera_manager - INFO - Camera manager started with 1 cameras
2026-01-02 12:14:06,126 - __main__ - INFO - Camera fully restarted for new connection
2026-01-02 12:14:06,127 - __main__ - INFO - Auto-detecting scanner...
2026-01-02 12:14:06,131 - __main__ - INFO - Found COM3: {'port': 'COM3', 'description': 'USB Serial Device (COM3)', 'hwid': 'USB VID:PID=152A:880F SER=00000000050C LOCATION=1-9'}
2026-01-02 12:14:06,131 - __main__ - INFO - Scanner already connected
2026-01-02 12:14:06,496 - __main__ - INFO - Recording limit set to: 12s
2026-01-02 12:14:06,498 - __main__ - INFO - Device states synced with frontend
2026-01-02 12:14:06,582 - scanner.com_scanner - INFO - Decoded text from scanner_1: 'https://manage.lemiex.us/track/20?stt=3&item_id=3?item_id=22'
2026-01-02 12:14:06,583 - scanner.com_scanner - INFO - Scanner scanner_1 scan: https://manage.lemiex.us/track/20?stt=3&item_id=3?item_id=22
2026-01-02 12:14:06,583 - __main__ - INFO - Scan received: https://manage.lemiex.us/track/20?stt=3&item_id=3?item_id=22
2026-01-02 12:14:06,583 - __main__ - INFO - Calling track API: https://manage.lemiex.us/api/orders/track/20?stt=3&item_id=3&item_id=22
2026-01-02 12:14:07,937 - __main__ - INFO - Track API response success, items count: 3
2026-01-02 12:14:07,937 - __main__ - INFO - Track result items: 3
2026-01-02 12:14:08,095 - camera.camera_manager - WARNING - Camera camera_0 too many failures, reconnecting...
2026-01-02 12:14:10,758 - camera.camera_manager - INFO - Camera camera_0 connected
2026-01-02 12:14:15,527 - geventwebsocket.handler - INFO - 127.0.0.1 - - [2026-01-02 12:14:15] "GET /index.html HTTP/1.1" 200 16760 0.000650
2026-01-02 12:14:15,533 - geventwebsocket.handler - INFO - 127.0.0.1 - - [2026-01-02 12:14:15] "GET /css/style.css HTTP/1.1" 200 7621 0.000559
2026-01-02 12:14:15,534 - geventwebsocket.handler - INFO - 127.0.0.1 - - [2026-01-02 12:14:15] "GET /eel.js HTTP/1.1" 200 6415 0.000189
2026-01-02 12:14:15,535 - geventwebsocket.handler - INFO - 127.0.0.1 - - [2026-01-02 12:14:15] "GET /js/app.js HTTP/1.1" 200 61605 0.000906
2026-01-02 12:14:15,714 - geventwebsocket.handler - INFO - 127.0.0.1 - - [2026-01-02 12:14:15] "GET /favicon.ico HTTP/1.1" 404 882 0.000322
2026-01-02 12:14:16,303 - __main__ - INFO - Camera already active, restarting stream for new connection
2026-01-02 12:14:16,304 - __main__ - INFO - Restarting camera for new connection...
2026-01-02 12:14:16,907 - camera.camera_manager - INFO - Camera camera_0 stopped
2026-01-02 12:14:16,988 - camera.camera_manager - INFO - Camera manager stopped
2026-01-02 12:14:19,451 - camera.camera_manager - INFO - Camera camera_0 connected
2026-01-02 12:14:19,452 - camera.camera_manager - INFO - Camera camera_0 started
2026-01-02 12:14:19,452 - camera.camera_manager - INFO - Camera manager started with 1 cameras
2026-01-02 12:14:19,453 - __main__ - INFO - Camera fully restarted for new connection
2026-01-02 12:14:19,453 - __main__ - INFO - Auto-detecting scanner...
2026-01-02 12:14:19,458 - __main__ - INFO - Found COM3: {'port': 'COM3', 'description': 'USB Serial Device (COM3)', 'hwid': 'USB VID:PID=152A:880F SER=00000000050C LOCATION=1-9'}
2026-01-02 12:14:19,458 - __main__ - INFO - Scanner already connected
2026-01-02 12:14:19,859 - __main__ - INFO - Recording limit set to: 12s
2026-01-02 12:14:19,861 - geventwebsocket.handler - INFO - 127.0.0.1 - - [2026-01-02 12:14:19] "GET /index.html HTTP/1.1" 200 16760 0.000613
2026-01-02 12:14:19,862 - __main__ - INFO - Device states synced with frontend
2026-01-02 12:14:19,866 - geventwebsocket.handler - INFO - 127.0.0.1 - - [2026-01-02 12:14:19] "GET /eel.js HTTP/1.1" 200 6415 0.000216
2026-01-02 12:14:19,868 - geventwebsocket.handler - INFO - 127.0.0.1 - - [2026-01-02 12:14:19] "GET /css/style.css HTTP/1.1" 200 7621 0.000611
2026-01-02 12:14:19,905 - geventwebsocket.handler - INFO - 127.0.0.1 - - [2026-01-02 12:14:19] "GET /js/app.js HTTP/1.1" 200 61605 0.000746
2026-01-02 12:14:20,049 - geventwebsocket.handler - INFO - 127.0.0.1 - - [2026-01-02 12:14:20] "GET /favicon.ico HTTP/1.1" 404 882 0.000423
2026-01-02 12:14:20,631 - __main__ - INFO - Camera already active, restarting stream for new connection
2026-01-02 12:14:20,632 - __main__ - INFO - Restarting camera for new connection...
2026-01-02 12:14:20,873 - camera.camera_manager - INFO - Camera camera_0 stopped
2026-01-02 12:14:20,909 - camera.camera_manager - INFO - Camera manager stopped
2026-01-02 12:14:23,570 - camera.camera_manager - INFO - Camera camera_0 connected
2026-01-02 12:14:23,570 - camera.camera_manager - INFO - Camera camera_0 started
2026-01-02 12:14:23,570 - camera.camera_manager - INFO - Camera manager started with 1 cameras
2026-01-02 12:14:23,571 - __main__ - INFO - Camera fully restarted for new connection
2026-01-02 12:14:23,571 - __main__ - INFO - Auto-detecting scanner...
2026-01-02 12:14:23,575 - __main__ - INFO - Found COM3: {'port': 'COM3', 'description': 'USB Serial Device (COM3)', 'hwid': 'USB VID:PID=152A:880F SER=00000000050C LOCATION=1-9'}
2026-01-02 12:14:23,576 - __main__ - INFO - Scanner already connected
2026-01-02 12:14:23,937 - __main__ - INFO - Recording limit set to: 12s
2026-01-02 12:14:23,938 - __main__ - INFO - Device states synced with frontend
2026-01-02 12:14:25,499 - camera.camera_manager - WARNING - Camera camera_0 too many failures, reconnecting...
2026-01-02 12:14:28,450 - camera.camera_manager - INFO - Camera camera_0 connected
2026-01-02 12:15:29,865 - scanner.com_scanner - INFO - Decoded text from scanner_1: 'https://manage.lemiex.us/track/20?stt=3&item_id=3?item_id=22'
2026-01-02 12:15:29,865 - scanner.com_scanner - INFO - Scanner scanner_1 scan: https://manage.lemiex.us/track/20?stt=3&item_id=3?item_id=22
2026-01-02 12:15:29,865 - __main__ - INFO - Scan received: https://manage.lemiex.us/track/20?stt=3&item_id=3?item_id=22
2026-01-02 12:15:29,865 - __main__ - INFO - Calling track API: https://manage.lemiex.us/api/orders/track/20?stt=3&item_id=3&item_id=22
2026-01-02 12:15:32,301 - __main__ - INFO - Track API response success, items count: 3
2026-01-02 12:15:32,301 - __main__ - INFO - Track result items: 3
2026-01-02 12:15:34,046 - geventwebsocket.handler - INFO - 127.0.0.1 - - [2026-01-02 12:15:34] "GET /css/style.css HTTP/1.1" 200 7621 0.000651
2026-01-02 12:15:34,060 - geventwebsocket.handler - INFO - 127.0.0.1 - - [2026-01-02 12:15:34] "GET /.well-known/appspecific/com.chrome.devtools.json HTTP/1.1" 404 919 0.000587
2026-01-02 12:19:21,173 - services.order_service - INFO - Order loaded: #19 (ref: emb8033_577199961819681126)
2026-01-02 12:19:21,173 - activity - INFO - [order_view] Order viewed: #19 (ref: emb8033_577199961819681126)
2026-01-02 12:19:21,194 - camera.camera_manager - INFO - Camera camera_0 started recording: D:\2025 Code\Lemiex-app-qc\temp_videos\order_19_20260102_121921.avi at (1280, 720)
2026-01-02 12:19:21,194 - services.recording_service - INFO - Recording started: 19 -> D:\2025 Code\Lemiex-app-qc\temp_videos\order_19_20260102_121921.avi
2026-01-02 12:19:21,194 - __main__ - INFO - Recording started for order: RecordingSession(id='8edc6dc3-654c-4151-91a2-e3fcfcaa1783', order_id='19', camera_id='camera_0', status=<RecordingStatus.RECORDING: 'recording'>, start_time=datetime.datetime(2026, 1, 2, 12, 19, 21, 194464), end_time=None, file_path=WindowsPath('D:/2025 Code/Lemiex-app-qc/temp_videos/order_19_20260102_121921.avi'), file_size=0, duration_seconds=0.0, upload_url='', upload_progress=0.0, error_message='', retry_count=0)
2026-01-02 12:19:23,854 - services.order_service - INFO - Order loaded: #20 (ref: emb1538_577124192714462077)
2026-01-02 12:19:23,855 - activity - INFO - [order_view] Order viewed: #20 (ref: emb1538_577124192714462077)
2026-01-02 12:19:23,856 - services.recording_service - INFO - New order, switching from 19 to 20
2026-01-02 12:19:23,861 - camera.camera_manager - INFO - Camera camera_0 stopped recording
2026-01-02 12:19:23,861 - services.recording_service - INFO - Recording stopped: 19, duration: 2.7s
2026-01-02 12:19:23,866 - __main__ - INFO - Recording stopped: RecordingSession(id='8edc6dc3-654c-4151-91a2-e3fcfcaa1783', order_id='19', camera_id='camera_0', status=<RecordingStatus.PROCESSING: 'processing'>, start_time=datetime.datetime(2026, 1, 2, 12, 19, 21, 194464), end_time=datetime.datetime(2026, 1, 2, 12, 19, 23, 861652), file_path=WindowsPath('D:/2025 Code/Lemiex-app-qc/temp_videos/order_19_20260102_121921.avi'), file_size=0, duration_seconds=2.667188, upload_url='', upload_progress=0.0, error_message='', retry_count=0)
2026-01-02 12:19:23,892 - camera.camera_manager - INFO - Camera camera_0 started recording: D:\2025 Code\Lemiex-app-qc\temp_videos\order_20_20260102_121923.avi at (1280, 720)
2026-01-02 12:19:23,892 - services.recording_service - INFO - Recording started: 20 -> D:\2025 Code\Lemiex-app-qc\temp_videos\order_20_20260102_121923.avi
2026-01-02 12:19:23,892 - __main__ - INFO - Recording started for order: RecordingSession(id='9bc81db2-a056-49be-8487-7d49d8e40190', order_id='20', camera_id='camera_0', status=<RecordingStatus.RECORDING: 'recording'>, start_time=datetime.datetime(2026, 1, 2, 12, 19, 23, 892572), end_time=None, file_path=WindowsPath('D:/2025 Code/Lemiex-app-qc/temp_videos/order_20_20260102_121923.avi'), file_size=0, duration_seconds=0.0, upload_url='', upload_progress=0.0, error_message='', retry_count=0)
2026-01-02 12:19:26,171 - services.b2_uploader - ERROR - Failed to initialize B2: Invalid authorization token. Server said:  (bad_auth_token)
2026-01-02 12:19:35,917 - __main__ - INFO - Recording limit reached: 12s >= 12s
2026-01-02 12:19:35,920 - camera.camera_manager - INFO - Camera camera_0 stopped recording
2026-01-02 12:19:35,925 - services.recording_service - INFO - Recording stopped: 20, duration: 12.0s
2026-01-02 12:19:35,926 - __main__ - INFO - Recording stopped: RecordingSession(id='9bc81db2-a056-49be-8487-7d49d8e40190', order_id='20', camera_id='camera_0', status=<RecordingStatus.PROCESSING: 'processing'>, start_time=datetime.datetime(2026, 1, 2, 12, 19, 23, 892572), end_time=datetime.datetime(2026, 1, 2, 12, 19, 35, 925195), file_path=WindowsPath('D:/2025 Code/Lemiex-app-qc/temp_videos/order_20_20260102_121923.avi'), file_size=0, duration_seconds=12.032623, upload_url='', upload_progress=0.0, error_message='', retry_count=0)
2026-01-02 12:19:37,060 - services.b2_uploader - ERROR - Failed to initialize B2: Invalid authorization token. Server said:  (bad_auth_token)
2026-01-02 12:20:11,184 - scanner.com_scanner - INFO - Decoded text from scanner_1: 'https://manage.lemiex.us/track/20?stt=3&item_id=3?item_id=22'
2026-01-02 12:20:11,184 - scanner.com_scanner - INFO - Scanner scanner_1 scan: https://manage.lemiex.us/track/20?stt=3&item_id=3?item_id=22
2026-01-02 12:20:11,185 - __main__ - INFO - Scan received: https://manage.lemiex.us/track/20?stt=3&item_id=3?item_id=22
2026-01-02 12:20:11,185 - __main__ - INFO - Calling track API: https://manage.lemiex.us/api/orders/track/20?stt=3&item_id=3&item_id=22
2026-01-02 12:20:12,383 - __main__ - INFO - Track API response success, items count: 3
2026-01-02 12:20:12,443 - __main__ - INFO - Track result items: 3
2026-01-02 12:20:31,616 - geventwebsocket.handler - INFO - 127.0.0.1 - - [2026-01-02 12:20:31] "GET /.well-known/appspecific/com.chrome.devtools.json HTTP/1.1" 404 919 0.000618
2026-01-02 12:23:09,288 - __main__ - INFO - Starting Lemiex Order Manager (Eel UI)
2026-01-02 12:23:09,289 - __main__ - INFO - Starting as desktop app using Edge
2026-01-02 12:23:10,300 - __main__ - INFO - Desktop app launched with PID: 135608
2026-01-02 12:23:10,795 - geventwebsocket.handler - INFO - 127.0.0.1 - - [2026-01-02 12:23:10] "GET /index.html HTTP/1.1" 200 16760 0.000949
2026-01-02 12:23:10,805 - geventwebsocket.handler - INFO - 127.0.0.1 - - [2026-01-02 12:23:10] "GET /eel.js HTTP/1.1" 200 6415 0.000338
2026-01-02 12:23:10,806 - geventwebsocket.handler - INFO - 127.0.0.1 - - [2026-01-02 12:23:10] "GET /css/style.css HTTP/1.1" 200 7621 0.000674
2026-01-02 12:23:10,808 - geventwebsocket.handler - INFO - 127.0.0.1 - - [2026-01-02 12:23:10] "GET /js/app.js HTTP/1.1" 200 60790 0.000777
2026-01-02 12:23:11,008 - geventwebsocket.handler - INFO - 127.0.0.1 - - [2026-01-02 12:23:11] "GET /favicon.ico HTTP/1.1" 404 882 0.001777
2026-01-02 12:23:12,404 - __main__ - INFO - Auto-starting camera...
2026-01-02 12:23:12,404 - camera.camera_manager - INFO - Camera added: camera_0
2026-01-02 12:23:14,790 - camera.camera_manager - INFO - Camera camera_0 connected
2026-01-02 12:23:14,791 - camera.camera_manager - INFO - Camera camera_0 started
2026-01-02 12:23:14,791 - camera.camera_manager - INFO - Camera manager started with 1 cameras
2026-01-02 12:23:14,791 - __main__ - INFO - Auto-detecting scanner...
2026-01-02 12:23:14,797 - __main__ - INFO - Found COM3: {'port': 'COM3', 'description': 'USB Serial Device (COM3)', 'hwid': 'USB VID:PID=152A:880F SER=00000000050C LOCATION=1-9'}
2026-01-02 12:23:14,798 - scanner.scanner_manager - INFO - Scanner added: scanner_1 on COM3
2026-01-02 12:23:14,799 - scanner.com_scanner - INFO - Scanner scanner_1 connected on COM3
2026-01-02 12:23:14,800 - scanner.com_scanner - INFO - Scanner scanner_1 reading thread started
2026-01-02 12:23:14,800 - scanner.scanner_manager - INFO - Scanner manager started with 1 scanners
2026-01-02 12:23:14,800 - __main__ - INFO - Scanner started on COM3
2026-01-02 12:23:14,800 - __main__ - INFO - Auto-started scanner on COM3
2026-01-02 12:23:15,187 - __main__ - INFO - Recording limit set to: 12s
2026-01-02 12:23:15,189 - geventwebsocket.handler - INFO - 127.0.0.1 - - [2026-01-02 12:23:15] "GET /css/style.css HTTP/1.1" 200 7621 0.000588
2026-01-02 12:23:15,190 - geventwebsocket.handler - INFO - 127.0.0.1 - - [2026-01-02 12:23:15] "GET /.well-known/appspecific/com.chrome.devtools.json HTTP/1.1" 404 919 0.000355
2026-01-02 12:23:15,190 - __main__ - INFO - Device states synced with frontend
2026-01-02 12:23:16,694 - camera.camera_manager - WARNING - Camera camera_0 too many failures, reconnecting...
2026-01-02 12:23:19,187 - camera.camera_manager - INFO - Camera camera_0 connected
2026-01-02 12:23:20,023 - scanner.com_scanner - INFO - Decoded text from scanner_1: 'https://manage.lemiex.us/track/20?stt=3&item_id=3?item_id=22'
2026-01-02 12:23:20,024 - scanner.com_scanner - INFO - Scanner scanner_1 scan: https://manage.lemiex.us/track/20?stt=3&item_id=3?item_id=22
2026-01-02 12:23:20,024 - __main__ - INFO - Scan received: https://manage.lemiex.us/track/20?stt=3&item_id=3?item_id=22
2026-01-02 12:23:20,024 - __main__ - INFO - Calling track API: https://manage.lemiex.us/api/orders/track/20?stt=3&item_id=3&item_id=22
2026-01-02 12:23:21,520 - __main__ - INFO - Track API response success, items count: 3
2026-01-02 12:23:21,521 - __main__ - INFO - Track result items: 3
2026-01-02 12:26:26,480 - __main__ - INFO - Starting Lemiex Order Manager (Eel UI)
2026-01-02 12:26:26,480 - __main__ - INFO - Starting as desktop app using Edge
2026-01-02 12:26:27,489 - __main__ - INFO - Desktop app launched with PID: 166328
2026-01-02 12:26:27,916 - geventwebsocket.handler - INFO - 127.0.0.1 - - [2026-01-02 12:26:27] "GET /index.html HTTP/1.1" 200 16760 0.000999
2026-01-02 12:26:27,924 - geventwebsocket.handler - INFO - 127.0.0.1 - - [2026-01-02 12:26:27] "GET /eel.js HTTP/1.1" 200 6415 0.000389
2026-01-02 12:26:27,926 - geventwebsocket.handler - INFO - 127.0.0.1 - - [2026-01-02 12:26:27] "GET /css/style.css HTTP/1.1" 200 7621 0.000607
2026-01-02 12:26:27,929 - geventwebsocket.handler - INFO - 127.0.0.1 - - [2026-01-02 12:26:27] "GET /js/app.js HTTP/1.1" 200 60970 0.000724
2026-01-02 12:26:28,163 - geventwebsocket.handler - INFO - 127.0.0.1 - - [2026-01-02 12:26:28] "GET /favicon.ico HTTP/1.1" 404 882 0.001921
2026-01-02 12:26:29,549 - __main__ - INFO - Auto-starting camera...
2026-01-02 12:26:29,549 - camera.camera_manager - INFO - Camera added: camera_0
2026-01-02 12:26:32,320 - camera.camera_manager - INFO - Camera camera_0 connected
2026-01-02 12:26:32,321 - camera.camera_manager - INFO - Camera camera_0 started
2026-01-02 12:26:32,321 - camera.camera_manager - INFO - Camera manager started with 1 cameras
2026-01-02 12:26:32,322 - __main__ - INFO - Auto-detecting scanner...
2026-01-02 12:26:32,335 - __main__ - INFO - Found COM3: {'port': 'COM3', 'description': 'USB Serial Device (COM3)', 'hwid': 'USB VID:PID=152A:880F SER=00000000050C LOCATION=1-9'}
2026-01-02 12:26:32,336 - scanner.scanner_manager - INFO - Scanner added: scanner_1 on COM3
2026-01-02 12:26:32,338 - scanner.com_scanner - INFO - Scanner scanner_1 connected on COM3
2026-01-02 12:26:32,339 - scanner.com_scanner - INFO - Scanner scanner_1 reading thread started
2026-01-02 12:26:32,339 - scanner.scanner_manager - INFO - Scanner manager started with 1 scanners
2026-01-02 12:26:32,340 - __main__ - INFO - Scanner started on COM3
2026-01-02 12:26:32,340 - __main__ - INFO - Auto-started scanner on COM3
2026-01-02 12:26:32,779 - __main__ - INFO - Recording limit set to: 12s
2026-01-02 12:26:32,780 - __main__ - INFO - Device states synced with frontend
2026-01-02 12:26:34,275 - core.auth_manager - INFO - User logged out
2026-01-02 12:26:34,365 - camera.camera_manager - WARNING - Camera camera_0 too many failures, reconnecting...
2026-01-02 12:26:34,894 - camera.camera_manager - INFO - Camera camera_0 stopped
2026-01-02 12:26:34,899 - camera.camera_manager - INFO - Camera manager stopped
2026-01-02 12:26:35,928 - geventwebsocket.handler - INFO - 127.0.0.1 - - [2026-01-02 12:26:35] "GET /index.html HTTP/1.1" 200 16760 0.000770
2026-01-02 12:26:35,974 - geventwebsocket.handler - INFO - 127.0.0.1 - - [2026-01-02 12:26:35] "GET /eel.js HTTP/1.1" 200 6415 0.000387
2026-01-02 12:26:35,981 - geventwebsocket.handler - INFO - 127.0.0.1 - - [2026-01-02 12:26:35] "GET /css/style.css HTTP/1.1" 200 7621 0.000730
2026-01-02 12:26:35,986 - geventwebsocket.handler - INFO - 127.0.0.1 - - [2026-01-02 12:26:35] "GET /js/app.js HTTP/1.1" 200 60970 0.002541
2026-01-02 12:26:36,271 - geventwebsocket.handler - INFO - 127.0.0.1 - - [2026-01-02 12:26:36] "GET /favicon.ico HTTP/1.1" 404 882 0.000557
2026-01-02 12:26:37,333 - __main__ - INFO - Recording limit set to: 12s
2026-01-02 12:26:37,335 - __main__ - INFO - Device states synced with frontend
2026-01-02 12:26:39,353 - core.auth_manager - INFO - User logged in: qc@lemiex.com
2026-01-02 12:26:39,353 - __main__ - INFO - User logged in: qc@lemiex.com
2026-01-02 12:26:39,353 - __main__ - INFO - Auto-starting camera...
2026-01-02 12:26:42,202 - camera.camera_manager - INFO - Camera camera_0 connected
2026-01-02 12:26:42,203 - camera.camera_manager - INFO - Camera camera_0 started
2026-01-02 12:26:42,203 - camera.camera_manager - INFO - Camera manager started with 1 cameras
2026-01-02 12:26:42,204 - __main__ - INFO - Auto-detecting scanner...
2026-01-02 12:26:42,208 - __main__ - INFO - Found COM3: {'port': 'COM3', 'description': 'USB Serial Device (COM3)', 'hwid': 'USB VID:PID=152A:880F SER=00000000050C LOCATION=1-9'}
2026-01-02 12:26:42,208 - __main__ - INFO - Scanner already connected
2026-01-02 12:26:46,239 - scanner.com_scanner - INFO - Decoded text from scanner_1: 'https://manage.lemiex.us/track/20?stt=3&item_id=3?item_id=22'
2026-01-02 12:26:46,239 - scanner.com_scanner - INFO - Scanner scanner_1 scan: https://manage.lemiex.us/track/20?stt=3&item_id=3?item_id=22
2026-01-02 12:26:46,239 - __main__ - INFO - Scan received: https://manage.lemiex.us/track/20?stt=3&item_id=3?item_id=22
2026-01-02 12:26:46,240 - __main__ - INFO - Calling track API: https://manage.lemiex.us/api/orders/track/20?stt=3&item_id=3&item_id=22
2026-01-02 12:26:48,680 - __main__ - INFO - Track API response success, items count: 3
2026-01-02 12:26:48,680 - __main__ - INFO - Track result items: 3
2026-01-02 12:26:52,006 - geventwebsocket.handler - INFO - 127.0.0.1 - - [2026-01-02 12:26:52] "GET /css/style.css HTTP/1.1" 200 7621 0.002172
2026-01-02 12:26:52,088 - geventwebsocket.handler - INFO - 127.0.0.1 - - [2026-01-02 12:26:52] "GET /.well-known/appspecific/com.chrome.devtools.json HTTP/1.1" 404 919 0.000429
2026-01-02 12:31:15,197 - __main__ - INFO - Starting Lemiex Order Manager (Eel UI)
2026-01-02 12:31:15,197 - __main__ - INFO - Starting as desktop app using Edge
2026-01-02 12:31:16,205 - __main__ - INFO - Desktop app launched with PID: 528888
2026-01-02 12:31:16,633 - geventwebsocket.handler - INFO - 127.0.0.1 - - [2026-01-02 12:31:16] "GET /index.html HTTP/1.1" 200 16760 0.000763
2026-01-02 12:31:16,640 - geventwebsocket.handler - INFO - 127.0.0.1 - - [2026-01-02 12:31:16] "GET /eel.js HTTP/1.1" 200 6415 0.000338
2026-01-02 12:31:16,641 - geventwebsocket.handler - INFO - 127.0.0.1 - - [2026-01-02 12:31:16] "GET /css/style.css HTTP/1.1" 200 7621 0.000511
2026-01-02 12:31:16,642 - geventwebsocket.handler - INFO - 127.0.0.1 - - [2026-01-02 12:31:16] "GET /js/app.js HTTP/1.1" 200 60874 0.000525
2026-01-02 12:31:16,855 - geventwebsocket.handler - INFO - 127.0.0.1 - - [2026-01-02 12:31:16] "GET /favicon.ico HTTP/1.1" 404 882 0.002319
2026-01-02 12:31:18,236 - __main__ - INFO - Auto-starting camera...
2026-01-02 12:31:18,236 - camera.camera_manager - INFO - Camera added: camera_0
2026-01-02 12:31:20,924 - camera.camera_manager - INFO - Camera camera_0 connected
2026-01-02 12:31:20,925 - camera.camera_manager - INFO - Camera camera_0 started
2026-01-02 12:31:20,925 - camera.camera_manager - INFO - Camera manager started with 1 cameras
2026-01-02 12:31:20,927 - __main__ - INFO - Auto-detecting scanner...
2026-01-02 12:31:20,949 - __main__ - INFO - Found COM3: {'port': 'COM3', 'description': 'USB Serial Device (COM3)', 'hwid': 'USB VID:PID=152A:880F SER=00000000050C LOCATION=1-9'}
2026-01-02 12:31:20,949 - scanner.scanner_manager - INFO - Scanner added: scanner_1 on COM3
2026-01-02 12:31:20,953 - scanner.com_scanner - INFO - Scanner scanner_1 connected on COM3
2026-01-02 12:31:20,953 - scanner.com_scanner - INFO - Scanner scanner_1 reading thread started
2026-01-02 12:31:20,954 - scanner.scanner_manager - INFO - Scanner manager started with 1 scanners
2026-01-02 12:31:20,954 - __main__ - INFO - Scanner started on COM3
2026-01-02 12:31:20,954 - __main__ - INFO - Auto-started scanner on COM3
2026-01-02 12:31:21,655 - __main__ - INFO - Recording limit set to: 12s
2026-01-02 12:31:21,796 - __main__ - INFO - Device states synced with frontend
2026-01-02 12:31:23,012 - camera.camera_manager - WARNING - Camera camera_0 too many failures, reconnecting...
2026-01-02 12:31:26,323 - camera.camera_manager - INFO - Camera camera_0 connected
2026-01-02 12:31:27,561 - scanner.com_scanner - INFO - Decoded text from scanner_1: 'https://manage.lemiex.us/track/20?stt=3&item_id=3?item_id=22'
2026-01-02 12:31:27,561 - scanner.com_scanner - INFO - Scanner scanner_1 scan: https://manage.lemiex.us/track/20?stt=3&item_id=3?item_id=22
2026-01-02 12:31:27,561 - __main__ - INFO - Scan received: https://manage.lemiex.us/track/20?stt=3&item_id=3?item_id=22
2026-01-02 12:31:27,562 - __main__ - INFO - Calling track API: https://manage.lemiex.us/api/orders/track/20?stt=3&item_id=3&item_id=22
2026-01-02 12:31:28,698 - __main__ - INFO - Track API response success, items count: 3
2026-01-02 12:31:28,698 - __main__ - INFO - Track result items: 3
2026-01-02 12:31:34,360 - scanner.com_scanner - INFO - Decoded text from scanner_1: 'https://manage.lemiex.us/track/20?stt=3&item_id=3?item_id=22'
2026-01-02 12:31:34,365 - scanner.com_scanner - INFO - Scanner scanner_1 scan: https://manage.lemiex.us/track/20?stt=3&item_id=3?item_id=22
2026-01-02 12:31:34,367 - __main__ - INFO - Scan received: https://manage.lemiex.us/track/20?stt=3&item_id=3?item_id=22
2026-01-02 12:31:34,370 - __main__ - INFO - Calling track API: https://manage.lemiex.us/api/orders/track/20?stt=3&item_id=3&item_id=22
2026-01-02 12:31:35,466 - __main__ - INFO - Track API response success, items count: 3
2026-01-02 12:31:35,467 - __main__ - INFO - Track result items: 3
2026-01-02 12:45:15,547 - scanner.com_scanner - INFO - Decoded text from scanner_1: 'https://manage.lemiex.us/track/20?stt=3&item_id=3?item_id=22'
2026-01-02 12:45:15,548 - scanner.com_scanner - INFO - Scanner scanner_1 scan: https://manage.lemiex.us/track/20?stt=3&item_id=3?item_id=22
2026-01-02 12:45:15,548 - __main__ - INFO - Scan received: https://manage.lemiex.us/track/20?stt=3&item_id=3?item_id=22
2026-01-02 12:45:15,549 - __main__ - INFO - Calling track API: https://manage.lemiex.us/api/orders/track/20?stt=3&item_id=3&item_id=22
2026-01-02 12:45:18,039 - __main__ - INFO - Track API response success, items count: 3
2026-01-02 12:45:18,039 - __main__ - INFO - Track result items: 3
2026-01-02 13:40:36,045 - __main__ - INFO - Starting Lemiex Order Manager (Eel UI)
2026-01-02 13:40:36,046 - __main__ - INFO - Starting as desktop app using Edge
2026-01-02 13:40:37,060 - __main__ - INFO - Desktop app launched with PID: 356648
2026-01-02 13:40:37,563 - geventwebsocket.handler - INFO - 127.0.0.1 - - [2026-01-02 13:40:37] "GET /index.html HTTP/1.1" 200 16760 0.000952
2026-01-02 13:40:37,571 - geventwebsocket.handler - INFO - 127.0.0.1 - - [2026-01-02 13:40:37] "GET /eel.js HTTP/1.1" 200 6415 0.000313
2026-01-02 13:40:37,573 - geventwebsocket.handler - INFO - 127.0.0.1 - - [2026-01-02 13:40:37] "GET /css/style.css HTTP/1.1" 200 7621 0.000757
2026-01-02 13:40:37,575 - geventwebsocket.handler - INFO - 127.0.0.1 - - [2026-01-02 13:40:37] "GET /js/app.js HTTP/1.1" 200 60874 0.000879
2026-01-02 13:40:37,827 - geventwebsocket.handler - INFO - 127.0.0.1 - - [2026-01-02 13:40:37] "GET /favicon.ico HTTP/1.1" 404 882 0.002142
2026-01-02 13:40:39,219 - __main__ - INFO - Auto-starting camera...
2026-01-02 13:40:39,233 - camera.camera_manager - INFO - Camera added: camera_0
2026-01-02 13:40:42,645 - camera.camera_manager - INFO - Camera camera_0 connected
2026-01-02 13:40:42,647 - camera.camera_manager - INFO - Camera camera_0 started
2026-01-02 13:40:42,650 - camera.camera_manager - INFO - Camera manager started with 1 cameras
2026-01-02 13:40:42,650 - __main__ - INFO - Auto-detecting scanner...
2026-01-02 13:40:42,655 - __main__ - INFO - Found COM3: {'port': 'COM3', 'description': 'USB Serial Device (COM3)', 'hwid': 'USB VID:PID=152A:880F SER=00000000050C LOCATION=1-9'}
2026-01-02 13:40:42,656 - scanner.scanner_manager - INFO - Scanner added: scanner_1 on COM3
2026-01-02 13:40:42,657 - scanner.com_scanner - INFO - Scanner scanner_1 connected on COM3
2026-01-02 13:40:42,658 - scanner.com_scanner - INFO - Scanner scanner_1 reading thread started
2026-01-02 13:40:42,658 - scanner.scanner_manager - INFO - Scanner manager started with 1 scanners
2026-01-02 13:40:42,658 - __main__ - INFO - Scanner started on COM3
2026-01-02 13:40:42,658 - __main__ - INFO - Auto-started scanner on COM3
2026-01-02 13:40:43,056 - __main__ - INFO - Recording limit set to: 12s
2026-01-02 13:40:43,058 - geventwebsocket.handler - INFO - 127.0.0.1 - - [2026-01-02 13:40:43] "GET /css/style.css HTTP/1.1" 200 7621 0.000885
2026-01-02 13:40:43,113 - geventwebsocket.handler - INFO - 127.0.0.1 - - [2026-01-02 13:40:43] "GET /.well-known/appspecific/com.chrome.devtools.json HTTP/1.1" 404 919 0.054831
2026-01-02 13:40:43,178 - __main__ - INFO - Device states synced with frontend
2026-01-02 13:40:44,622 - camera.camera_manager - WARNING - Camera camera_0 too many failures, reconnecting...
2026-01-02 13:40:47,528 - camera.camera_manager - INFO - Camera camera_0 connected
2026-01-02 13:40:47,670 - scanner.com_scanner - INFO - Decoded text from scanner_1: 'https://manage.lemiex.us/track/20?stt=3&item_id=3?item_id=22'
2026-01-02 13:40:47,670 - scanner.com_scanner - INFO - Scanner scanner_1 scan: https://manage.lemiex.us/track/20?stt=3&item_id=3?item_id=22
2026-01-02 13:40:47,671 - __main__ - INFO - Scan received: https://manage.lemiex.us/track/20?stt=3&item_id=3?item_id=22
2026-01-02 13:40:47,671 - __main__ - INFO - Calling track API: https://manage.lemiex.us/api/orders/track/20?stt=3&item_id=3&item_id=22
2026-01-02 13:40:50,305 - __main__ - INFO - Track API response success, items count: 3
2026-01-02 13:40:50,305 - __main__ - INFO - Track result items: 3
2026-01-02 13:42:58,106 - __main__ - INFO - Starting Lemiex Order Manager (Eel UI)
2026-01-02 13:42:58,106 - __main__ - INFO - Starting as desktop app using Edge
2026-01-02 13:42:59,114 - __main__ - INFO - Desktop app launched with PID: 61520
2026-01-02 13:42:59,603 - geventwebsocket.handler - INFO - 127.0.0.1 - - [2026-01-02 13:42:59] "GET /index.html HTTP/1.1" 200 16760 0.000723
2026-01-02 13:42:59,609 - geventwebsocket.handler - INFO - 127.0.0.1 - - [2026-01-02 13:42:59] "GET /eel.js HTTP/1.1" 200 6415 0.000297
2026-01-02 13:42:59,610 - geventwebsocket.handler - INFO - 127.0.0.1 - - [2026-01-02 13:42:59] "GET /css/style.css HTTP/1.1" 200 7621 0.000479
2026-01-02 13:42:59,611 - geventwebsocket.handler - INFO - 127.0.0.1 - - [2026-01-02 13:42:59] "GET /js/app.js HTTP/1.1" 200 61597 0.000600
2026-01-02 13:42:59,792 - geventwebsocket.handler - INFO - 127.0.0.1 - - [2026-01-02 13:42:59] "GET /favicon.ico HTTP/1.1" 404 882 0.001828
2026-01-02 13:43:01,168 - __main__ - INFO - Auto-starting camera...
2026-01-02 13:43:01,168 - camera.camera_manager - INFO - Camera added: camera_0
2026-01-02 13:43:03,597 - camera.camera_manager - INFO - Camera camera_0 connected
2026-01-02 13:43:03,598 - camera.camera_manager - INFO - Camera camera_0 started
2026-01-02 13:43:03,598 - camera.camera_manager - INFO - Camera manager started with 1 cameras
2026-01-02 13:43:03,598 - __main__ - INFO - Auto-detecting scanner...
2026-01-02 13:43:03,604 - __main__ - INFO - Found COM3: {'port': 'COM3', 'description': 'USB Serial Device (COM3)', 'hwid': 'USB VID:PID=152A:880F SER=00000000050C LOCATION=1-9'}
2026-01-02 13:43:03,604 - scanner.scanner_manager - INFO - Scanner added: scanner_1 on COM3
2026-01-02 13:43:03,606 - scanner.com_scanner - INFO - Scanner scanner_1 connected on COM3
2026-01-02 13:43:03,607 - scanner.com_scanner - INFO - Scanner scanner_1 reading thread started
2026-01-02 13:43:03,607 - scanner.scanner_manager - INFO - Scanner manager started with 1 scanners
2026-01-02 13:43:03,607 - __main__ - INFO - Scanner started on COM3
2026-01-02 13:43:03,607 - __main__ - INFO - Auto-started scanner on COM3
2026-01-02 13:43:03,969 - __main__ - INFO - Recording limit set to: 12s
2026-01-02 13:43:03,972 - __main__ - INFO - Device states synced with frontend
2026-01-02 13:43:05,562 - camera.camera_manager - WARNING - Camera camera_0 too many failures, reconnecting...
2026-01-02 13:43:06,076 - geventwebsocket.handler - INFO - 127.0.0.1 - - [2026-01-02 13:43:06] "GET /css/style.css HTTP/1.1" 200 7621 0.000554
2026-01-02 13:43:06,094 - geventwebsocket.handler - INFO - 127.0.0.1 - - [2026-01-02 13:43:06] "GET /.well-known/appspecific/com.chrome.devtools.json HTTP/1.1" 404 919 0.000436
2026-01-02 13:43:08,242 - camera.camera_manager - INFO - Camera camera_0 connected
2026-01-02 13:43:13,823 - scanner.com_scanner - INFO - Decoded text from scanner_1: 'https://manage.lemiex.us/track/20?stt=3&item_id=3?item_id=22'
2026-01-02 13:43:13,824 - scanner.com_scanner - INFO - Scanner scanner_1 scan: https://manage.lemiex.us/track/20?stt=3&item_id=3?item_id=22
2026-01-02 13:43:13,825 - __main__ - INFO - Scan received: https://manage.lemiex.us/track/20?stt=3&item_id=3?item_id=22
2026-01-02 13:43:13,825 - __main__ - INFO - Calling track API: https://manage.lemiex.us/api/orders/track/20?stt=3&item_id=3&item_id=22
2026-01-02 13:43:14,925 - __main__ - INFO - Track API response success, items count: 3
2026-01-02 13:43:14,926 - __main__ - INFO - Track result items: 3
2026-01-02 13:43:14,928 - __main__ - ERROR - Activate QC error: 'EelApp' object has no attribute 'auth_service'
2026-01-02 13:46:10,563 - __main__ - INFO - Starting Lemiex Order Manager (Eel UI)
2026-01-02 13:46:10,563 - __main__ - INFO - Starting as desktop app using Edge
2026-01-02 13:46:11,573 - __main__ - INFO - Desktop app launched with PID: 475540
2026-01-02 13:46:12,047 - geventwebsocket.handler - INFO - 127.0.0.1 - - [2026-01-02 13:46:12] "GET /index.html HTTP/1.1" 200 16760 0.000786
2026-01-02 13:46:12,054 - geventwebsocket.handler - INFO - 127.0.0.1 - - [2026-01-02 13:46:12] "GET /eel.js HTTP/1.1" 200 6415 0.000358
2026-01-02 13:46:12,055 - geventwebsocket.handler - INFO - 127.0.0.1 - - [2026-01-02 13:46:12] "GET /css/style.css HTTP/1.1" 200 7621 0.000523
2026-01-02 13:46:12,056 - geventwebsocket.handler - INFO - 127.0.0.1 - - [2026-01-02 13:46:12] "GET /js/app.js HTTP/1.1" 200 61597 0.000542
2026-01-02 13:46:12,287 - geventwebsocket.handler - INFO - 127.0.0.1 - - [2026-01-02 13:46:12] "GET /favicon.ico HTTP/1.1" 404 882 0.001802
2026-01-02 13:46:13,659 - __main__ - INFO - Auto-starting camera...
2026-01-02 13:46:13,660 - camera.camera_manager - INFO - Camera added: camera_0
2026-01-02 13:46:15,798 - camera.camera_manager - INFO - Camera camera_0 connected
2026-01-02 13:46:15,798 - camera.camera_manager - INFO - Camera camera_0 started
2026-01-02 13:46:15,799 - camera.camera_manager - INFO - Camera manager started with 1 cameras
2026-01-02 13:46:15,799 - __main__ - INFO - Auto-detecting scanner...
2026-01-02 13:46:15,805 - __main__ - INFO - Found COM3: {'port': 'COM3', 'description': 'USB Serial Device (COM3)', 'hwid': 'USB VID:PID=152A:880F SER=00000000050C LOCATION=1-9'}
2026-01-02 13:46:15,805 - scanner.scanner_manager - INFO - Scanner added: scanner_1 on COM3
2026-01-02 13:46:15,806 - scanner.com_scanner - INFO - Scanner scanner_1 connected on COM3
2026-01-02 13:46:15,807 - scanner.com_scanner - INFO - Scanner scanner_1 reading thread started
2026-01-02 13:46:15,807 - scanner.scanner_manager - INFO - Scanner manager started with 1 scanners
2026-01-02 13:46:15,807 - __main__ - INFO - Scanner started on COM3
2026-01-02 13:46:15,807 - __main__ - INFO - Auto-started scanner on COM3
2026-01-02 13:46:16,148 - __main__ - INFO - Recording limit set to: 12s
2026-01-02 13:46:16,149 - __main__ - INFO - Device states synced with frontend
2026-01-02 13:46:17,708 - camera.camera_manager - WARNING - Camera camera_0 too many failures, reconnecting...
2026-01-02 13:46:20,465 - camera.camera_manager - INFO - Camera camera_0 connected
2026-01-02 13:46:22,832 - scanner.com_scanner - INFO - Decoded text from scanner_1: 'https://manage.lemiex.us/track/20?stt=3&item_id=3?item_id=22'
2026-01-02 13:46:22,832 - scanner.com_scanner - INFO - Scanner scanner_1 scan: https://manage.lemiex.us/track/20?stt=3&item_id=3?item_id=22
2026-01-02 13:46:22,833 - __main__ - INFO - Scan received: https://manage.lemiex.us/track/20?stt=3&item_id=3?item_id=22
2026-01-02 13:46:22,833 - __main__ - INFO - Calling track API: https://manage.lemiex.us/api/orders/track/20?stt=3&item_id=3&item_id=22
2026-01-02 13:46:23,988 - __main__ - INFO - Track API response success, items count: 3
2026-01-02 13:46:23,989 - __main__ - INFO - Track result items: 3
2026-01-02 13:46:25,116 - __main__ - ERROR - Failed to activate QC position front: 405
2026-01-02 13:47:55,140 - __main__ - INFO - Starting Lemiex Order Manager (Eel UI)
2026-01-02 13:47:55,141 - __main__ - INFO - Starting as desktop app using Edge
2026-01-02 13:47:56,228 - __main__ - INFO - Desktop app launched with PID: 332216
2026-01-02 13:47:56,680 - geventwebsocket.handler - INFO - 127.0.0.1 - - [2026-01-02 13:47:56] "GET /index.html HTTP/1.1" 200 16760 0.000838
2026-01-02 13:47:56,686 - geventwebsocket.handler - INFO - 127.0.0.1 - - [2026-01-02 13:47:56] "GET /eel.js HTTP/1.1" 200 6415 0.000272
2026-01-02 13:47:56,687 - geventwebsocket.handler - INFO - 127.0.0.1 - - [2026-01-02 13:47:56] "GET /css/style.css HTTP/1.1" 200 7621 0.000521
2026-01-02 13:47:56,688 - geventwebsocket.handler - INFO - 127.0.0.1 - - [2026-01-02 13:47:56] "GET /js/app.js HTTP/1.1" 200 61597 0.000514
2026-01-02 13:47:56,904 - geventwebsocket.handler - INFO - 127.0.0.1 - - [2026-01-02 13:47:56] "GET /favicon.ico HTTP/1.1" 404 882 0.001886
2026-01-02 13:47:58,276 - __main__ - INFO - Auto-starting camera...
2026-01-02 13:47:58,277 - camera.camera_manager - INFO - Camera added: camera_0
2026-01-02 13:48:00,741 - camera.camera_manager - INFO - Camera camera_0 connected
2026-01-02 13:48:00,741 - camera.camera_manager - INFO - Camera camera_0 started
2026-01-02 13:48:00,741 - camera.camera_manager - INFO - Camera manager started with 1 cameras
2026-01-02 13:48:00,742 - __main__ - INFO - Auto-detecting scanner...
2026-01-02 13:48:00,747 - __main__ - INFO - Found COM3: {'port': 'COM3', 'description': 'USB Serial Device (COM3)', 'hwid': 'USB VID:PID=152A:880F SER=00000000050C LOCATION=1-9'}
2026-01-02 13:48:00,748 - scanner.scanner_manager - INFO - Scanner added: scanner_1 on COM3
2026-01-02 13:48:00,750 - scanner.com_scanner - INFO - Scanner scanner_1 connected on COM3
2026-01-02 13:48:00,750 - scanner.com_scanner - INFO - Scanner scanner_1 reading thread started
2026-01-02 13:48:00,751 - scanner.scanner_manager - INFO - Scanner manager started with 1 scanners
2026-01-02 13:48:00,751 - __main__ - INFO - Scanner started on COM3
2026-01-02 13:48:00,751 - __main__ - INFO - Auto-started scanner on COM3
2026-01-02 13:48:01,142 - __main__ - INFO - Recording limit set to: 12s
2026-01-02 13:48:01,143 - __main__ - INFO - Device states synced with frontend
2026-01-02 13:48:02,693 - camera.camera_manager - WARNING - Camera camera_0 too many failures, reconnecting...
2026-01-02 13:48:05,640 - camera.camera_manager - INFO - Camera camera_0 connected
2026-01-02 13:48:07,118 - scanner.com_scanner - INFO - Decoded text from scanner_1: 'https://manage.lemiex.us/track/20?stt=3&item_id=3?item_id=22'
2026-01-02 13:48:07,118 - scanner.com_scanner - INFO - Scanner scanner_1 scan: https://manage.lemiex.us/track/20?stt=3&item_id=3?item_id=22
2026-01-02 13:48:07,119 - __main__ - INFO - Scan received: https://manage.lemiex.us/track/20?stt=3&item_id=3?item_id=22
2026-01-02 13:48:07,120 - __main__ - INFO - Calling track API: https://manage.lemiex.us/api/orders/track/20?stt=3&item_id=3&item_id=22
2026-01-02 13:48:08,245 - __main__ - INFO - Track API response success, items count: 3
2026-01-02 13:48:08,246 - __main__ - INFO - Track result items: 3
2026-01-02 13:48:08,248 - __main__ - INFO - Calling QC API: POST https://manage.lemiex.us/api/orders/change-status-items
2026-01-02 13:48:08,249 - __main__ - INFO - Payload: {'item_id': 22, 'meta_key': 'front', 'status': True}
2026-01-02 13:48:09,330 - __main__ - INFO - Response status: 405
2026-01-02 13:48:09,330 - __main__ - ERROR - Failed to activate QC position front: 405
2026-01-02 13:48:16,737 - geventwebsocket.handler - INFO - 127.0.0.1 - - [2026-01-02 13:48:16] "GET /css/style.css HTTP/1.1" 200 7621 0.003047
2026-01-02 13:48:16,773 - geventwebsocket.handler - INFO - 127.0.0.1 - - [2026-01-02 13:48:16] "GET /.well-known/appspecific/com.chrome.devtools.json HTTP/1.1" 404 919 0.021793
2026-01-02 13:49:33,979 - __main__ - INFO - Starting Lemiex Order Manager (Eel UI)
2026-01-02 13:49:33,980 - __main__ - INFO - Starting as desktop app using Edge
2026-01-02 13:49:34,990 - __main__ - INFO - Desktop app launched with PID: 482052
2026-01-02 13:49:35,452 - geventwebsocket.handler - INFO - 127.0.0.1 - - [2026-01-02 13:49:35] "GET /index.html HTTP/1.1" 200 16760 0.000966
2026-01-02 13:49:35,459 - geventwebsocket.handler - INFO - 127.0.0.1 - - [2026-01-02 13:49:35] "GET /eel.js HTTP/1.1" 200 6415 0.000328
2026-01-02 13:49:35,461 - geventwebsocket.handler - INFO - 127.0.0.1 - - [2026-01-02 13:49:35] "GET /css/style.css HTTP/1.1" 200 7621 0.000594
2026-01-02 13:49:35,463 - geventwebsocket.handler - INFO - 127.0.0.1 - - [2026-01-02 13:49:35] "GET /js/app.js HTTP/1.1" 200 61597 0.000681
2026-01-02 13:49:38,272 - __main__ - INFO - Auto-starting camera...
2026-01-02 13:49:38,273 - camera.camera_manager - INFO - Camera added: camera_0
2026-01-02 13:49:40,788 - camera.camera_manager - INFO - Camera camera_0 connected
2026-01-02 13:49:40,789 - camera.camera_manager - INFO - Camera camera_0 started
2026-01-02 13:49:40,789 - camera.camera_manager - INFO - Camera manager started with 1 cameras
2026-01-02 13:49:40,789 - __main__ - INFO - Auto-detecting scanner...
2026-01-02 13:49:40,795 - __main__ - INFO - Found COM3: {'port': 'COM3', 'description': 'USB Serial Device (COM3)', 'hwid': 'USB VID:PID=152A:880F SER=00000000050C LOCATION=1-9'}
2026-01-02 13:49:40,796 - scanner.scanner_manager - INFO - Scanner added: scanner_1 on COM3
2026-01-02 13:49:40,797 - scanner.com_scanner - INFO - Scanner scanner_1 connected on COM3
2026-01-02 13:49:40,798 - scanner.com_scanner - INFO - Scanner scanner_1 reading thread started
2026-01-02 13:49:40,798 - scanner.scanner_manager - INFO - Scanner manager started with 1 scanners
2026-01-02 13:49:40,798 - __main__ - INFO - Scanner started on COM3
2026-01-02 13:49:40,798 - __main__ - INFO - Auto-started scanner on COM3
2026-01-02 13:49:41,137 - __main__ - INFO - Recording limit set to: 12s
2026-01-02 13:49:41,137 - __main__ - INFO - Device states synced with frontend
2026-01-02 13:49:41,140 - geventwebsocket.handler - INFO - 127.0.0.1 - - [2026-01-02 13:49:41] "GET /favicon.ico HTTP/1.1" 404 882 0.002288
2026-01-02 13:49:42,713 - camera.camera_manager - WARNING - Camera camera_0 too many failures, reconnecting...
2026-01-02 13:49:45,434 - camera.camera_manager - INFO - Camera camera_0 connected
2026-01-02 13:49:46,568 - scanner.com_scanner - INFO - Decoded text from scanner_1: 'https://manage.lemiex.us/track/20?stt=3&item_id=3?item_id=22'
2026-01-02 13:49:46,696 - scanner.com_scanner - INFO - Scanner scanner_1 scan: https://manage.lemiex.us/track/20?stt=3&item_id=3?item_id=22
2026-01-02 13:49:46,700 - __main__ - INFO - Scan received: https://manage.lemiex.us/track/20?stt=3&item_id=3?item_id=22
2026-01-02 13:49:46,708 - __main__ - INFO - Calling track API: https://manage.lemiex.us/api/orders/track/20?stt=3&item_id=3&item_id=22
2026-01-02 13:49:48,032 - __main__ - INFO - Track API response success, items count: 3
2026-01-02 13:49:48,033 - __main__ - INFO - Track result items: 3
2026-01-02 13:49:48,035 - __main__ - INFO - Calling QC API: POST https://manage.lemiex.us/api/orders/change-status-items
2026-01-02 13:49:48,036 - __main__ - INFO - Payload: {'item_id': 22, 'meta_key': 'front', 'status': True}
2026-01-02 13:49:49,197 - __main__ - INFO - Response status: 405
2026-01-02 13:49:49,198 - __main__ - ERROR - Failed to activate QC position front: 405
2026-01-02 13:50:27,983 - __main__ - INFO - Starting Lemiex Order Manager (Eel UI)
2026-01-02 13:50:27,984 - __main__ - INFO - Starting as desktop app using Edge
2026-01-02 13:50:28,993 - __main__ - INFO - Desktop app launched with PID: 48848
2026-01-02 13:50:29,409 - geventwebsocket.handler - INFO - 127.0.0.1 - - [2026-01-02 13:50:29] "GET /index.html HTTP/1.1" 200 16760 0.001106
2026-01-02 13:50:29,417 - geventwebsocket.handler - INFO - 127.0.0.1 - - [2026-01-02 13:50:29] "GET /eel.js HTTP/1.1" 200 6415 0.000343
2026-01-02 13:50:29,418 - geventwebsocket.handler - INFO - 127.0.0.1 - - [2026-01-02 13:50:29] "GET /css/style.css HTTP/1.1" 200 7621 0.000575
2026-01-02 13:50:29,420 - geventwebsocket.handler - INFO - 127.0.0.1 - - [2026-01-02 13:50:29] "GET /js/app.js HTTP/1.1" 200 61597 0.000603
2026-01-02 13:50:29,640 - geventwebsocket.handler - INFO - 127.0.0.1 - - [2026-01-02 13:50:29] "GET /favicon.ico HTTP/1.1" 404 882 0.002256
2026-01-02 13:50:31,297 - __main__ - INFO - Auto-starting camera...
2026-01-02 13:50:31,297 - camera.camera_manager - INFO - Camera added: camera_0
2026-01-02 13:50:33,579 - camera.camera_manager - INFO - Camera camera_0 connected
2026-01-02 13:50:33,579 - camera.camera_manager - INFO - Camera camera_0 started
2026-01-02 13:50:33,579 - camera.camera_manager - INFO - Camera manager started with 1 cameras
2026-01-02 13:50:33,580 - __main__ - INFO - Auto-detecting scanner...
2026-01-02 13:50:33,585 - __main__ - INFO - Found COM3: {'port': 'COM3', 'description': 'USB Serial Device (COM3)', 'hwid': 'USB VID:PID=152A:880F SER=00000000050C LOCATION=1-9'}
2026-01-02 13:50:33,586 - scanner.scanner_manager - INFO - Scanner added: scanner_1 on COM3
2026-01-02 13:50:33,587 - scanner.com_scanner - INFO - Scanner scanner_1 connected on COM3
2026-01-02 13:50:33,588 - scanner.com_scanner - INFO - Scanner scanner_1 reading thread started
2026-01-02 13:50:33,590 - scanner.scanner_manager - INFO - Scanner manager started with 1 scanners
2026-01-02 13:50:33,590 - __main__ - INFO - Scanner started on COM3
2026-01-02 13:50:33,591 - __main__ - INFO - Auto-started scanner on COM3
2026-01-02 13:50:34,002 - __main__ - INFO - Recording limit set to: 12s
2026-01-02 13:50:34,003 - __main__ - INFO - Device states synced with frontend
2026-01-02 13:50:35,525 - camera.camera_manager - WARNING - Camera camera_0 too many failures, reconnecting...
2026-01-02 13:50:38,398 - scanner.com_scanner - INFO - Decoded text from scanner_1: 'https://manage.lemiex.us/track/20?stt=3&item_id=3?item_id=22'
2026-01-02 13:50:38,399 - scanner.com_scanner - INFO - Scanner scanner_1 scan: https://manage.lemiex.us/track/20?stt=3&item_id=3?item_id=22
2026-01-02 13:50:38,399 - __main__ - INFO - Scan received: https://manage.lemiex.us/track/20?stt=3&item_id=3?item_id=22
2026-01-02 13:50:38,400 - __main__ - INFO - Calling track API: https://manage.lemiex.us/api/orders/track/20?stt=3&item_id=3&item_id=22
2026-01-02 13:50:38,892 - camera.camera_manager - INFO - Camera camera_0 connected
2026-01-02 13:50:39,580 - __main__ - INFO - Track API response success, items count: 3
2026-01-02 13:50:39,580 - __main__ - INFO - Track result items: 3
2026-01-02 13:50:39,583 - __main__ - INFO - Calling QC API: PUT https://manage.lemiex.us/api/orders/change-status-items
2026-01-02 13:50:39,584 - __main__ - INFO - Payload: {'item_id': 22, 'meta_key': 'front', 'status': True}
2026-01-02 13:50:40,789 - __main__ - INFO - Response status: 400
2026-01-02 13:50:40,790 - __main__ - ERROR - Failed to activate QC position front: 400
2026-01-02 13:51:19,796 - __main__ - INFO - Starting Lemiex Order Manager (Eel UI)
2026-01-02 13:51:19,797 - __main__ - INFO - Starting as desktop app using Edge
2026-01-02 13:51:20,806 - __main__ - INFO - Desktop app launched with PID: 4852
2026-01-02 13:51:21,221 - geventwebsocket.handler - INFO - 127.0.0.1 - - [2026-01-02 13:51:21] "GET /index.html HTTP/1.1" 200 16760 0.000708
2026-01-02 13:51:21,227 - geventwebsocket.handler - INFO - 127.0.0.1 - - [2026-01-02 13:51:21] "GET /eel.js HTTP/1.1" 200 6415 0.000319
2026-01-02 13:51:21,228 - geventwebsocket.handler - INFO - 127.0.0.1 - - [2026-01-02 13:51:21] "GET /css/style.css HTTP/1.1" 200 7621 0.000588
2026-01-02 13:51:21,229 - geventwebsocket.handler - INFO - 127.0.0.1 - - [2026-01-02 13:51:21] "GET /js/app.js HTTP/1.1" 200 61597 0.000515
2026-01-02 13:51:21,410 - geventwebsocket.handler - INFO - 127.0.0.1 - - [2026-01-02 13:51:21] "GET /favicon.ico HTTP/1.1" 404 882 0.002042
2026-01-02 13:51:22,784 - __main__ - INFO - Auto-starting camera...
2026-01-02 13:51:22,785 - camera.camera_manager - INFO - Camera added: camera_0
2026-01-02 13:51:25,993 - camera.camera_manager - INFO - Camera camera_0 connected
2026-01-02 13:51:25,994 - camera.camera_manager - INFO - Camera camera_0 started
2026-01-02 13:51:25,994 - camera.camera_manager - INFO - Camera manager started with 1 cameras
2026-01-02 13:51:25,995 - __main__ - INFO - Auto-detecting scanner...
2026-01-02 13:51:26,001 - __main__ - INFO - Found COM3: {'port': 'COM3', 'description': 'USB Serial Device (COM3)', 'hwid': 'USB VID:PID=152A:880F SER=00000000050C LOCATION=1-9'}
2026-01-02 13:51:26,001 - scanner.scanner_manager - INFO - Scanner added: scanner_1 on COM3
2026-01-02 13:51:26,003 - scanner.com_scanner - INFO - Scanner scanner_1 connected on COM3
2026-01-02 13:51:26,004 - scanner.com_scanner - INFO - Scanner scanner_1 reading thread started
2026-01-02 13:51:26,004 - scanner.scanner_manager - INFO - Scanner manager started with 1 scanners
2026-01-02 13:51:26,004 - __main__ - INFO - Scanner started on COM3
2026-01-02 13:51:26,004 - __main__ - INFO - Auto-started scanner on COM3
2026-01-02 13:51:26,393 - __main__ - INFO - Recording limit set to: 12s
2026-01-02 13:51:26,396 - __main__ - INFO - Device states synced with frontend
2026-01-02 13:51:27,903 - camera.camera_manager - WARNING - Camera camera_0 too many failures, reconnecting...
2026-01-02 13:51:30,633 - camera.camera_manager - INFO - Camera camera_0 connected
2026-01-02 13:51:30,977 - scanner.com_scanner - INFO - Decoded text from scanner_1: 'https://manage.lemiex.us/track/20?stt=3&item_id=3?item_id=22'
2026-01-02 13:51:30,978 - scanner.com_scanner - INFO - Scanner scanner_1 scan: https://manage.lemiex.us/track/20?stt=3&item_id=3?item_id=22
2026-01-02 13:51:30,978 - __main__ - INFO - Scan received: https://manage.lemiex.us/track/20?stt=3&item_id=3?item_id=22
2026-01-02 13:51:30,978 - __main__ - INFO - Calling track API: https://manage.lemiex.us/api/orders/track/20?stt=3&item_id=3&item_id=22
2026-01-02 13:51:33,189 - __main__ - INFO - Track API response success, items count: 3
2026-01-02 13:51:33,189 - __main__ - INFO - Track result items: 3
2026-01-02 13:51:33,191 - __main__ - INFO - Calling QC API: PUT https://manage.lemiex.us/api/orders/change-status-items
2026-01-02 13:51:33,191 - __main__ - INFO - Payload: {'item_id': 22, 'meta_key': 'front', 'status': True}
2026-01-02 13:51:34,281 - __main__ - INFO - Response status: 400
2026-01-02 13:51:34,281 - __main__ - INFO - Response body: {"code":400,"status":false,"message":"Order must be in producing status before QC. Current status: qc_pass","data":null}
2026-01-02 13:51:34,281 - __main__ - ERROR - Failed to activate QC position front: 400
2026-01-02 14:08:33,275 - scanner.com_scanner - INFO - Decoded text from scanner_1: 'https://manage.lemiex.us/track/20?stt=3&item_id=3?item_id=22'
2026-01-02 14:08:33,275 - scanner.com_scanner - INFO - Scanner scanner_1 scan: https://manage.lemiex.us/track/20?stt=3&item_id=3?item_id=22
2026-01-02 14:08:33,275 - __main__ - INFO - Scan received: https://manage.lemiex.us/track/20?stt=3&item_id=3?item_id=22
2026-01-02 14:08:33,275 - __main__ - INFO - Calling track API: https://manage.lemiex.us/api/orders/track/20?stt=3&item_id=3&item_id=22
2026-01-02 14:08:35,184 - __main__ - INFO - Track API response success, items count: 3
2026-01-02 14:08:35,185 - __main__ - INFO - Track result items: 3
2026-01-02 14:08:35,188 - __main__ - INFO - Calling QC API: PUT https://manage.lemiex.us/api/orders/change-status-items
2026-01-02 14:08:35,188 - __main__ - INFO - Payload: {'item_id': 22, 'meta_key': 'front', 'status': True}
2026-01-02 14:08:36,479 - __main__ - INFO - Response status: 200
2026-01-02 14:08:36,479 - __main__ - INFO - QC activated for item 22, position: front
2026-01-02 14:08:51,793 - scanner.com_scanner - INFO - Decoded text from scanner_1: 'https://manage.lemiex.us/track/20?stt=1&item_id=1?item_id=20'
2026-01-02 14:08:51,793 - scanner.com_scanner - INFO - Scanner scanner_1 scan: https://manage.lemiex.us/track/20?stt=1&item_id=1?item_id=20
2026-01-02 14:08:51,794 - __main__ - INFO - Scan received: https://manage.lemiex.us/track/20?stt=1&item_id=1?item_id=20
2026-01-02 14:08:51,794 - __main__ - INFO - Calling track API: https://manage.lemiex.us/api/orders/track/20?stt=1&item_id=1&item_id=20
2026-01-02 14:08:54,228 - __main__ - INFO - Track API response success, items count: 3
2026-01-02 14:08:54,228 - __main__ - INFO - Track result items: 3
2026-01-02 14:08:54,230 - __main__ - INFO - Calling QC API: PUT https://manage.lemiex.us/api/orders/change-status-items
2026-01-02 14:08:54,231 - __main__ - INFO - Payload: {'item_id': 20, 'meta_key': 'front', 'status': True}
2026-01-02 14:08:55,358 - __main__ - INFO - Response status: 200
2026-01-02 14:08:55,360 - __main__ - INFO - QC activated for item 20, position: front
2026-01-02 14:08:55,366 - __main__ - INFO - Calling QC API: PUT https://manage.lemiex.us/api/orders/change-status-items
2026-01-02 14:08:55,367 - __main__ - INFO - Payload: {'item_id': 20, 'meta_key': 'sleeve_left', 'status': True}
2026-01-02 14:08:56,474 - __main__ - INFO - Response status: 200
2026-01-02 14:08:56,474 - __main__ - INFO - QC activated for item 20, position: sleeve_left
2026-01-02 14:21:15,864 - services.order_service - INFO - Order loaded: #20 (ref: emb1538_577124192714462077)
2026-01-02 14:21:15,864 - activity - INFO - [order_view] Order viewed: #20 (ref: emb1538_577124192714462077)
2026-01-02 14:21:16,083 - camera.camera_manager - INFO - Camera camera_0 started recording: D:\2025 Code\Lemiex-app-qc\temp_videos\order_20_20260102_142115.avi at (1280, 720)
2026-01-02 14:21:16,084 - services.recording_service - INFO - Recording started: 20 -> D:\2025 Code\Lemiex-app-qc\temp_videos\order_20_20260102_142115.avi
2026-01-02 14:21:16,085 - __main__ - INFO - Recording started for order: RecordingSession(id='8350cf81-fbd0-4c85-b5c4-91ef0754d8c7', order_id='20', camera_id='camera_0', status=<RecordingStatus.RECORDING: 'recording'>, start_time=datetime.datetime(2026, 1, 2, 14, 21, 16, 84385), end_time=None, file_path=WindowsPath('D:/2025 Code/Lemiex-app-qc/temp_videos/order_20_20260102_142115.avi'), file_size=0, duration_seconds=0.0, upload_url='', upload_progress=0.0, error_message='', retry_count=0)
2026-01-02 14:21:27,755 - geventwebsocket.handler - INFO - 127.0.0.1 - - [2026-01-02 14:21:27] "GET /css/style.css HTTP/1.1" 200 7621 0.006140
2026-01-02 14:21:27,879 - geventwebsocket.handler - INFO - 127.0.0.1 - - [2026-01-02 14:21:27] "GET /.well-known/appspecific/com.chrome.devtools.json HTTP/1.1" 404 919 0.001442
2026-01-02 14:21:28,269 - __main__ - INFO - Recording limit reached: 12s >= 12s
2026-01-02 14:21:28,312 - camera.camera_manager - INFO - Camera camera_0 stopped recording
2026-01-02 14:21:28,315 - services.recording_service - INFO - Recording stopped: 20, duration: 12.2s
2026-01-02 14:21:28,317 - __main__ - INFO - Recording stopped: RecordingSession(id='8350cf81-fbd0-4c85-b5c4-91ef0754d8c7', order_id='20', camera_id='camera_0', status=<RecordingStatus.PROCESSING: 'processing'>, start_time=datetime.datetime(2026, 1, 2, 14, 21, 16, 84385), end_time=datetime.datetime(2026, 1, 2, 14, 21, 28, 315346), file_path=WindowsPath('D:/2025 Code/Lemiex-app-qc/temp_videos/order_20_20260102_142115.avi'), file_size=0, duration_seconds=12.230961, upload_url='', upload_progress=0.0, error_message='', retry_count=0)
2026-01-02 14:21:33,276 - services.b2_uploader - ERROR - Failed to initialize B2: Invalid authorization token. Server said:  (bad_auth_token)
2026-01-02 14:27:49,083 - __main__ - INFO - Starting Lemiex Order Manager (Eel UI)
2026-01-02 14:27:49,084 - __main__ - INFO - Starting as desktop app using Edge
2026-01-02 14:27:50,093 - __main__ - INFO - Desktop app launched with PID: 159192
2026-01-02 14:27:50,510 - geventwebsocket.handler - INFO - 127.0.0.1 - - [2026-01-02 14:27:50] "GET /index.html HTTP/1.1" 200 16760 0.001004
2026-01-02 14:27:50,521 - geventwebsocket.handler - INFO - 127.0.0.1 - - [2026-01-02 14:27:50] "GET /eel.js HTTP/1.1" 200 6415 0.000442
2026-01-02 14:27:50,525 - geventwebsocket.handler - INFO - 127.0.0.1 - - [2026-01-02 14:27:50] "GET /css/style.css HTTP/1.1" 200 7621 0.000851
2026-01-02 14:27:50,527 - geventwebsocket.handler - INFO - 127.0.0.1 - - [2026-01-02 14:27:50] "GET /js/app.js HTTP/1.1" 200 61762 0.000697
2026-01-02 14:27:50,735 - geventwebsocket.handler - INFO - 127.0.0.1 - - [2026-01-02 14:27:50] "GET /favicon.ico HTTP/1.1" 404 882 0.001873
2026-01-02 14:27:52,131 - __main__ - INFO - Auto-starting camera...
2026-01-02 14:27:52,131 - camera.camera_manager - INFO - Camera added: camera_0
2026-01-02 14:27:55,373 - camera.camera_manager - INFO - Camera camera_0 connected
2026-01-02 14:27:55,375 - camera.camera_manager - INFO - Camera camera_0 started
2026-01-02 14:27:55,375 - camera.camera_manager - INFO - Camera manager started with 1 cameras
2026-01-02 14:27:55,376 - __main__ - INFO - Auto-detecting scanner...
2026-01-02 14:27:55,495 - __main__ - INFO - Found COM3: {'port': 'COM3', 'description': 'USB Serial Device (COM3)', 'hwid': 'USB VID:PID=152A:880F SER=00000000050C LOCATION=1-9'}
2026-01-02 14:27:55,603 - scanner.scanner_manager - INFO - Scanner added: scanner_1 on COM3
2026-01-02 14:27:55,872 - scanner.com_scanner - INFO - Scanner scanner_1 connected on COM3
2026-01-02 14:27:55,891 - scanner.com_scanner - INFO - Scanner scanner_1 reading thread started
2026-01-02 14:27:55,891 - scanner.scanner_manager - INFO - Scanner manager started with 1 scanners
2026-01-02 14:27:55,995 - __main__ - INFO - Scanner started on COM3
2026-01-02 14:27:56,004 - __main__ - INFO - Auto-started scanner on COM3
2026-01-02 14:27:56,537 - __main__ - INFO - Recording limit set to: 12s
2026-01-02 14:27:56,539 - __main__ - INFO - Device states synced with frontend
2026-01-02 14:27:58,052 - camera.camera_manager - WARNING - Camera camera_0 too many failures, reconnecting...
2026-01-02 14:28:01,158 - camera.camera_manager - INFO - Camera camera_0 connected
2026-01-02 14:28:08,662 - scanner.com_scanner - INFO - Decoded text from scanner_1: 'https://manage.lemiex.us/track/19?stt=1&item_id=1'
2026-01-02 14:28:08,691 - scanner.com_scanner - INFO - Scanner scanner_1 scan: https://manage.lemiex.us/track/19?stt=1&item_id=1
2026-01-02 14:28:08,698 - __main__ - INFO - Scan received: https://manage.lemiex.us/track/19?stt=1&item_id=1
2026-01-02 14:28:08,707 - __main__ - INFO - Calling track API: https://manage.lemiex.us/api/orders/track/19?stt=1&item_id=1
2026-01-02 14:28:11,487 - __main__ - INFO - Track API response success, items count: 2
2026-01-02 14:28:11,489 - __main__ - INFO - Track result items: 2
2026-01-02 14:28:11,493 - __main__ - INFO - Calling QC API: PUT https://manage.lemiex.us/api/orders/change-status-items
2026-01-02 14:28:11,493 - __main__ - INFO - Payload: {'item_id': 18, 'meta_key': 'front', 'status': True}
2026-01-02 14:28:12,659 - __main__ - INFO - Response status: 200
2026-01-02 14:28:12,660 - __main__ - INFO - QC activated for item 18, position: front
2026-01-02 14:28:56,063 - geventwebsocket.handler - INFO - 127.0.0.1 - - [2026-01-02 14:28:56] "GET /css/style.css HTTP/1.1" 200 7621 0.006297
2026-01-02 14:28:56,148 - geventwebsocket.handler - INFO - 127.0.0.1 - - [2026-01-02 14:28:56] "GET /.well-known/appspecific/com.chrome.devtools.json HTTP/1.1" 404 919 0.000341
2026-01-02 14:29:18,470 - scanner.com_scanner - INFO - Decoded text from scanner_1: 'https://manage.lemiex.us/track/19?stt=2&item_id=2'
2026-01-02 14:29:18,471 - scanner.com_scanner - INFO - Scanner scanner_1 scan: https://manage.lemiex.us/track/19?stt=2&item_id=2
2026-01-02 14:29:18,471 - __main__ - INFO - Scan received: https://manage.lemiex.us/track/19?stt=2&item_id=2
2026-01-02 14:29:18,471 - __main__ - INFO - Calling track API: https://manage.lemiex.us/api/orders/track/19?stt=2&item_id=2
2026-01-02 14:29:21,620 - __main__ - INFO - Track API response success, items count: 2
2026-01-02 14:29:21,620 - __main__ - INFO - Track result items: 2
2026-01-02 14:29:21,622 - __main__ - INFO - Calling QC API: PUT https://manage.lemiex.us/api/orders/change-status-items
2026-01-02 14:29:21,622 - __main__ - INFO - Payload: {'item_id': 18, 'meta_key': 'front', 'status': True}
2026-01-02 14:29:22,767 - __main__ - INFO - Response status: 200
2026-01-02 14:29:22,768 - __main__ - INFO - QC activated for item 18, position: front
2026-01-02 14:30:39,088 - scanner.com_scanner - INFO - Decoded text from scanner_1: 'https://manage.lemiex.us/track/21?stt=1&item_id=1'
2026-01-02 14:30:39,088 - scanner.com_scanner - INFO - Scanner scanner_1 scan: https://manage.lemiex.us/track/21?stt=1&item_id=1
2026-01-02 14:30:39,089 - __main__ - INFO - Scan received: https://manage.lemiex.us/track/21?stt=1&item_id=1
2026-01-02 14:30:39,089 - __main__ - INFO - Calling track API: https://manage.lemiex.us/api/orders/track/21?stt=1&item_id=1
2026-01-02 14:30:41,956 - __main__ - INFO - Track API response success, items count: 4
2026-01-02 14:30:41,956 - __main__ - INFO - Track result items: 4
2026-01-02 14:30:41,960 - __main__ - INFO - Calling QC API: PUT https://manage.lemiex.us/api/orders/change-status-items
2026-01-02 14:30:41,961 - __main__ - INFO - Payload: {'item_id': 23, 'meta_key': 'front', 'status': True}
2026-01-02 14:30:43,089 - __main__ - INFO - Response status: 200
2026-01-02 14:30:43,090 - __main__ - INFO - QC activated for item 23, position: front
2026-01-02 14:31:08,738 - scanner.com_scanner - INFO - Decoded text from scanner_1: 'https://manage.lemiex.us/track/21?stt=2&item_id=2'
2026-01-02 14:31:08,744 - scanner.com_scanner - INFO - Scanner scanner_1 scan: https://manage.lemiex.us/track/21?stt=2&item_id=2
2026-01-02 14:31:08,745 - __main__ - INFO - Scan received: https://manage.lemiex.us/track/21?stt=2&item_id=2
2026-01-02 14:31:08,745 - __main__ - INFO - Calling track API: https://manage.lemiex.us/api/orders/track/21?stt=2&item_id=2
2026-01-02 14:31:13,058 - __main__ - INFO - Track API response success, items count: 4
2026-01-02 14:31:13,059 - __main__ - INFO - Track result items: 4
2026-01-02 14:31:13,061 - __main__ - INFO - Calling QC API: PUT https://manage.lemiex.us/api/orders/change-status-items
2026-01-02 14:31:13,062 - __main__ - INFO - Payload: {'item_id': 23, 'meta_key': 'front', 'status': True}
2026-01-02 14:31:14,226 - __main__ - INFO - Response status: 200
2026-01-02 14:31:14,226 - __main__ - INFO - QC activated for item 23, position: front
2026-01-02 14:36:46,774 - __main__ - INFO - Calling QC API: PUT https://manage.lemiex.us/api/orders/change-status-items
2026-01-02 14:36:46,775 - __main__ - INFO - Payload: {'item_id': 23, 'meta_key': 'front', 'status': True}
2026-01-02 14:36:47,987 - __main__ - INFO - Response status: 200
2026-01-02 14:36:47,987 - __main__ - INFO - QC activated for item 23, position: front
2026-01-02 14:36:50,583 - services.order_service - INFO - Order loaded: #21 (ref: emb1554_577124704652660858)
2026-01-02 14:36:50,584 - activity - INFO - [order_view] Order viewed: #21 (ref: emb1554_577124704652660858)
2026-01-02 14:36:50,599 - camera.camera_manager - INFO - Camera camera_0 started recording: D:\2025 Code\Lemiex-app-qc\temp_videos\order_21_20260102_143650.avi at (1280, 720)
2026-01-02 14:36:50,599 - services.recording_service - INFO - Recording started: 21 -> D:\2025 Code\Lemiex-app-qc\temp_videos\order_21_20260102_143650.avi
2026-01-02 14:36:50,599 - __main__ - INFO - Recording started for order: RecordingSession(id='51997118-bdc2-4b5b-a483-73725bc6e199', order_id='21', camera_id='camera_0', status=<RecordingStatus.RECORDING: 'recording'>, start_time=datetime.datetime(2026, 1, 2, 14, 36, 50, 599401), end_time=None, file_path=WindowsPath('D:/2025 Code/Lemiex-app-qc/temp_videos/order_21_20260102_143650.avi'), file_size=0, duration_seconds=0.0, upload_url='', upload_progress=0.0, error_message='', retry_count=0)
2026-01-02 14:37:02,634 - __main__ - INFO - Recording limit reached: 12s >= 12s
2026-01-02 14:37:02,637 - camera.camera_manager - INFO - Camera camera_0 stopped recording
2026-01-02 14:37:02,637 - services.recording_service - INFO - Recording stopped: 21, duration: 12.0s
2026-01-02 14:37:02,638 - __main__ - INFO - Recording stopped: RecordingSession(id='51997118-bdc2-4b5b-a483-73725bc6e199', order_id='21', camera_id='camera_0', status=<RecordingStatus.PROCESSING: 'processing'>, start_time=datetime.datetime(2026, 1, 2, 14, 36, 50, 599401), end_time=datetime.datetime(2026, 1, 2, 14, 37, 2, 637827), file_path=WindowsPath('D:/2025 Code/Lemiex-app-qc/temp_videos/order_21_20260102_143650.avi'), file_size=0, duration_seconds=12.038426, upload_url='', upload_progress=0.0, error_message='', retry_count=0)
2026-01-02 14:37:04,004 - services.b2_uploader - ERROR - Failed to initialize B2: Invalid authorization token. Server said:  (bad_auth_token)
2026-01-02 14:37:24,901 - services.order_service - INFO - Order loaded: #21 (ref: emb1554_577124704652660858)
2026-01-02 14:37:24,902 - activity - INFO - [order_view] Order viewed: #21 (ref: emb1554_577124704652660858)
2026-01-02 14:37:24,918 - camera.camera_manager - INFO - Camera camera_0 started recording: D:\2025 Code\Lemiex-app-qc\temp_videos\order_21_20260102_143724.avi at (1280, 720)
2026-01-02 14:37:24,919 - services.recording_service - INFO - Recording started: 21 -> D:\2025 Code\Lemiex-app-qc\temp_videos\order_21_20260102_143724.avi
2026-01-02 14:37:24,920 - __main__ - INFO - Recording started for order: RecordingSession(id='458fe1fe-af79-4966-b2a7-cdfa675b618d', order_id='21', camera_id='camera_0', status=<RecordingStatus.RECORDING: 'recording'>, start_time=datetime.datetime(2026, 1, 2, 14, 37, 24, 919798), end_time=None, file_path=WindowsPath('D:/2025 Code/Lemiex-app-qc/temp_videos/order_21_20260102_143724.avi'), file_size=0, duration_seconds=0.0, upload_url='', upload_progress=0.0, error_message='', retry_count=0)
2026-01-02 14:37:36,971 - __main__ - INFO - Recording limit reached: 12s >= 12s
2026-01-02 14:37:36,972 - camera.camera_manager - INFO - Camera camera_0 stopped recording
2026-01-02 14:37:36,973 - services.recording_service - INFO - Recording stopped: 21, duration: 12.1s
2026-01-02 14:37:36,973 - __main__ - INFO - Recording stopped: RecordingSession(id='458fe1fe-af79-4966-b2a7-cdfa675b618d', order_id='21', camera_id='camera_0', status=<RecordingStatus.PROCESSING: 'processing'>, start_time=datetime.datetime(2026, 1, 2, 14, 37, 24, 919798), end_time=datetime.datetime(2026, 1, 2, 14, 37, 36, 973030), file_path=WindowsPath('D:/2025 Code/Lemiex-app-qc/temp_videos/order_21_20260102_143724.avi'), file_size=0, duration_seconds=12.053232, upload_url='', upload_progress=0.0, error_message='', retry_count=0)
2026-01-02 14:37:37,978 - services.b2_uploader - ERROR - Failed to initialize B2: Invalid authorization token. Server said:  (bad_auth_token)
2026-01-02 14:41:45,876 - scanner.com_scanner - INFO - Decoded text from scanner_1: 'https://manage.lemiex.us/track/21?stt=2&item_id=24&item_stt=2'
2026-01-02 14:41:45,876 - scanner.com_scanner - INFO - Scanner scanner_1 scan: https://manage.lemiex.us/track/21?stt=2&item_id=24&item_stt=2
2026-01-02 14:41:45,876 - __main__ - INFO - Scan received: https://manage.lemiex.us/track/21?stt=2&item_id=24&item_stt=2
2026-01-02 14:41:45,877 - __main__ - INFO - Calling track API: https://manage.lemiex.us/api/orders/track/21?stt=2&item_id=24&item_stt=2
2026-01-02 14:41:48,571 - __main__ - INFO - Track API response success, items count: 4
2026-01-02 14:41:48,572 - __main__ - INFO - Track result items: 4
2026-01-02 14:41:48,574 - __main__ - INFO - Calling QC API: PUT https://manage.lemiex.us/api/orders/change-status-items
2026-01-02 14:41:48,576 - __main__ - INFO - Payload: {'item_id': 24, 'meta_key': 'front', 'status': True}
2026-01-02 14:41:49,779 - __main__ - INFO - Response status: 200
2026-01-02 14:41:49,781 - __main__ - INFO - QC activated for item 24, position: front
2026-01-02 14:41:49,782 - __main__ - INFO - Calling QC API: PUT https://manage.lemiex.us/api/orders/change-status-items
2026-01-02 14:41:49,782 - __main__ - INFO - Payload: {'item_id': 24, 'meta_key': 'sleeve_left', 'status': True}
2026-01-02 14:41:50,941 - __main__ - INFO - Response status: 200
2026-01-02 14:41:50,942 - __main__ - INFO - QC activated for item 24, position: sleeve_left
2026-01-02 14:42:20,131 - __main__ - INFO - Calling QC API: PUT https://manage.lemiex.us/api/orders/change-status-items
2026-01-02 14:42:20,132 - __main__ - INFO - Payload: {'item_id': 24, 'meta_key': 'front', 'status': True}
2026-01-02 14:42:21,326 - __main__ - INFO - Response status: 200
2026-01-02 14:42:21,327 - __main__ - INFO - QC activated for item 24, position: front
2026-01-02 14:42:23,485 - services.order_service - INFO - Order loaded: #21 (ref: emb1554_577124704652660858)
2026-01-02 14:42:23,502 - activity - INFO - [order_view] Order viewed: #21 (ref: emb1554_577124704652660858)
2026-01-02 14:42:23,524 - camera.camera_manager - INFO - Camera camera_0 started recording: D:\2025 Code\Lemiex-app-qc\temp_videos\order_21_20260102_144223.avi at (1280, 720)
2026-01-02 14:42:23,535 - services.recording_service - INFO - Recording started: 21 -> D:\2025 Code\Lemiex-app-qc\temp_videos\order_21_20260102_144223.avi
2026-01-02 14:42:23,539 - __main__ - INFO - Recording started for order: RecordingSession(id='eca456ea-d991-49a6-a2c4-a1897142a32c', order_id='21', camera_id='camera_0', status=<RecordingStatus.RECORDING: 'recording'>, start_time=datetime.datetime(2026, 1, 2, 14, 42, 23, 535495), end_time=None, file_path=WindowsPath('D:/2025 Code/Lemiex-app-qc/temp_videos/order_21_20260102_144223.avi'), file_size=0, duration_seconds=0.0, upload_url='', upload_progress=0.0, error_message='', retry_count=0)
2026-01-02 14:42:35,997 - __main__ - INFO - Recording limit reached: 12s >= 12s
2026-01-02 14:42:36,002 - camera.camera_manager - INFO - Camera camera_0 stopped recording
2026-01-02 14:42:36,002 - services.recording_service - INFO - Recording stopped: 21, duration: 12.5s
2026-01-02 14:42:36,003 - __main__ - INFO - Recording stopped: RecordingSession(id='eca456ea-d991-49a6-a2c4-a1897142a32c', order_id='21', camera_id='camera_0', status=<RecordingStatus.PROCESSING: 'processing'>, start_time=datetime.datetime(2026, 1, 2, 14, 42, 23, 535495), end_time=datetime.datetime(2026, 1, 2, 14, 42, 36, 2779), file_path=WindowsPath('D:/2025 Code/Lemiex-app-qc/temp_videos/order_21_20260102_144223.avi'), file_size=0, duration_seconds=12.467284, upload_url='', upload_progress=0.0, error_message='', retry_count=0)
2026-01-02 14:42:37,094 - services.b2_uploader - ERROR - Failed to initialize B2: Invalid authorization token. Server said:  (bad_auth_token)
2026-01-02 14:42:49,259 - __main__ - INFO - Starting Lemiex Order Manager (Eel UI)
2026-01-02 14:42:49,260 - __main__ - INFO - Starting as desktop app using Edge
2026-01-02 14:42:50,268 - __main__ - INFO - Desktop app launched with PID: 473968
2026-01-02 14:42:50,677 - geventwebsocket.handler - INFO - 127.0.0.1 - - [2026-01-02 14:42:50] "GET /index.html HTTP/1.1" 200 16760 0.001006
2026-01-02 14:42:50,685 - geventwebsocket.handler - INFO - 127.0.0.1 - - [2026-01-02 14:42:50] "GET /eel.js HTTP/1.1" 200 6415 0.000337
2026-01-02 14:42:50,687 - geventwebsocket.handler - INFO - 127.0.0.1 - - [2026-01-02 14:42:50] "GET /css/style.css HTTP/1.1" 200 7621 0.000643
2026-01-02 14:42:50,689 - geventwebsocket.handler - INFO - 127.0.0.1 - - [2026-01-02 14:42:50] "GET /js/app.js HTTP/1.1" 200 61762 0.000902
2026-01-02 14:42:50,910 - geventwebsocket.handler - INFO - 127.0.0.1 - - [2026-01-02 14:42:50] "GET /favicon.ico HTTP/1.1" 404 882 0.001881
2026-01-02 14:42:52,284 - __main__ - INFO - Auto-starting camera...
2026-01-02 14:42:52,285 - camera.camera_manager - INFO - Camera added: camera_0
2026-01-02 14:42:54,693 - camera.camera_manager - INFO - Camera camera_0 connected
2026-01-02 14:42:54,694 - camera.camera_manager - INFO - Camera camera_0 started
2026-01-02 14:42:54,694 - camera.camera_manager - INFO - Camera manager started with 1 cameras
2026-01-02 14:42:54,695 - __main__ - INFO - Auto-detecting scanner...
2026-01-02 14:42:54,702 - __main__ - INFO - Found COM3: {'port': 'COM3', 'description': 'USB Serial Device (COM3)', 'hwid': 'USB VID:PID=152A:880F SER=00000000050C LOCATION=1-9'}
2026-01-02 14:42:54,703 - scanner.scanner_manager - INFO - Scanner added: scanner_1 on COM3
2026-01-02 14:42:54,705 - scanner.com_scanner - INFO - Scanner scanner_1 connected on COM3
2026-01-02 14:42:54,705 - scanner.com_scanner - INFO - Scanner scanner_1 reading thread started
2026-01-02 14:42:54,706 - scanner.scanner_manager - INFO - Scanner manager started with 1 scanners
2026-01-02 14:42:54,706 - __main__ - INFO - Scanner started on COM3
2026-01-02 14:42:54,706 - __main__ - INFO - Auto-started scanner on COM3
2026-01-02 14:42:55,045 - __main__ - INFO - Recording limit set to: 12s
2026-01-02 14:42:55,046 - __main__ - INFO - Device states synced with frontend
2026-01-02 14:42:56,599 - camera.camera_manager - WARNING - Camera camera_0 too many failures, reconnecting...
2026-01-02 14:42:59,375 - camera.camera_manager - INFO - Camera camera_0 connected
2026-01-02 14:43:03,816 - scanner.com_scanner - INFO - Decoded text from scanner_1: 'https://manage.lemiex.us/track/21?stt=2&item_id=24&item_stt=2'
2026-01-02 14:43:03,817 - scanner.com_scanner - INFO - Scanner scanner_1 scan: https://manage.lemiex.us/track/21?stt=2&item_id=24&item_stt=2
2026-01-02 14:43:03,819 - __main__ - INFO - Scan received: https://manage.lemiex.us/track/21?stt=2&item_id=24&item_stt=2
2026-01-02 14:43:03,822 - __main__ - INFO - Calling track API: https://manage.lemiex.us/api/orders/track/21?stt=2&item_id=24&item_stt=2
2026-01-02 14:43:07,503 - __main__ - INFO - Track API response success, items count: 4
2026-01-02 14:43:07,504 - __main__ - INFO - Track result items: 4
2026-01-02 14:43:07,506 - __main__ - INFO - Calling QC API: PUT https://manage.lemiex.us/api/orders/change-status-items
2026-01-02 14:43:07,506 - __main__ - INFO - Payload: {'item_id': 24, 'meta_key': 'front', 'status': True}
2026-01-02 14:43:09,006 - __main__ - INFO - Response status: 200
2026-01-02 14:43:09,007 - __main__ - INFO - QC activated for item 24, position: front
2026-01-02 14:43:09,009 - __main__ - INFO - Calling QC API: PUT https://manage.lemiex.us/api/orders/change-status-items
2026-01-02 14:43:09,010 - __main__ - INFO - Payload: {'item_id': 24, 'meta_key': 'sleeve_left', 'status': True}
2026-01-02 14:43:10,228 - __main__ - INFO - Response status: 200
2026-01-02 14:43:10,228 - __main__ - INFO - QC activated for item 24, position: sleeve_left
2026-01-02 14:43:16,463 - geventwebsocket.handler - INFO - 127.0.0.1 - - [2026-01-02 14:43:16] "GET /css/style.css HTTP/1.1" 200 7621 0.001350
2026-01-02 14:43:16,718 - geventwebsocket.handler - INFO - 127.0.0.1 - - [2026-01-02 14:43:16] "GET /.well-known/appspecific/com.chrome.devtools.json HTTP/1.1" 404 919 0.003848
2026-01-02 14:46:02,761 - services.order_service - INFO - Order loaded: #20 (ref: emb1538_577124192714462077)
2026-01-02 14:46:02,761 - activity - INFO - [order_view] Order viewed: #20 (ref: emb1538_577124192714462077)
2026-01-02 14:46:02,824 - camera.camera_manager - INFO - Camera camera_0 started recording: D:\2025 Code\Lemiex-app-qc\temp_videos\order_20_20260102_144602.avi at (1280, 720)
2026-01-02 14:46:02,825 - services.recording_service - INFO - Recording started: 20 -> D:\2025 Code\Lemiex-app-qc\temp_videos\order_20_20260102_144602.avi
2026-01-02 14:46:02,825 - __main__ - INFO - Recording started for order: RecordingSession(id='b9a465fd-9a7a-4fcd-96ac-3c85c0796768', order_id='20', camera_id='camera_0', status=<RecordingStatus.RECORDING: 'recording'>, start_time=datetime.datetime(2026, 1, 2, 14, 46, 2, 824587), end_time=None, file_path=WindowsPath('D:/2025 Code/Lemiex-app-qc/temp_videos/order_20_20260102_144602.avi'), file_size=0, duration_seconds=0.0, upload_url='', upload_progress=0.0, error_message='', retry_count=0)
2026-01-02 14:46:15,196 - __main__ - INFO - Recording limit reached: 12s >= 12s
2026-01-02 14:46:15,206 - camera.camera_manager - INFO - Camera camera_0 stopped recording
2026-01-02 14:46:15,207 - services.recording_service - INFO - Recording stopped: 20, duration: 12.4s
2026-01-02 14:46:15,207 - __main__ - INFO - Recording stopped: RecordingSession(id='b9a465fd-9a7a-4fcd-96ac-3c85c0796768', order_id='20', camera_id='camera_0', status=<RecordingStatus.PROCESSING: 'processing'>, start_time=datetime.datetime(2026, 1, 2, 14, 46, 2, 824587), end_time=datetime.datetime(2026, 1, 2, 14, 46, 15, 207107), file_path=WindowsPath('D:/2025 Code/Lemiex-app-qc/temp_videos/order_20_20260102_144602.avi'), file_size=0, duration_seconds=12.38252, upload_url='', upload_progress=0.0, error_message='', retry_count=0)
2026-01-02 14:46:17,525 - services.b2_uploader - ERROR - Failed to initialize B2: Invalid authorization token. Server said:  (bad_auth_token)
2026-01-02 14:50:21,918 - __main__ - INFO - Starting Lemiex Order Manager (Eel UI)
2026-01-02 14:50:21,919 - __main__ - INFO - Starting as desktop app using Edge
2026-01-02 14:50:22,930 - __main__ - INFO - Desktop app launched with PID: 60068
2026-01-02 14:50:23,366 - geventwebsocket.handler - INFO - 127.0.0.1 - - [2026-01-02 14:50:23] "GET /index.html HTTP/1.1" 200 16760 0.000941
2026-01-02 14:50:23,372 - geventwebsocket.handler - INFO - 127.0.0.1 - - [2026-01-02 14:50:23] "GET /eel.js HTTP/1.1" 200 6415 0.000353
2026-01-02 14:50:23,374 - geventwebsocket.handler - INFO - 127.0.0.1 - - [2026-01-02 14:50:23] "GET /css/style.css HTTP/1.1" 200 7621 0.000489
2026-01-02 14:50:23,375 - geventwebsocket.handler - INFO - 127.0.0.1 - - [2026-01-02 14:50:23] "GET /js/app.js HTTP/1.1" 200 63486 0.000531
2026-01-02 14:50:23,588 - geventwebsocket.handler - INFO - 127.0.0.1 - - [2026-01-02 14:50:23] "GET /favicon.ico HTTP/1.1" 404 882 0.002984
2026-01-02 14:50:24,992 - __main__ - INFO - Auto-starting camera...
2026-01-02 14:50:24,992 - camera.camera_manager - INFO - Camera added: camera_0
2026-01-02 14:50:27,183 - camera.camera_manager - INFO - Camera camera_0 connected
2026-01-02 14:50:27,184 - camera.camera_manager - INFO - Camera camera_0 started
2026-01-02 14:50:27,184 - camera.camera_manager - INFO - Camera manager started with 1 cameras
2026-01-02 14:50:27,184 - __main__ - INFO - Auto-detecting scanner...
2026-01-02 14:50:27,195 - __main__ - INFO - Found COM3: {'port': 'COM3', 'description': 'USB Serial Device (COM3)', 'hwid': 'USB VID:PID=152A:880F SER=00000000050C LOCATION=1-9'}
2026-01-02 14:50:27,196 - scanner.scanner_manager - INFO - Scanner added: scanner_1 on COM3
2026-01-02 14:50:27,198 - scanner.com_scanner - INFO - Scanner scanner_1 connected on COM3
2026-01-02 14:50:27,198 - scanner.com_scanner - INFO - Scanner scanner_1 reading thread started
2026-01-02 14:50:27,199 - scanner.scanner_manager - INFO - Scanner manager started with 1 scanners
2026-01-02 14:50:27,199 - __main__ - INFO - Scanner started on COM3
2026-01-02 14:50:27,199 - __main__ - INFO - Auto-started scanner on COM3
2026-01-02 14:50:27,788 - __main__ - INFO - Recording limit set to: 12s
2026-01-02 14:50:27,789 - __main__ - INFO - Device states synced with frontend
2026-01-02 14:50:29,139 - camera.camera_manager - WARNING - Camera camera_0 too many failures, reconnecting...
2026-01-02 14:50:32,084 - camera.camera_manager - INFO - Camera camera_0 connected
2026-01-02 14:50:32,961 - scanner.com_scanner - INFO - Decoded text from scanner_1: 'https://manage.lemiex.us/track/21?stt=2&item_id=24&item_stt=2'
2026-01-02 14:50:32,961 - scanner.com_scanner - INFO - Scanner scanner_1 scan: https://manage.lemiex.us/track/21?stt=2&item_id=24&item_stt=2
2026-01-02 14:50:32,963 - __main__ - INFO - Scan received: https://manage.lemiex.us/track/21?stt=2&item_id=24&item_stt=2
2026-01-02 14:50:32,963 - __main__ - INFO - Calling track API: https://manage.lemiex.us/api/orders/track/21?stt=2&item_id=24&item_stt=2
2026-01-02 14:50:36,439 - __main__ - INFO - Track API response success, items count: 4
2026-01-02 14:50:36,439 - __main__ - INFO - Track result items: 4
2026-01-02 14:50:38,346 - __main__ - INFO - Calling QC API: PUT https://manage.lemiex.us/api/orders/change-status-items
2026-01-02 14:50:38,347 - __main__ - INFO - Payload: {'item_id': 24, 'meta_key': 'front', 'status': True}
2026-01-02 14:50:40,062 - __main__ - INFO - Response status: 200
2026-01-02 14:50:40,062 - __main__ - INFO - QC activated for item 24, position: front
2026-01-02 14:50:40,062 - __main__ - INFO - Calling QC API: PUT https://manage.lemiex.us/api/orders/change-status-items
2026-01-02 14:50:40,063 - __main__ - INFO - Payload: {'item_id': 24, 'meta_key': 'sleeve_left', 'status': True}
2026-01-02 14:50:43,250 - __main__ - INFO - Response status: 200
2026-01-02 14:50:43,251 - __main__ - INFO - QC activated for item 24, position: sleeve_left
2026-01-02 14:51:40,723 - scanner.com_scanner - INFO - Decoded text from scanner_1: 'https://manage.lemiex.us/track/21?stt=4&item_id=26&item_stt=4'
2026-01-02 14:51:40,723 - scanner.com_scanner - INFO - Scanner scanner_1 scan: https://manage.lemiex.us/track/21?stt=4&item_id=26&item_stt=4
2026-01-02 14:51:40,723 - __main__ - INFO - Scan received: https://manage.lemiex.us/track/21?stt=4&item_id=26&item_stt=4
2026-01-02 14:51:40,723 - __main__ - INFO - Calling track API: https://manage.lemiex.us/api/orders/track/21?stt=4&item_id=26&item_stt=4
2026-01-02 14:51:43,840 - __main__ - INFO - Track API response success, items count: 4
2026-01-02 14:51:43,841 - __main__ - INFO - Track result items: 4
2026-01-02 14:51:45,698 - __main__ - INFO - Calling QC API: PUT https://manage.lemiex.us/api/orders/change-status-items
2026-01-02 14:51:45,700 - __main__ - INFO - Payload: {'item_id': 26, 'meta_key': 'front', 'status': True}
2026-01-02 14:51:47,294 - __main__ - INFO - Response status: 200
2026-01-02 14:51:47,294 - __main__ - INFO - QC activated for item 26, position: front
2026-01-02 14:57:40,166 - scanner.com_scanner - INFO - Decoded text from scanner_1: 'https://manage.lemiex.us/track/21?stt=4&item_id=26&item_stt=4'
2026-01-02 14:57:40,167 - scanner.com_scanner - INFO - Scanner scanner_1 scan: https://manage.lemiex.us/track/21?stt=4&item_id=26&item_stt=4
2026-01-02 14:57:40,168 - __main__ - INFO - Scan received: https://manage.lemiex.us/track/21?stt=4&item_id=26&item_stt=4
2026-01-02 14:57:40,169 - __main__ - INFO - Calling track API: https://manage.lemiex.us/api/orders/track/21?stt=4&item_id=26&item_stt=4
2026-01-02 14:57:42,657 - __main__ - INFO - Track API response success, items count: 4
2026-01-02 14:57:42,658 - __main__ - INFO - Track result items: 4
2026-01-02 14:57:44,617 - __main__ - INFO - Calling QC API: PUT https://manage.lemiex.us/api/orders/change-status-items
2026-01-02 14:57:44,618 - __main__ - INFO - Payload: {'item_id': 26, 'meta_key': 'front', 'status': True}
2026-01-02 14:57:45,760 - __main__ - INFO - Response status: 200
2026-01-02 14:57:45,760 - __main__ - INFO - QC activated for item 26, position: front
2026-01-02 15:03:43,598 - __main__ - INFO - Starting Lemiex Order Manager (Eel UI)
2026-01-02 15:03:43,599 - __main__ - INFO - Starting as desktop app using Edge
2026-01-02 15:03:44,609 - __main__ - INFO - Desktop app launched with PID: 41176
2026-01-02 15:03:45,043 - geventwebsocket.handler - INFO - 127.0.0.1 - - [2026-01-02 15:03:45] "GET /index.html HTTP/1.1" 200 16760 0.000892
2026-01-02 15:03:45,052 - geventwebsocket.handler - INFO - 127.0.0.1 - - [2026-01-02 15:03:45] "GET /eel.js HTTP/1.1" 200 6415 0.000365
2026-01-02 15:03:45,054 - geventwebsocket.handler - INFO - 127.0.0.1 - - [2026-01-02 15:03:45] "GET /css/style.css HTTP/1.1" 200 7621 0.000629
2026-01-02 15:03:45,055 - geventwebsocket.handler - INFO - 127.0.0.1 - - [2026-01-02 15:03:45] "GET /js/app.js HTTP/1.1" 200 65942 0.000763
2026-01-02 15:03:45,259 - geventwebsocket.handler - INFO - 127.0.0.1 - - [2026-01-02 15:03:45] "GET /favicon.ico HTTP/1.1" 404 882 0.001885
2026-01-02 15:03:46,634 - __main__ - INFO - Auto-starting camera...
2026-01-02 15:03:46,634 - camera.camera_manager - INFO - Camera added: camera_0
2026-01-02 15:03:50,242 - camera.camera_manager - INFO - Camera camera_0 connected
2026-01-02 15:03:50,243 - camera.camera_manager - INFO - Camera camera_0 started
2026-01-02 15:03:50,243 - camera.camera_manager - INFO - Camera manager started with 1 cameras
2026-01-02 15:03:50,244 - __main__ - INFO - Auto-detecting scanner...
2026-01-02 15:03:50,251 - __main__ - INFO - Found COM3: {'port': 'COM3', 'description': 'USB Serial Device (COM3)', 'hwid': 'USB VID:PID=152A:880F SER=00000000050C LOCATION=1-9'}
2026-01-02 15:03:50,253 - scanner.scanner_manager - INFO - Scanner added: scanner_1 on COM3
2026-01-02 15:03:50,255 - scanner.com_scanner - INFO - Scanner scanner_1 connected on COM3
2026-01-02 15:03:50,257 - scanner.com_scanner - INFO - Scanner scanner_1 reading thread started
2026-01-02 15:03:50,258 - scanner.scanner_manager - INFO - Scanner manager started with 1 scanners
2026-01-02 15:03:50,258 - __main__ - INFO - Scanner started on COM3
2026-01-02 15:03:50,258 - __main__ - INFO - Auto-started scanner on COM3
2026-01-02 15:03:50,914 - __main__ - INFO - Recording limit set to: 12s
2026-01-02 15:03:50,920 - __main__ - INFO - Device states synced with frontend
2026-01-02 15:03:52,537 - camera.camera_manager - WARNING - Camera camera_0 too many failures, reconnecting...
2026-01-02 15:03:55,435 - camera.camera_manager - INFO - Camera camera_0 connected
2026-01-02 15:03:55,860 - scanner.com_scanner - INFO - Decoded text from scanner_1: 'https://manage.lemiex.us/track/21?stt=4&item_id=26&item_stt=4'
2026-01-02 15:03:55,860 - scanner.com_scanner - INFO - Scanner scanner_1 scan: https://manage.lemiex.us/track/21?stt=4&item_id=26&item_stt=4
2026-01-02 15:03:55,860 - __main__ - INFO - Scan received: https://manage.lemiex.us/track/21?stt=4&item_id=26&item_stt=4
2026-01-02 15:03:55,860 - __main__ - INFO - Calling track API: https://manage.lemiex.us/api/orders/track/21?stt=4&item_id=26&item_stt=4
2026-01-02 15:03:59,267 - __main__ - INFO - Track API response success, items count: 4
2026-01-02 15:03:59,268 - __main__ - INFO - Track result items: 4
2026-01-02 15:04:02,298 - __main__ - INFO - Calling QC API: PUT https://manage.lemiex.us/api/orders/change-status-items
2026-01-02 15:04:02,299 - __main__ - INFO - Payload: {'item_id': 26, 'meta_key': 'front', 'status': True}
2026-01-02 15:04:03,828 - __main__ - INFO - Response status: 200
2026-01-02 15:04:03,829 - __main__ - INFO - QC activated for item 26, position: front
2026-01-02 15:07:28,716 - __main__ - INFO - Starting Lemiex Order Manager (Eel UI)
2026-01-02 15:07:28,717 - __main__ - INFO - Starting as desktop app using Edge
2026-01-02 15:07:29,727 - __main__ - INFO - Desktop app launched with PID: 555564
2026-01-02 15:07:30,142 - geventwebsocket.handler - INFO - 127.0.0.1 - - [2026-01-02 15:07:30] "GET /index.html HTTP/1.1" 200 16760 0.001050
2026-01-02 15:07:30,149 - geventwebsocket.handler - INFO - 127.0.0.1 - - [2026-01-02 15:07:30] "GET /eel.js HTTP/1.1" 200 6415 0.000358
2026-01-02 15:07:30,150 - geventwebsocket.handler - INFO - 127.0.0.1 - - [2026-01-02 15:07:30] "GET /css/style.css HTTP/1.1" 200 7621 0.000810
2026-01-02 15:07:30,152 - geventwebsocket.handler - INFO - 127.0.0.1 - - [2026-01-02 15:07:30] "GET /js/app.js HTTP/1.1" 200 66263 0.000608
2026-01-02 15:07:30,362 - geventwebsocket.handler - INFO - 127.0.0.1 - - [2026-01-02 15:07:30] "GET /favicon.ico HTTP/1.1" 404 882 0.002466
2026-01-02 15:07:31,742 - __main__ - INFO - Auto-starting camera...
2026-01-02 15:07:31,742 - camera.camera_manager - INFO - Camera added: camera_0
2026-01-02 15:07:33,865 - camera.camera_manager - INFO - Camera camera_0 connected
2026-01-02 15:07:33,865 - camera.camera_manager - INFO - Camera camera_0 started
2026-01-02 15:07:33,866 - camera.camera_manager - INFO - Camera manager started with 1 cameras
2026-01-02 15:07:33,866 - __main__ - INFO - Auto-detecting scanner...
2026-01-02 15:07:33,871 - __main__ - INFO - Found COM3: {'port': 'COM3', 'description': 'USB Serial Device (COM3)', 'hwid': 'USB VID:PID=152A:880F SER=00000000050C LOCATION=1-9'}
2026-01-02 15:07:33,871 - scanner.scanner_manager - INFO - Scanner added: scanner_1 on COM3
2026-01-02 15:07:33,873 - scanner.com_scanner - INFO - Scanner scanner_1 connected on COM3
2026-01-02 15:07:33,873 - scanner.com_scanner - INFO - Scanner scanner_1 reading thread started
2026-01-02 15:07:33,873 - scanner.scanner_manager - INFO - Scanner manager started with 1 scanners
2026-01-02 15:07:33,874 - __main__ - INFO - Scanner started on COM3
2026-01-02 15:07:33,874 - __main__ - INFO - Auto-started scanner on COM3
2026-01-02 15:07:34,214 - __main__ - INFO - Recording limit set to: 12s
2026-01-02 15:07:34,215 - __main__ - INFO - Device states synced with frontend
2026-01-02 15:07:35,769 - camera.camera_manager - WARNING - Camera camera_0 too many failures, reconnecting...
2026-01-02 15:07:38,563 - camera.camera_manager - INFO - Camera camera_0 connected
2026-01-02 15:07:49,346 - scanner.com_scanner - INFO - Decoded text from scanner_1: 'https://manage.lemiex.us/track/21?stt=4&item_id=26&item_stt=4'
2026-01-02 15:07:49,346 - scanner.com_scanner - INFO - Scanner scanner_1 scan: https://manage.lemiex.us/track/21?stt=4&item_id=26&item_stt=4
2026-01-02 15:07:49,347 - __main__ - INFO - Scan received: https://manage.lemiex.us/track/21?stt=4&item_id=26&item_stt=4
2026-01-02 15:07:49,348 - __main__ - INFO - Calling track API: https://manage.lemiex.us/api/orders/track/21?stt=4&item_id=26&item_stt=4
2026-01-02 15:07:52,671 - __main__ - INFO - Track API response success, items count: 4
2026-01-02 15:07:52,671 - __main__ - INFO - Track result items: 4
2026-01-02 15:07:55,209 - __main__ - INFO - Calling QC API: PUT https://manage.lemiex.us/api/orders/change-status-items
2026-01-02 15:07:55,210 - __main__ - INFO - Payload: {'item_id': 26, 'meta_key': 'front', 'status': True}
2026-01-02 15:07:56,473 - __main__ - INFO - Response status: 200
2026-01-02 15:07:56,473 - __main__ - INFO - QC activated for item 26, position: front
2026-01-02 15:11:49,348 - __main__ - INFO - Starting Lemiex Order Manager (Eel UI)
2026-01-02 15:11:49,349 - __main__ - INFO - Starting as desktop app using Edge
2026-01-02 15:11:50,382 - __main__ - INFO - Desktop app launched with PID: 207328
2026-01-02 15:11:50,898 - geventwebsocket.handler - INFO - 127.0.0.1 - - [2026-01-02 15:11:50] "GET /index.html HTTP/1.1" 200 16760 0.000945
2026-01-02 15:11:50,905 - geventwebsocket.handler - INFO - 127.0.0.1 - - [2026-01-02 15:11:50] "GET /eel.js HTTP/1.1" 200 6415 0.000395
2026-01-02 15:11:50,906 - geventwebsocket.handler - INFO - 127.0.0.1 - - [2026-01-02 15:11:50] "GET /css/style.css HTTP/1.1" 200 7621 0.000777
2026-01-02 15:11:50,908 - geventwebsocket.handler - INFO - 127.0.0.1 - - [2026-01-02 15:11:50] "GET /js/app.js HTTP/1.1" 200 65946 0.000630
2026-01-02 15:11:51,123 - geventwebsocket.handler - INFO - 127.0.0.1 - - [2026-01-02 15:11:51] "GET /favicon.ico HTTP/1.1" 404 882 0.002157
2026-01-02 15:11:52,595 - __main__ - INFO - Auto-starting camera...
2026-01-02 15:11:52,595 - camera.camera_manager - INFO - Camera added: camera_0
2026-01-02 15:11:54,873 - camera.camera_manager - INFO - Camera camera_0 connected
2026-01-02 15:11:54,873 - camera.camera_manager - INFO - Camera camera_0 started
2026-01-02 15:11:54,874 - camera.camera_manager - INFO - Camera manager started with 1 cameras
2026-01-02 15:11:54,874 - __main__ - INFO - Auto-detecting scanner...
2026-01-02 15:11:54,880 - __main__ - INFO - Found COM3: {'port': 'COM3', 'description': 'USB Serial Device (COM3)', 'hwid': 'USB VID:PID=152A:880F SER=00000000050C LOCATION=1-9'}
2026-01-02 15:11:54,880 - scanner.scanner_manager - INFO - Scanner added: scanner_1 on COM3
2026-01-02 15:11:54,882 - scanner.com_scanner - INFO - Scanner scanner_1 connected on COM3
2026-01-02 15:11:54,882 - scanner.com_scanner - INFO - Scanner scanner_1 reading thread started
2026-01-02 15:11:54,883 - scanner.scanner_manager - INFO - Scanner manager started with 1 scanners
2026-01-02 15:11:54,883 - __main__ - INFO - Scanner started on COM3
2026-01-02 15:11:54,883 - __main__ - INFO - Auto-started scanner on COM3
2026-01-02 15:11:55,275 - __main__ - INFO - Recording limit set to: 12s
2026-01-02 15:11:55,277 - __main__ - INFO - Device states synced with frontend
2026-01-02 15:11:56,829 - camera.camera_manager - WARNING - Camera camera_0 too many failures, reconnecting...
2026-01-02 15:11:59,714 - camera.camera_manager - INFO - Camera camera_0 connected
2026-01-02 15:12:01,547 - scanner.com_scanner - INFO - Decoded text from scanner_1: 'https://manage.lemiex.us/track/21?stt=4&item_id=26&item_stt=4'
2026-01-02 15:12:01,687 - scanner.com_scanner - INFO - Scanner scanner_1 scan: https://manage.lemiex.us/track/21?stt=4&item_id=26&item_stt=4
2026-01-02 15:12:01,688 - __main__ - INFO - Scan received: https://manage.lemiex.us/track/21?stt=4&item_id=26&item_stt=4
2026-01-02 15:12:01,688 - __main__ - INFO - Calling track API: https://manage.lemiex.us/api/orders/track/21?stt=4&item_id=26&item_stt=4
2026-01-02 15:12:06,660 - __main__ - INFO - Track API response success, items count: 4
2026-01-02 15:12:06,660 - __main__ - INFO - Track result items: 4
2026-01-02 15:12:08,746 - __main__ - INFO - Calling QC API: PUT https://manage.lemiex.us/api/orders/change-status-items
2026-01-02 15:12:08,746 - __main__ - INFO - Payload: {'item_id': 26, 'meta_key': 'front', 'status': True}
2026-01-02 15:12:09,964 - __main__ - INFO - Response status: 200
2026-01-02 15:12:09,964 - __main__ - INFO - QC activated for item 26, position: front
2026-01-02 15:16:12,168 - scanner.com_scanner - INFO - Decoded text from scanner_1: 'https://manage.lemiex.us/track/21?stt=3&item_id=25&item_stt=3'
2026-01-02 15:16:12,168 - scanner.com_scanner - INFO - Scanner scanner_1 scan: https://manage.lemiex.us/track/21?stt=3&item_id=25&item_stt=3
2026-01-02 15:16:12,168 - __main__ - INFO - Scan received: https://manage.lemiex.us/track/21?stt=3&item_id=25&item_stt=3
2026-01-02 15:16:12,169 - __main__ - INFO - Calling track API: https://manage.lemiex.us/api/orders/track/21?stt=3&item_id=25&item_stt=3
2026-01-02 15:16:15,029 - __main__ - INFO - Track API response success, items count: 4
2026-01-02 15:16:15,044 - __main__ - INFO - Track result items: 4
2026-01-02 15:16:16,760 - __main__ - INFO - Calling QC API: PUT https://manage.lemiex.us/api/orders/change-status-items
2026-01-02 15:16:16,761 - __main__ - INFO - Payload: {'item_id': 25, 'meta_key': 'front', 'status': True}
2026-01-02 15:16:18,029 - __main__ - INFO - Response status: 200
2026-01-02 15:16:18,030 - __main__ - INFO - QC activated for item 25, position: front
2026-01-02 15:16:18,030 - __main__ - INFO - Calling QC API: PUT https://manage.lemiex.us/api/orders/change-status-items
2026-01-02 15:16:18,030 - __main__ - INFO - Payload: {'item_id': 25, 'meta_key': 'sleeve_left', 'status': True}
2026-01-02 15:16:19,363 - __main__ - INFO - Response status: 200
2026-01-02 15:16:19,363 - __main__ - INFO - QC activated for item 25, position: sleeve_left
2026-01-02 15:16:42,142 - camera.camera_manager - INFO - Camera camera_0 stopped
2026-01-02 15:16:42,159 - camera.camera_manager - INFO - Camera manager stopped
2026-01-02 15:16:46,038 - services.order_service - INFO - Order loaded: #21 (ref: emb1554_577124704652660858)
2026-01-02 15:16:46,039 - activity - INFO - [order_view] Order viewed: #21 (ref: emb1554_577124704652660858)
2026-01-02 15:18:20,051 - scanner.com_scanner - INFO - Decoded text from scanner_1: 'https://manage.lemiex.us/track/21?stt=3&item_id=25&item_stt=3'
2026-01-02 15:18:20,051 - scanner.com_scanner - INFO - Scanner scanner_1 scan: https://manage.lemiex.us/track/21?stt=3&item_id=25&item_stt=3
2026-01-02 15:18:20,052 - __main__ - INFO - Scan received: https://manage.lemiex.us/track/21?stt=3&item_id=25&item_stt=3
2026-01-02 15:18:20,052 - __main__ - INFO - Calling track API: https://manage.lemiex.us/api/orders/track/21?stt=3&item_id=25&item_stt=3
2026-01-02 15:18:22,113 - __main__ - INFO - Track API response success, items count: 4
2026-01-02 15:18:22,114 - __main__ - INFO - Track result items: 4
2026-01-02 15:18:23,999 - __main__ - INFO - Calling QC API: PUT https://manage.lemiex.us/api/orders/change-status-items
2026-01-02 15:18:24,005 - __main__ - INFO - Payload: {'item_id': 25, 'meta_key': 'front', 'status': True}
2026-01-02 15:18:25,192 - __main__ - INFO - Response status: 200
2026-01-02 15:18:25,193 - __main__ - INFO - QC activated for item 25, position: front
2026-01-02 15:18:25,193 - __main__ - INFO - Calling QC API: PUT https://manage.lemiex.us/api/orders/change-status-items
2026-01-02 15:18:25,193 - __main__ - INFO - Payload: {'item_id': 25, 'meta_key': 'sleeve_left', 'status': True}
2026-01-02 15:18:26,315 - __main__ - INFO - Response status: 200
2026-01-02 15:18:26,315 - __main__ - INFO - QC activated for item 25, position: sleeve_left
2026-01-02 15:51:42,812 - __main__ - INFO - Starting Lemiex Order Manager (Eel UI)
2026-01-02 15:51:42,813 - __main__ - INFO - Starting as desktop app using Edge
2026-01-02 15:51:43,825 - __main__ - INFO - Desktop app launched with PID: 155892
2026-01-02 15:51:44,292 - geventwebsocket.handler - INFO - 127.0.0.1 - - [2026-01-02 15:51:44] "GET /index.html HTTP/1.1" 200 16760 0.000825
2026-01-02 15:51:44,299 - geventwebsocket.handler - INFO - 127.0.0.1 - - [2026-01-02 15:51:44] "GET /eel.js HTTP/1.1" 200 6437 0.000323
2026-01-02 15:51:44,301 - geventwebsocket.handler - INFO - 127.0.0.1 - - [2026-01-02 15:51:44] "GET /css/style.css HTTP/1.1" 200 7621 0.001150
2026-01-02 15:51:44,303 - geventwebsocket.handler - INFO - 127.0.0.1 - - [2026-01-02 15:51:44] "GET /js/app.js HTTP/1.1" 200 72231 0.000691
2026-01-02 15:51:44,537 - geventwebsocket.handler - INFO - 127.0.0.1 - - [2026-01-02 15:51:44] "GET /favicon.ico HTTP/1.1" 404 882 0.001847
2026-01-02 15:51:45,937 - __main__ - INFO - Auto-starting camera...
2026-01-02 15:51:45,937 - camera.camera_manager - INFO - Camera added: camera_0
2026-01-02 15:51:48,246 - camera.camera_manager - INFO - Camera camera_0 connected
2026-01-02 15:51:48,247 - camera.camera_manager - INFO - Camera camera_0 started
2026-01-02 15:51:48,247 - camera.camera_manager - INFO - Camera manager started with 1 cameras
2026-01-02 15:51:48,248 - __main__ - INFO - Auto-detecting scanner...
2026-01-02 15:51:48,258 - __main__ - INFO - Found COM3: {'port': 'COM3', 'description': 'USB Serial Device (COM3)', 'hwid': 'USB VID:PID=152A:880F SER=00000000050C LOCATION=1-9'}
2026-01-02 15:51:48,261 - scanner.scanner_manager - INFO - Scanner added: scanner_1 on COM3
2026-01-02 15:51:48,264 - scanner.com_scanner - INFO - Scanner scanner_1 connected on COM3
2026-01-02 15:51:48,265 - scanner.com_scanner - INFO - Scanner scanner_1 reading thread started
2026-01-02 15:51:48,265 - scanner.scanner_manager - INFO - Scanner manager started with 1 scanners
2026-01-02 15:51:48,265 - __main__ - INFO - Scanner started on COM3
2026-01-02 15:51:48,265 - __main__ - INFO - Auto-started scanner on COM3
2026-01-02 15:51:48,649 - __main__ - INFO - Recording limit set to: 12s
2026-01-02 15:51:48,650 - __main__ - INFO - Device states synced with frontend
2026-01-02 15:51:50,505 - camera.camera_manager - WARNING - Camera camera_0 too many failures, reconnecting...
2026-01-02 15:51:57,821 - camera.camera_manager - INFO - Camera camera_0 connected
2026-01-02 15:51:59,328 - scanner.com_scanner - INFO - Decoded text from scanner_1: 'https://manage.lemiex.us/track/22?stt=1&item_id=27&item_stt=1'
2026-01-02 15:51:59,412 - scanner.com_scanner - INFO - Scanner scanner_1 scan: https://manage.lemiex.us/track/22?stt=1&item_id=27&item_stt=1
2026-01-02 15:51:59,436 - __main__ - INFO - Scan received: https://manage.lemiex.us/track/22?stt=1&item_id=27&item_stt=1
2026-01-02 15:51:59,446 - __main__ - INFO - Calling track API: https://manage.lemiex.us/api/orders/track/22?stt=1&item_id=27&item_stt=1
2026-01-02 15:52:03,656 - __main__ - INFO - Track API response success, items count: 2
2026-01-02 15:52:03,656 - __main__ - INFO - Track result items: 2
2026-01-02 15:52:08,239 - __main__ - INFO - Calling QC API: PUT https://manage.lemiex.us/api/orders/change-status-items
2026-01-02 15:52:08,239 - __main__ - INFO - Payload: {'item_id': 27, 'meta_key': 'front', 'status': True}
2026-01-02 15:52:09,577 - __main__ - INFO - Response status: 200
2026-01-02 15:52:09,581 - __main__ - INFO - QC activated for item 27, position: front
2026-01-02 15:52:09,582 - __main__ - INFO - Calling QC API: PUT https://manage.lemiex.us/api/orders/change-status-items
2026-01-02 15:52:09,582 - __main__ - INFO - Payload: {'item_id': 27, 'meta_key': 'sleeve_right', 'status': True}
2026-01-02 15:52:10,707 - __main__ - INFO - Response status: 200
2026-01-02 15:52:10,783 - __main__ - INFO - QC activated for item 27, position: sleeve_right
2026-01-02 15:52:10,786 - __main__ - INFO - Calling QC API: PUT https://manage.lemiex.us/api/orders/change-status-items
2026-01-02 15:52:10,786 - __main__ - INFO - Payload: {'item_id': 27, 'meta_key': 'sleeve_left', 'status': True}
2026-01-02 15:52:12,741 - __main__ - INFO - Response status: 200
2026-01-02 15:52:12,741 - __main__ - INFO - QC activated for item 27, position: sleeve_left
2026-01-02 15:56:44,469 - __main__ - INFO - Starting Lemiex Order Manager (Eel UI)
2026-01-02 15:56:44,470 - __main__ - INFO - Starting as desktop app using Edge
2026-01-02 15:56:45,478 - __main__ - INFO - Desktop app launched with PID: 357692
2026-01-02 15:56:45,938 - geventwebsocket.handler - INFO - 127.0.0.1 - - [2026-01-02 15:56:45] "GET /index.html HTTP/1.1" 200 16760 0.000755
2026-01-02 15:56:45,944 - geventwebsocket.handler - INFO - 127.0.0.1 - - [2026-01-02 15:56:45] "GET /eel.js HTTP/1.1" 200 6437 0.000261
2026-01-02 15:56:45,945 - geventwebsocket.handler - INFO - 127.0.0.1 - - [2026-01-02 15:56:45] "GET /css/style.css HTTP/1.1" 200 7621 0.000484
2026-01-02 15:56:45,947 - geventwebsocket.handler - INFO - 127.0.0.1 - - [2026-01-02 15:56:45] "GET /js/app.js HTTP/1.1" 200 72369 0.000629
2026-01-02 15:56:47,515 - __main__ - INFO - Auto-starting camera...
2026-01-02 15:56:47,516 - camera.camera_manager - INFO - Camera added: camera_0
2026-01-02 15:56:51,127 - camera.camera_manager - INFO - Camera camera_0 connected
2026-01-02 15:56:51,145 - camera.camera_manager - INFO - Camera camera_0 started
2026-01-02 15:56:51,148 - camera.camera_manager - INFO - Camera manager started with 1 cameras
2026-01-02 15:56:51,149 - __main__ - INFO - Auto-detecting scanner...
2026-01-02 15:56:51,170 - __main__ - INFO - Found COM3: {'port': 'COM3', 'description': 'USB Serial Device (COM3)', 'hwid': 'USB VID:PID=152A:880F SER=00000000050C LOCATION=1-9'}
2026-01-02 15:56:51,170 - scanner.scanner_manager - INFO - Scanner added: scanner_1 on COM3
2026-01-02 15:56:51,184 - scanner.com_scanner - INFO - Scanner scanner_1 connected on COM3
2026-01-02 15:56:51,187 - scanner.com_scanner - INFO - Scanner scanner_1 reading thread started
2026-01-02 15:56:51,188 - scanner.scanner_manager - INFO - Scanner manager started with 1 scanners
2026-01-02 15:56:51,202 - __main__ - INFO - Scanner started on COM3
2026-01-02 15:56:51,313 - __main__ - INFO - Auto-started scanner on COM3
2026-01-02 15:56:51,666 - __main__ - INFO - Recording limit set to: 12s
2026-01-02 15:56:51,668 - __main__ - INFO - Device states synced with frontend
2026-01-02 15:56:53,225 - camera.camera_manager - WARNING - Camera camera_0 too many failures, reconnecting...
2026-01-02 15:56:56,253 - camera.camera_manager - INFO - Camera camera_0 connected
2026-01-02 15:56:57,150 - scanner.com_scanner - INFO - Decoded text from scanner_1: 'https://manage.lemiex.us/track/22?stt=1&item_id=27&item_stt=1'
2026-01-02 15:56:57,150 - scanner.com_scanner - INFO - Scanner scanner_1 scan: https://manage.lemiex.us/track/22?stt=1&item_id=27&item_stt=1
2026-01-02 15:56:57,151 - __main__ - INFO - Scan received: https://manage.lemiex.us/track/22?stt=1&item_id=27&item_stt=1
2026-01-02 15:56:57,152 - __main__ - INFO - Calling track API: https://manage.lemiex.us/api/orders/track/22?stt=1&item_id=27&item_stt=1
2026-01-02 15:56:59,162 - __main__ - INFO - Track API response success, items count: 2
2026-01-02 15:56:59,165 - __main__ - INFO - Track result items: 2
2026-01-02 15:57:01,192 - __main__ - INFO - Calling QC API: PUT https://manage.lemiex.us/api/orders/change-status-items
2026-01-02 15:57:01,192 - __main__ - INFO - Payload: {'item_id': 27, 'meta_key': 'front', 'status': True}
2026-01-02 15:57:02,724 - __main__ - INFO - Response status: 200
2026-01-02 15:57:02,724 - __main__ - INFO - QC activated for item 27, position: front
2026-01-02 15:57:02,724 - __main__ - INFO - Calling QC API: PUT https://manage.lemiex.us/api/orders/change-status-items
2026-01-02 15:57:02,724 - __main__ - INFO - Payload: {'item_id': 27, 'meta_key': 'sleeve_right', 'status': True}
2026-01-02 15:57:05,395 - __main__ - INFO - Response status: 200
2026-01-02 15:57:05,395 - __main__ - INFO - QC activated for item 27, position: sleeve_right
2026-01-02 15:57:05,398 - __main__ - INFO - Calling QC API: PUT https://manage.lemiex.us/api/orders/change-status-items
2026-01-02 15:57:05,398 - __main__ - INFO - Payload: {'item_id': 27, 'meta_key': 'sleeve_left', 'status': True}
2026-01-02 15:57:06,632 - __main__ - INFO - Response status: 200
2026-01-02 15:57:06,632 - __main__ - INFO - QC activated for item 27, position: sleeve_left
2026-01-02 15:57:10,184 - __main__ - INFO - Calling track API: https://manage.lemiex.us/api/orders/track/22?item_id=27
2026-01-02 15:57:12,031 - __main__ - INFO - Track API response success, items count: 2
2026-01-02 16:00:37,201 - __main__ - INFO - Starting Lemiex Order Manager (Eel UI)
2026-01-02 16:00:37,202 - __main__ - INFO - Starting as desktop app using Edge
2026-01-02 16:00:38,214 - __main__ - INFO - Desktop app launched with PID: 459956
2026-01-02 16:00:38,619 - geventwebsocket.handler - INFO - 127.0.0.1 - - [2026-01-02 16:00:38] "GET /index.html HTTP/1.1" 200 16760 0.000740
2026-01-02 16:00:38,624 - geventwebsocket.handler - INFO - 127.0.0.1 - - [2026-01-02 16:00:38] "GET /eel.js HTTP/1.1" 200 6476 0.000268
2026-01-02 16:00:38,626 - geventwebsocket.handler - INFO - 127.0.0.1 - - [2026-01-02 16:00:38] "GET /css/style.css HTTP/1.1" 200 7621 0.000628
2026-01-02 16:00:38,627 - geventwebsocket.handler - INFO - 127.0.0.1 - - [2026-01-02 16:00:38] "GET /js/app.js HTTP/1.1" 200 69714 0.000601
2026-01-02 16:00:40,203 - __main__ - INFO - Auto-starting camera...
2026-01-02 16:00:40,203 - camera.camera_manager - INFO - Camera added: camera_0
2026-01-02 16:00:42,437 - camera.camera_manager - INFO - Camera camera_0 connected
2026-01-02 16:00:42,438 - camera.camera_manager - INFO - Camera camera_0 started
2026-01-02 16:00:42,438 - camera.camera_manager - INFO - Camera manager started with 1 cameras
2026-01-02 16:00:42,439 - __main__ - INFO - Auto-detecting scanner...
2026-01-02 16:00:42,444 - __main__ - INFO - Found COM3: {'port': 'COM3', 'description': 'USB Serial Device (COM3)', 'hwid': 'USB VID:PID=152A:880F SER=00000000050C LOCATION=1-9'}
2026-01-02 16:00:42,444 - scanner.scanner_manager - INFO - Scanner added: scanner_1 on COM3
2026-01-02 16:00:42,446 - scanner.com_scanner - INFO - Scanner scanner_1 connected on COM3
2026-01-02 16:00:42,446 - scanner.com_scanner - INFO - Scanner scanner_1 reading thread started
2026-01-02 16:00:42,446 - scanner.scanner_manager - INFO - Scanner manager started with 1 scanners
2026-01-02 16:00:42,447 - __main__ - INFO - Scanner started on COM3
2026-01-02 16:00:42,447 - __main__ - INFO - Auto-started scanner on COM3
2026-01-02 16:00:42,847 - __main__ - INFO - Recording limit set to: 12s
2026-01-02 16:00:42,848 - __main__ - INFO - Device states synced with frontend
2026-01-02 16:00:44,343 - camera.camera_manager - WARNING - Camera camera_0 too many failures, reconnecting...
2026-01-02 16:00:47,079 - camera.camera_manager - INFO - Camera camera_0 connected
2026-01-02 16:00:49,887 - scanner.com_scanner - INFO - Decoded text from scanner_1: 'https://manage.lemiex.us/track/22?stt=1&it'
2026-01-02 16:00:49,887 - scanner.com_scanner - INFO - Scanner scanner_1 scan: https://manage.lemiex.us/track/22?stt=1&it
2026-01-02 16:00:49,888 - __main__ - INFO - Scan received: https://manage.lemiex.us/track/22?stt=1&it
2026-01-02 16:00:49,888 - __main__ - INFO - Calling track API: https://manage.lemiex.us/api/orders/track/22?stt=1&it
2026-01-02 16:00:52,184 - __main__ - INFO - Track API response success, items count: 2
2026-01-02 16:00:52,185 - __main__ - INFO - Track result items: 2
2026-01-02 16:00:52,185 - scanner.com_scanner - INFO - Decoded text from scanner_1: 'em_id=27&item_stt=1'
2026-01-02 16:00:52,291 - scanner.com_scanner - INFO - Buffer timeout, processing: em_id=27&item_stt=1
2026-01-02 16:00:52,294 - scanner.com_scanner - INFO - Scanner scanner_1 scan: em_id=27&item_stt=1
2026-01-02 16:00:52,294 - __main__ - INFO - Scan received: em_id=27&item_stt=1
2026-01-02 16:00:54,053 - __main__ - ERROR - Start QC recording error: 'Settings' object has no attribute 'get_recordings_path'
2026-01-02 16:00:54,056 - __main__ - INFO - Calling QC API: PUT https://manage.lemiex.us/api/orders/change-status-items
2026-01-02 16:00:54,056 - __main__ - INFO - Payload: {'item_id': 27, 'meta_key': 'front', 'status': True}
2026-01-02 16:00:55,265 - __main__ - INFO - Response status: 200
2026-01-02 16:00:55,265 - __main__ - INFO - QC activated for item 27, position: front
2026-01-02 16:00:55,265 - __main__ - INFO - Calling QC API: PUT https://manage.lemiex.us/api/orders/change-status-items
2026-01-02 16:00:55,265 - __main__ - INFO - Payload: {'item_id': 27, 'meta_key': 'sleeve_right', 'status': True}
2026-01-02 16:00:57,042 - __main__ - INFO - Response status: 200
2026-01-02 16:00:57,043 - __main__ - INFO - QC activated for item 27, position: sleeve_right
2026-01-02 16:00:57,043 - __main__ - INFO - Calling QC API: PUT https://manage.lemiex.us/api/orders/change-status-items
2026-01-02 16:00:57,043 - __main__ - INFO - Payload: {'item_id': 27, 'meta_key': 'sleeve_left', 'status': True}
2026-01-02 16:00:58,240 - __main__ - INFO - Response status: 200
2026-01-02 16:00:58,241 - __main__ - INFO - QC activated for item 27, position: sleeve_left
2026-01-02 16:01:06,251 - __main__ - INFO - Recording limit reached: 12s >= 12s
2026-01-02 16:01:07,388 - services.order_service - ERROR - Lỗi tải đơn hàng: HTTPSConnectionPool(host='manage.lemiex.us', port=443): Max retries exceeded with url: /api/orders/track/em_id=27&item_stt=1 (Caused by ResponseError('too many 500 error responses'))
2026-01-02 16:01:08,907 - __main__ - INFO - Calling track API: https://manage.lemiex.us/api/orders/track/22?item_id=null
2026-01-02 16:01:10,626 - __main__ - INFO - Track API response success, items count: 2
2026-01-02 16:02:10,355 - __main__ - INFO - Starting Lemiex Order Manager (Eel UI)
2026-01-02 16:02:10,356 - __main__ - INFO - Starting as desktop app using Edge
2026-01-02 16:02:11,413 - __main__ - INFO - Desktop app launched with PID: 289656
2026-01-02 16:02:11,912 - geventwebsocket.handler - INFO - 127.0.0.1 - - [2026-01-02 16:02:11] "GET /index.html HTTP/1.1" 200 16760 0.000797
2026-01-02 16:02:11,918 - geventwebsocket.handler - INFO - 127.0.0.1 - - [2026-01-02 16:02:11] "GET /eel.js HTTP/1.1" 200 6476 0.000345
2026-01-02 16:02:11,920 - geventwebsocket.handler - INFO - 127.0.0.1 - - [2026-01-02 16:02:11] "GET /css/style.css HTTP/1.1" 200 7621 0.000595
2026-01-02 16:02:11,921 - geventwebsocket.handler - INFO - 127.0.0.1 - - [2026-01-02 16:02:11] "GET /js/app.js HTTP/1.1" 200 69714 0.000739
2026-01-02 16:02:13,996 - __main__ - INFO - Auto-starting camera...
2026-01-02 16:02:13,996 - camera.camera_manager - INFO - Camera added: camera_0
2026-01-02 16:02:16,351 - camera.camera_manager - INFO - Camera camera_0 connected
2026-01-02 16:02:16,351 - camera.camera_manager - INFO - Camera camera_0 started
2026-01-02 16:02:16,351 - camera.camera_manager - INFO - Camera manager started with 1 cameras
2026-01-02 16:02:16,352 - __main__ - INFO - Auto-detecting scanner...
2026-01-02 16:02:16,358 - __main__ - INFO - Found COM3: {'port': 'COM3', 'description': 'USB Serial Device (COM3)', 'hwid': 'USB VID:PID=152A:880F SER=00000000050C LOCATION=1-9'}
2026-01-02 16:02:16,358 - scanner.scanner_manager - INFO - Scanner added: scanner_1 on COM3
2026-01-02 16:02:16,360 - scanner.com_scanner - INFO - Scanner scanner_1 connected on COM3
2026-01-02 16:02:16,361 - scanner.com_scanner - INFO - Scanner scanner_1 reading thread started
2026-01-02 16:02:16,361 - scanner.scanner_manager - INFO - Scanner manager started with 1 scanners
2026-01-02 16:02:16,361 - __main__ - INFO - Scanner started on COM3
2026-01-02 16:02:16,361 - __main__ - INFO - Auto-started scanner on COM3
2026-01-02 16:02:16,704 - __main__ - INFO - Recording limit set to: 12s
2026-01-02 16:02:16,705 - __main__ - INFO - Device states synced with frontend
2026-01-02 16:02:18,307 - camera.camera_manager - WARNING - Camera camera_0 too many failures, reconnecting...
2026-01-02 16:02:21,101 - camera.camera_manager - INFO - Camera camera_0 connected
2026-01-02 16:02:21,660 - scanner.com_scanner - INFO - Decoded text from scanner_1: 'https://manage.lemiex.us/track/22?stt=1&item_id=27&item_stt=1'
2026-01-02 16:02:21,660 - scanner.com_scanner - INFO - Scanner scanner_1 scan: https://manage.lemiex.us/track/22?stt=1&item_id=27&item_stt=1
2026-01-02 16:02:21,661 - __main__ - INFO - Scan received: https://manage.lemiex.us/track/22?stt=1&item_id=27&item_stt=1
2026-01-02 16:02:21,661 - __main__ - INFO - Calling track API: https://manage.lemiex.us/api/orders/track/22?stt=1&item_id=27&item_stt=1
2026-01-02 16:02:23,810 - __main__ - INFO - Track API response success, items count: 2
2026-01-02 16:02:23,811 - __main__ - INFO - Track result items: 2
2026-01-02 16:02:26,222 - camera.camera_manager - INFO - Camera camera_0 started recording: D:\2025 Code\Lemiex-app-qc\temp_videos\qc_22_27_20260102_160226.avi at (1280, 720)
2026-01-02 16:02:26,224 - __main__ - INFO - QC recording started: D:\2025 Code\Lemiex-app-qc\temp_videos\qc_22_27_20260102_160226.avi
2026-01-02 16:02:26,224 - __main__ - INFO - Calling QC API: PUT https://manage.lemiex.us/api/orders/change-status-items
2026-01-02 16:02:26,224 - __main__ - INFO - Payload: {'item_id': 27, 'meta_key': 'front', 'status': True}
2026-01-02 16:02:27,469 - __main__ - INFO - Response status: 200
2026-01-02 16:02:27,470 - __main__ - INFO - QC activated for item 27, position: front
2026-01-02 16:02:27,470 - __main__ - INFO - Calling QC API: PUT https://manage.lemiex.us/api/orders/change-status-items
2026-01-02 16:02:27,470 - __main__ - INFO - Payload: {'item_id': 27, 'meta_key': 'sleeve_right', 'status': True}
2026-01-02 16:02:28,710 - __main__ - INFO - Response status: 200
2026-01-02 16:02:28,711 - __main__ - INFO - QC activated for item 27, position: sleeve_right
2026-01-02 16:02:28,711 - __main__ - INFO - Calling QC API: PUT https://manage.lemiex.us/api/orders/change-status-items
2026-01-02 16:02:28,711 - __main__ - INFO - Payload: {'item_id': 27, 'meta_key': 'sleeve_left', 'status': True}
2026-01-02 16:02:30,585 - __main__ - INFO - Response status: 200
2026-01-02 16:02:30,586 - __main__ - INFO - QC activated for item 27, position: sleeve_left
2026-01-02 16:02:36,459 - __main__ - INFO - Calling track API: https://manage.lemiex.us/api/orders/track/22?item_id=27
2026-01-02 16:02:38,151 - __main__ - INFO - Track API response success, items count: 2
2026-01-02 16:02:38,296 - __main__ - INFO - Recording limit reached: 12s >= 12s
2026-01-02 16:03:31,082 - __main__ - INFO - Starting Lemiex Order Manager (Eel UI)
2026-01-02 16:03:31,082 - __main__ - INFO - Starting as desktop app using Edge
2026-01-02 16:03:32,090 - __main__ - INFO - Desktop app launched with PID: 261224
2026-01-02 16:03:32,489 - geventwebsocket.handler - INFO - 127.0.0.1 - - [2026-01-02 16:03:32] "GET /index.html HTTP/1.1" 200 16760 0.000731
2026-01-02 16:03:32,494 - geventwebsocket.handler - INFO - 127.0.0.1 - - [2026-01-02 16:03:32] "GET /eel.js HTTP/1.1" 200 6476 0.000287
2026-01-02 16:03:32,495 - geventwebsocket.handler - INFO - 127.0.0.1 - - [2026-01-02 16:03:32] "GET /css/style.css HTTP/1.1" 200 7621 0.000504
2026-01-02 16:03:32,497 - geventwebsocket.handler - INFO - 127.0.0.1 - - [2026-01-02 16:03:32] "GET /js/app.js HTTP/1.1" 200 69714 0.000573
2026-01-02 16:03:34,038 - __main__ - INFO - Auto-starting camera...
2026-01-02 16:03:34,038 - camera.camera_manager - INFO - Camera added: camera_0
2026-01-02 16:03:36,228 - camera.camera_manager - INFO - Camera camera_0 connected
2026-01-02 16:03:36,229 - camera.camera_manager - INFO - Camera camera_0 started
2026-01-02 16:03:36,229 - camera.camera_manager - INFO - Camera manager started with 1 cameras
2026-01-02 16:03:36,231 - __main__ - INFO - Auto-detecting scanner...
2026-01-02 16:03:36,239 - __main__ - INFO - Found COM3: {'port': 'COM3', 'description': 'USB Serial Device (COM3)', 'hwid': 'USB VID:PID=152A:880F SER=00000000050C LOCATION=1-9'}
2026-01-02 16:03:36,244 - scanner.scanner_manager - INFO - Scanner added: scanner_1 on COM3
2026-01-02 16:03:36,248 - scanner.com_scanner - INFO - Scanner scanner_1 connected on COM3
2026-01-02 16:03:36,369 - scanner.com_scanner - INFO - Scanner scanner_1 reading thread started
2026-01-02 16:03:36,369 - scanner.scanner_manager - INFO - Scanner manager started with 1 scanners
2026-01-02 16:03:36,369 - __main__ - INFO - Scanner started on COM3
2026-01-02 16:03:36,382 - __main__ - INFO - Auto-started scanner on COM3
2026-01-02 16:03:36,793 - __main__ - INFO - Recording limit set to: 12s
2026-01-02 16:03:36,798 - __main__ - INFO - Device states synced with frontend
2026-01-02 16:03:38,340 - camera.camera_manager - WARNING - Camera camera_0 too many failures, reconnecting...
2026-01-02 16:03:41,292 - camera.camera_manager - INFO - Camera camera_0 connected
2026-01-02 16:03:42,283 - scanner.com_scanner - INFO - Decoded text from scanner_1: 'https://manage.lemiex.us/track/22?stt=1&item_id=27&item_stt=1'
2026-01-02 16:03:42,283 - scanner.com_scanner - INFO - Scanner scanner_1 scan: https://manage.lemiex.us/track/22?stt=1&item_id=27&item_stt=1
2026-01-02 16:03:42,284 - __main__ - INFO - Scan received: https://manage.lemiex.us/track/22?stt=1&item_id=27&item_stt=1
2026-01-02 16:03:42,284 - __main__ - INFO - Calling track API: https://manage.lemiex.us/api/orders/track/22?stt=1&item_id=27&item_stt=1
2026-01-02 16:03:44,752 - __main__ - INFO - Track API response success, items count: 2
2026-01-02 16:03:44,755 - __main__ - INFO - Track result items: 2
2026-01-02 16:03:47,847 - camera.camera_manager - INFO - Camera camera_0 started recording: D:\2025 Code\Lemiex-app-qc\temp_videos\qc_22_27_20260102_160347.avi at (1280, 720)
2026-01-02 16:03:47,848 - __main__ - INFO - QC recording started: D:\2025 Code\Lemiex-app-qc\temp_videos\qc_22_27_20260102_160347.avi
2026-01-02 16:03:47,849 - __main__ - INFO - Calling QC API: PUT https://manage.lemiex.us/api/orders/change-status-items
2026-01-02 16:03:47,849 - __main__ - INFO - Payload: {'item_id': 27, 'meta_key': 'front', 'status': True}
2026-01-02 16:03:49,293 - __main__ - INFO - Response status: 200
2026-01-02 16:03:49,294 - __main__ - INFO - QC activated for item 27, position: front
2026-01-02 16:03:49,294 - __main__ - INFO - Calling QC API: PUT https://manage.lemiex.us/api/orders/change-status-items
2026-01-02 16:03:49,294 - __main__ - INFO - Payload: {'item_id': 27, 'meta_key': 'sleeve_right', 'status': True}
2026-01-02 16:03:52,803 - __main__ - INFO - Response status: 200
2026-01-02 16:03:52,805 - __main__ - INFO - QC activated for item 27, position: sleeve_right
2026-01-02 16:03:52,805 - __main__ - INFO - Calling QC API: PUT https://manage.lemiex.us/api/orders/change-status-items
2026-01-02 16:03:52,805 - __main__ - INFO - Payload: {'item_id': 27, 'meta_key': 'sleeve_left', 'status': True}
2026-01-02 16:03:54,042 - __main__ - INFO - Response status: 200
2026-01-02 16:03:54,045 - __main__ - INFO - QC activated for item 27, position: sleeve_left
2026-01-02 16:03:57,791 - __main__ - INFO - Calling track API: https://manage.lemiex.us/api/orders/track/22?item_id=27
2026-01-02 16:03:59,514 - __main__ - INFO - Track API response success, items count: 2
2026-01-02 16:04:00,087 - __main__ - INFO - Recording limit reached: 12s >= 12s
2026-01-02 16:04:00,201 - camera.camera_manager - INFO - Camera camera_0 stopped recording
2026-01-02 16:04:00,237 - __main__ - WARNING - No recording to stop
2026-01-02 16:04:47,860 - __main__ - INFO - Starting Lemiex Order Manager (Eel UI)
2026-01-02 16:04:47,861 - __main__ - INFO - Starting as desktop app using Edge
2026-01-02 16:04:48,869 - __main__ - INFO - Desktop app launched with PID: 490296
2026-01-02 16:04:49,259 - geventwebsocket.handler - INFO - 127.0.0.1 - - [2026-01-02 16:04:49] "GET /index.html HTTP/1.1" 200 16760 0.000948
2026-01-02 16:04:49,265 - geventwebsocket.handler - INFO - 127.0.0.1 - - [2026-01-02 16:04:49] "GET /eel.js HTTP/1.1" 200 6476 0.000283
2026-01-02 16:04:49,266 - geventwebsocket.handler - INFO - 127.0.0.1 - - [2026-01-02 16:04:49] "GET /css/style.css HTTP/1.1" 200 7621 0.000571
2026-01-02 16:04:49,268 - geventwebsocket.handler - INFO - 127.0.0.1 - - [2026-01-02 16:04:49] "GET /js/app.js HTTP/1.1" 200 69714 0.000509
2026-01-02 16:04:50,920 - __main__ - INFO - Auto-starting camera...
2026-01-02 16:04:50,921 - camera.camera_manager - INFO - Camera added: camera_0
2026-01-02 16:04:53,403 - camera.camera_manager - INFO - Camera camera_0 connected
2026-01-02 16:04:53,404 - camera.camera_manager - INFO - Camera camera_0 started
2026-01-02 16:04:53,404 - camera.camera_manager - INFO - Camera manager started with 1 cameras
2026-01-02 16:04:53,405 - __main__ - INFO - Auto-detecting scanner...
2026-01-02 16:04:53,412 - __main__ - INFO - Found COM3: {'port': 'COM3', 'description': 'USB Serial Device (COM3)', 'hwid': 'USB VID:PID=152A:880F SER=00000000050C LOCATION=1-9'}
2026-01-02 16:04:53,418 - scanner.scanner_manager - INFO - Scanner added: scanner_1 on COM3
2026-01-02 16:04:53,419 - scanner.com_scanner - INFO - Scanner scanner_1 connected on COM3
2026-01-02 16:04:53,420 - scanner.com_scanner - INFO - Scanner scanner_1 reading thread started
2026-01-02 16:04:53,420 - scanner.scanner_manager - INFO - Scanner manager started with 1 scanners
2026-01-02 16:04:53,420 - __main__ - INFO - Scanner started on COM3
2026-01-02 16:04:53,421 - __main__ - INFO - Auto-started scanner on COM3
2026-01-02 16:04:53,922 - __main__ - INFO - Recording limit set to: 12s
2026-01-02 16:04:53,924 - __main__ - INFO - Device states synced with frontend
2026-01-02 16:04:55,412 - camera.camera_manager - WARNING - Camera camera_0 too many failures, reconnecting...
2026-01-02 16:04:58,525 - camera.camera_manager - INFO - Camera camera_0 connected
2026-01-02 16:04:59,224 - scanner.com_scanner - INFO - Decoded text from scanner_1: 'https://manage.lemiex.us/track/22?stt=1&item_id=27&item_stt=1'
2026-01-02 16:04:59,224 - scanner.com_scanner - INFO - Scanner scanner_1 scan: https://manage.lemiex.us/track/22?stt=1&item_id=27&item_stt=1
2026-01-02 16:04:59,225 - __main__ - INFO - Scan received: https://manage.lemiex.us/track/22?stt=1&item_id=27&item_stt=1
2026-01-02 16:04:59,225 - __main__ - INFO - Calling track API: https://manage.lemiex.us/api/orders/track/22?stt=1&item_id=27&item_stt=1
2026-01-02 16:05:01,242 - __main__ - INFO - Track API response success, items count: 2
2026-01-02 16:05:01,243 - __main__ - INFO - Track result items: 2
2026-01-02 16:05:03,245 - camera.camera_manager - INFO - Camera camera_0 started recording: D:\2025 Code\Lemiex-app-qc\temp_videos\qc_22_27_20260102_160503.avi at (1280, 720)
2026-01-02 16:05:03,247 - __main__ - INFO - QC recording started: D:\2025 Code\Lemiex-app-qc\temp_videos\qc_22_27_20260102_160503.avi
2026-01-02 16:05:03,248 - __main__ - INFO - Calling QC API: PUT https://manage.lemiex.us/api/orders/change-status-items
2026-01-02 16:05:03,249 - __main__ - INFO - Payload: {'item_id': 27, 'meta_key': 'front', 'status': True}
2026-01-02 16:05:05,227 - __main__ - INFO - Response status: 200
2026-01-02 16:05:05,228 - __main__ - INFO - QC activated for item 27, position: front
2026-01-02 16:05:05,228 - __main__ - INFO - Calling QC API: PUT https://manage.lemiex.us/api/orders/change-status-items
2026-01-02 16:05:05,229 - __main__ - INFO - Payload: {'item_id': 27, 'meta_key': 'sleeve_right', 'status': True}
2026-01-02 16:05:06,469 - __main__ - INFO - Response status: 200
2026-01-02 16:05:06,592 - __main__ - INFO - QC activated for item 27, position: sleeve_right
2026-01-02 16:05:06,606 - __main__ - INFO - Calling QC API: PUT https://manage.lemiex.us/api/orders/change-status-items
2026-01-02 16:05:06,617 - __main__ - INFO - Payload: {'item_id': 27, 'meta_key': 'sleeve_left', 'status': True}
2026-01-02 16:05:08,421 - __main__ - INFO - Response status: 200
2026-01-02 16:05:08,421 - __main__ - INFO - QC activated for item 27, position: sleeve_left
2026-01-02 16:05:14,705 - __main__ - INFO - Calling track API: https://manage.lemiex.us/api/orders/track/22?item_id=27
2026-01-02 16:05:15,475 - __main__ - INFO - Recording limit reached: 12s >= 12s
2026-01-02 16:05:15,519 - camera.camera_manager - INFO - Camera camera_0 stopped recording
2026-01-02 16:05:15,523 - __main__ - WARNING - No recording to stop
2026-01-02 16:05:16,857 - __main__ - INFO - Track API response success, items count: 2
2026-01-02 16:05:34,167 - __main__ - WARNING - No recording to stop
2026-01-02 16:06:55,369 - __main__ - INFO - Starting Lemiex Order Manager (Eel UI)
2026-01-02 16:06:55,370 - __main__ - INFO - Starting as desktop app using Edge
2026-01-02 16:06:56,377 - __main__ - INFO - Desktop app launched with PID: 70892
2026-01-02 16:06:56,758 - geventwebsocket.handler - INFO - 127.0.0.1 - - [2026-01-02 16:06:56] "GET /index.html HTTP/1.1" 200 16760 0.000960
2026-01-02 16:06:56,765 - geventwebsocket.handler - INFO - 127.0.0.1 - - [2026-01-02 16:06:56] "GET /eel.js HTTP/1.1" 200 6476 0.000272
2026-01-02 16:06:56,766 - geventwebsocket.handler - INFO - 127.0.0.1 - - [2026-01-02 16:06:56] "GET /css/style.css HTTP/1.1" 200 7621 0.000528
2026-01-02 16:06:56,768 - geventwebsocket.handler - INFO - 127.0.0.1 - - [2026-01-02 16:06:56] "GET /js/app.js HTTP/1.1" 200 69714 0.001058
2026-01-02 16:06:58,336 - __main__ - INFO - Auto-starting camera...
2026-01-02 16:06:58,336 - camera.camera_manager - INFO - Camera added: camera_0
2026-01-02 16:07:00,798 - camera.camera_manager - INFO - Camera camera_0 connected
2026-01-02 16:07:00,799 - camera.camera_manager - INFO - Camera camera_0 started
2026-01-02 16:07:00,799 - camera.camera_manager - INFO - Camera manager started with 1 cameras
2026-01-02 16:07:00,799 - __main__ - INFO - Auto-detecting scanner...
2026-01-02 16:07:00,805 - __main__ - INFO - Found COM3: {'port': 'COM3', 'description': 'USB Serial Device (COM3)', 'hwid': 'USB VID:PID=152A:880F SER=00000000050C LOCATION=1-9'}
2026-01-02 16:07:00,805 - scanner.scanner_manager - INFO - Scanner added: scanner_1 on COM3
2026-01-02 16:07:00,807 - scanner.com_scanner - INFO - Scanner scanner_1 connected on COM3
2026-01-02 16:07:00,808 - scanner.com_scanner - INFO - Scanner scanner_1 reading thread started
2026-01-02 16:07:00,808 - scanner.scanner_manager - INFO - Scanner manager started with 1 scanners
2026-01-02 16:07:00,808 - __main__ - INFO - Scanner started on COM3
2026-01-02 16:07:00,808 - __main__ - INFO - Auto-started scanner on COM3
2026-01-02 16:07:01,153 - __main__ - INFO - Recording limit set to: 12s
2026-01-02 16:07:01,155 - __main__ - INFO - Device states synced with frontend
2026-01-02 16:07:02,706 - camera.camera_manager - WARNING - Camera camera_0 too many failures, reconnecting...
2026-01-02 16:07:05,514 - camera.camera_manager - INFO - Camera camera_0 connected
2026-01-02 16:07:06,132 - scanner.com_scanner - INFO - Decoded text from scanner_1: 'https://manage.lemiex.us/track/22?stt=1&item_id=27&item_stt=1'
2026-01-02 16:07:06,133 - scanner.com_scanner - INFO - Scanner scanner_1 scan: https://manage.lemiex.us/track/22?stt=1&item_id=27&item_stt=1
2026-01-02 16:07:06,133 - __main__ - INFO - Scan received: https://manage.lemiex.us/track/22?stt=1&item_id=27&item_stt=1
2026-01-02 16:07:06,134 - __main__ - INFO - Calling track API: https://manage.lemiex.us/api/orders/track/22?stt=1&item_id=27&item_stt=1
2026-01-02 16:07:08,724 - __main__ - INFO - Track API response success, items count: 2
2026-01-02 16:07:08,724 - __main__ - INFO - Track result items: 2
2026-01-02 16:07:10,693 - camera.camera_manager - INFO - Camera camera_0 started recording: D:\2025 Code\Lemiex-app-qc\temp_videos\qc_22_27_20260102_160710.avi at (1280, 720)
2026-01-02 16:07:10,693 - __main__ - INFO - QC recording started: D:\2025 Code\Lemiex-app-qc\temp_videos\qc_22_27_20260102_160710.avi
2026-01-02 16:07:10,693 - __main__ - INFO - Calling QC API: PUT https://manage.lemiex.us/api/orders/change-status-items
2026-01-02 16:07:10,694 - __main__ - INFO - Payload: {'item_id': 27, 'meta_key': 'front', 'status': True}
2026-01-02 16:07:11,874 - __main__ - INFO - Response status: 200
2026-01-02 16:07:11,874 - __main__ - INFO - QC activated for item 27, position: front
2026-01-02 16:07:11,874 - __main__ - INFO - Calling QC API: PUT https://manage.lemiex.us/api/orders/change-status-items
2026-01-02 16:07:11,874 - __main__ - INFO - Payload: {'item_id': 27, 'meta_key': 'sleeve_right', 'status': True}
2026-01-02 16:07:13,064 - __main__ - INFO - Response status: 200
2026-01-02 16:07:13,069 - __main__ - INFO - QC activated for item 27, position: sleeve_right
2026-01-02 16:07:13,070 - __main__ - INFO - Calling QC API: PUT https://manage.lemiex.us/api/orders/change-status-items
2026-01-02 16:07:13,070 - __main__ - INFO - Payload: {'item_id': 27, 'meta_key': 'sleeve_left', 'status': True}
2026-01-02 16:07:14,299 - __main__ - INFO - Response status: 200
2026-01-02 16:07:14,299 - __main__ - INFO - QC activated for item 27, position: sleeve_left
2026-01-02 16:07:17,801 - __main__ - INFO - Calling track API: https://manage.lemiex.us/api/orders/track/22?item_id=27
2026-01-02 16:07:19,577 - __main__ - INFO - Track API response success, items count: 2
2026-01-02 16:07:22,681 - __main__ - INFO - Recording limit reached: 12s >= 12s
2026-01-02 16:07:22,681 - __main__ - INFO - Stopping QC recording for order 22
2026-01-02 16:07:22,683 - camera.camera_manager - INFO - Camera camera_0 stopped recording
2026-01-02 16:07:22,683 - __main__ - WARNING - No recording to stop
2026-01-02 16:08:03,340 - __main__ - INFO - Starting Lemiex Order Manager (Eel UI)
2026-01-02 16:08:03,340 - __main__ - INFO - Starting as desktop app using Edge
2026-01-02 16:08:04,348 - __main__ - INFO - Desktop app launched with PID: 226868
2026-01-02 16:08:04,734 - geventwebsocket.handler - INFO - 127.0.0.1 - - [2026-01-02 16:08:04] "GET /index.html HTTP/1.1" 200 16760 0.000796
2026-01-02 16:08:04,745 - geventwebsocket.handler - INFO - 127.0.0.1 - - [2026-01-02 16:08:04] "GET /eel.js HTTP/1.1" 200 6476 0.000328
2026-01-02 16:08:04,747 - geventwebsocket.handler - INFO - 127.0.0.1 - - [2026-01-02 16:08:04] "GET /css/style.css HTTP/1.1" 200 7621 0.000527
2026-01-02 16:08:04,749 - geventwebsocket.handler - INFO - 127.0.0.1 - - [2026-01-02 16:08:04] "GET /js/app.js HTTP/1.1" 200 69714 0.000585
2026-01-02 16:08:06,278 - __main__ - INFO - Auto-starting camera...
2026-01-02 16:08:06,278 - camera.camera_manager - INFO - Camera added: camera_0
2026-01-02 16:08:08,509 - camera.camera_manager - INFO - Camera camera_0 connected
2026-01-02 16:08:08,509 - camera.camera_manager - INFO - Camera camera_0 started
2026-01-02 16:08:08,510 - camera.camera_manager - INFO - Camera manager started with 1 cameras
2026-01-02 16:08:08,510 - __main__ - INFO - Auto-detecting scanner...
2026-01-02 16:08:08,515 - __main__ - INFO - Found COM3: {'port': 'COM3', 'description': 'USB Serial Device (COM3)', 'hwid': 'USB VID:PID=152A:880F SER=00000000050C LOCATION=1-9'}
2026-01-02 16:08:08,515 - scanner.scanner_manager - INFO - Scanner added: scanner_1 on COM3
2026-01-02 16:08:08,517 - scanner.com_scanner - INFO - Scanner scanner_1 connected on COM3
2026-01-02 16:08:08,518 - scanner.com_scanner - INFO - Scanner scanner_1 reading thread started
2026-01-02 16:08:08,518 - scanner.scanner_manager - INFO - Scanner manager started with 1 scanners
2026-01-02 16:08:08,518 - __main__ - INFO - Scanner started on COM3
2026-01-02 16:08:08,518 - __main__ - INFO - Auto-started scanner on COM3
2026-01-02 16:08:08,867 - __main__ - INFO - Recording limit set to: 12s
2026-01-02 16:08:08,869 - __main__ - INFO - Device states synced with frontend
2026-01-02 16:08:10,423 - camera.camera_manager - WARNING - Camera camera_0 too many failures, reconnecting...
2026-01-02 16:08:13,136 - camera.camera_manager - INFO - Camera camera_0 connected
2026-01-02 16:08:17,198 - scanner.com_scanner - INFO - Decoded text from scanner_1: 'https://manage.lemiex.us/track/22?stt=1&item_id=27&item_stt=1'
2026-01-02 16:08:17,198 - scanner.com_scanner - INFO - Scanner scanner_1 scan: https://manage.lemiex.us/track/22?stt=1&item_id=27&item_stt=1
2026-01-02 16:08:17,199 - __main__ - INFO - Scan received: https://manage.lemiex.us/track/22?stt=1&item_id=27&item_stt=1
2026-01-02 16:08:17,201 - __main__ - INFO - Calling track API: https://manage.lemiex.us/api/orders/track/22?stt=1&item_id=27&item_stt=1
2026-01-02 16:08:19,035 - __main__ - INFO - Track API response success, items count: 2
2026-01-02 16:08:19,037 - __main__ - INFO - Track result items: 2
2026-01-02 16:08:21,123 - camera.camera_manager - INFO - Camera camera_0 started recording: D:\2025 Code\Lemiex-app-qc\temp_videos\qc_22_27_20260102_160821.avi at (1280, 720)
2026-01-02 16:08:21,124 - __main__ - INFO - QC recording started: D:\2025 Code\Lemiex-app-qc\temp_videos\qc_22_27_20260102_160821.avi
2026-01-02 16:08:21,124 - __main__ - INFO - Calling QC API: PUT https://manage.lemiex.us/api/orders/change-status-items
2026-01-02 16:08:21,124 - __main__ - INFO - Payload: {'item_id': 27, 'meta_key': 'front', 'status': True}
2026-01-02 16:08:22,427 - __main__ - INFO - Response status: 200
2026-01-02 16:08:22,487 - __main__ - INFO - QC activated for item 27, position: front
2026-01-02 16:08:22,499 - __main__ - INFO - Calling QC API: PUT https://manage.lemiex.us/api/orders/change-status-items
2026-01-02 16:08:22,506 - __main__ - INFO - Payload: {'item_id': 27, 'meta_key': 'sleeve_right', 'status': True}
2026-01-02 16:08:23,808 - __main__ - INFO - Response status: 200
2026-01-02 16:08:23,809 - __main__ - INFO - QC activated for item 27, position: sleeve_right
2026-01-02 16:08:23,809 - __main__ - INFO - Calling QC API: PUT https://manage.lemiex.us/api/orders/change-status-items
2026-01-02 16:08:23,809 - __main__ - INFO - Payload: {'item_id': 27, 'meta_key': 'sleeve_left', 'status': True}
2026-01-02 16:08:25,103 - __main__ - INFO - Response status: 200
2026-01-02 16:08:25,108 - __main__ - INFO - QC activated for item 27, position: sleeve_left
2026-01-02 16:08:28,981 - __main__ - INFO - Calling track API: https://manage.lemiex.us/api/orders/track/22?item_id=27
2026-01-02 16:08:31,146 - __main__ - INFO - Track API response success, items count: 2
2026-01-02 16:08:33,241 - __main__ - INFO - Recording limit reached: 12s >= 12s
2026-01-02 16:08:33,241 - __main__ - INFO - Stopping QC recording for order 22
2026-01-02 16:08:33,249 - camera.camera_manager - INFO - Camera camera_0 stopped recording
2026-01-02 16:08:33,249 - __main__ - INFO - QC recording stopped: D:\2025 Code\Lemiex-app-qc\temp_videos\qc_22_27_20260102_160821.avi
2026-01-02 16:08:37,036 - services.b2_uploader - INFO - B2 uploader initialized
2026-01-02 16:08:37,042 - services.b2_uploader - INFO - Uploading D:\2025 Code\Lemiex-app-qc\temp_videos\qc_22_27_20260102_160821.avi to B2...
2026-01-02 16:09:09,464 - __main__ - INFO - Upload complete: UploadProgress(file_path='D:\\2025 Code\\Lemiex-app-qc\\temp_videos\\qc_22_27_20260102_160821.avi', total_bytes=7224302, uploaded_bytes=7224302, percent=100, status='done', url='https://f005.backblazeb2.com/b2api/v2/b2_download_file_by_id?fileId=4_z9f9ab7cd4102b29894a90810_f101c6de7ecbdc809_d20260102_m090839_c005_v0501015_t0030_u01767344919086', error_message='')
2026-01-02 16:09:09,464 - services.b2_uploader - INFO - Upload complete: https://f005.backblazeb2.com/b2api/v2/b2_download_file_by_id?fileId=4_z9f9ab7cd4102b29894a90810_f101c6de7ecbdc809_d20260102_m090839_c005_v0501015_t0030_u01767344919086
2026-01-02 16:09:09,464 - __main__ - INFO - Video uploaded to B2: https://f005.backblazeb2.com/b2api/v2/b2_download_file_by_id?fileId=4_z9f9ab7cd4102b29894a90810_f101c6de7ecbdc809_d20260102_m090839_c005_v0501015_t0030_u01767344919086
2026-01-02 16:09:10,597 - __main__ - INFO - Video API response: 400
2026-01-02 16:10:31,428 - __main__ - WARNING - No recording to stop
2026-01-02 16:10:41,272 - __main__ - INFO - Starting Lemiex Order Manager (Eel UI)
2026-01-02 16:10:41,298 - __main__ - INFO - Starting as desktop app using Edge
2026-01-02 16:10:42,305 - __main__ - INFO - Desktop app launched with PID: 125784
2026-01-02 16:10:42,690 - geventwebsocket.handler - INFO - 127.0.0.1 - - [2026-01-02 16:10:42] "GET /index.html HTTP/1.1" 200 16760 0.000850
2026-01-02 16:10:42,696 - geventwebsocket.handler - INFO - 127.0.0.1 - - [2026-01-02 16:10:42] "GET /eel.js HTTP/1.1" 200 6476 0.000535
2026-01-02 16:10:42,698 - geventwebsocket.handler - INFO - 127.0.0.1 - - [2026-01-02 16:10:42] "GET /css/style.css HTTP/1.1" 200 7621 0.000590
2026-01-02 16:10:42,700 - geventwebsocket.handler - INFO - 127.0.0.1 - - [2026-01-02 16:10:42] "GET /js/app.js HTTP/1.1" 200 69714 0.000650
2026-01-02 16:10:44,252 - __main__ - INFO - Auto-starting camera...
2026-01-02 16:10:44,252 - camera.camera_manager - INFO - Camera added: camera_0
2026-01-02 16:10:47,061 - camera.camera_manager - INFO - Camera camera_0 connected
2026-01-02 16:10:47,062 - camera.camera_manager - INFO - Camera camera_0 started
2026-01-02 16:10:47,062 - camera.camera_manager - INFO - Camera manager started with 1 cameras
2026-01-02 16:10:47,062 - __main__ - INFO - Auto-detecting scanner...
2026-01-02 16:10:47,070 - __main__ - INFO - Found COM3: {'port': 'COM3', 'description': 'USB Serial Device (COM3)', 'hwid': 'USB VID:PID=152A:880F SER=00000000050C LOCATION=1-9'}
2026-01-02 16:10:47,070 - scanner.scanner_manager - INFO - Scanner added: scanner_1 on COM3
2026-01-02 16:10:47,073 - scanner.com_scanner - INFO - Scanner scanner_1 connected on COM3
2026-01-02 16:10:47,073 - scanner.com_scanner - INFO - Scanner scanner_1 reading thread started
2026-01-02 16:10:47,073 - scanner.scanner_manager - INFO - Scanner manager started with 1 scanners
2026-01-02 16:10:47,074 - __main__ - INFO - Scanner started on COM3
2026-01-02 16:10:47,074 - __main__ - INFO - Auto-started scanner on COM3
2026-01-02 16:10:47,473 - __main__ - INFO - Recording limit set to: 12s
2026-01-02 16:10:47,474 - __main__ - INFO - Device states synced with frontend
2026-01-02 16:10:48,996 - camera.camera_manager - WARNING - Camera camera_0 too many failures, reconnecting...
2026-01-02 16:10:54,140 - camera.camera_manager - INFO - Camera camera_0 connected
2026-01-02 16:10:55,226 - scanner.com_scanner - INFO - Decoded text from scanner_1: 'https://manage.lemiex.us/track/22?stt=1&item_id=27&item_stt=1'
2026-01-02 16:10:55,226 - scanner.com_scanner - INFO - Scanner scanner_1 scan: https://manage.lemiex.us/track/22?stt=1&item_id=27&item_stt=1
2026-01-02 16:10:55,227 - __main__ - INFO - Scan received: https://manage.lemiex.us/track/22?stt=1&item_id=27&item_stt=1
2026-01-02 16:10:55,227 - __main__ - INFO - Calling track API: https://manage.lemiex.us/api/orders/track/22?stt=1&item_id=27&item_stt=1
2026-01-02 16:10:57,254 - __main__ - INFO - Track API response success, items count: 2
2026-01-02 16:10:57,254 - __main__ - INFO - Track result items: 2
2026-01-02 16:11:00,014 - camera.camera_manager - INFO - Camera camera_0 started recording: D:\2025 Code\Lemiex-app-qc\temp_videos\qc_22_27_20260102_161059.avi at (1280, 720)
2026-01-02 16:11:00,015 - __main__ - INFO - QC recording started: D:\2025 Code\Lemiex-app-qc\temp_videos\qc_22_27_20260102_161059.avi
2026-01-02 16:11:00,024 - __main__ - INFO - Calling QC API: PUT https://manage.lemiex.us/api/orders/change-status-items
2026-01-02 16:11:00,052 - __main__ - INFO - Payload: {'item_id': 27, 'meta_key': 'front', 'status': True}
2026-01-02 16:11:03,380 - __main__ - INFO - Response status: 200
2026-01-02 16:11:03,380 - __main__ - INFO - QC activated for item 27, position: front
2026-01-02 16:11:03,381 - __main__ - INFO - Calling QC API: PUT https://manage.lemiex.us/api/orders/change-status-items
2026-01-02 16:11:03,381 - __main__ - INFO - Payload: {'item_id': 27, 'meta_key': 'sleeve_right', 'status': True}
2026-01-02 16:11:04,594 - __main__ - INFO - Response status: 200
2026-01-02 16:11:04,594 - __main__ - INFO - QC activated for item 27, position: sleeve_right
2026-01-02 16:11:04,594 - __main__ - INFO - Calling QC API: PUT https://manage.lemiex.us/api/orders/change-status-items
2026-01-02 16:11:04,595 - __main__ - INFO - Payload: {'item_id': 27, 'meta_key': 'sleeve_left', 'status': True}
2026-01-02 16:11:05,801 - __main__ - INFO - Response status: 200
2026-01-02 16:11:05,801 - __main__ - INFO - QC activated for item 27, position: sleeve_left
2026-01-02 16:11:10,179 - __main__ - INFO - Calling track API: https://manage.lemiex.us/api/orders/track/22?item_id=27
2026-01-02 16:11:12,049 - __main__ - INFO - Recording limit reached: 12s >= 12s
2026-01-02 16:11:12,049 - __main__ - INFO - Stopping QC recording for order 22
2026-01-02 16:11:12,051 - camera.camera_manager - INFO - Camera camera_0 stopped recording
2026-01-02 16:11:12,051 - __main__ - INFO - QC recording stopped: D:\2025 Code\Lemiex-app-qc\temp_videos\qc_22_27_20260102_161059.avi
2026-01-02 16:11:12,383 - __main__ - INFO - Track API response success, items count: 2
2026-01-02 16:11:14,529 - services.b2_uploader - INFO - B2 uploader initialized
2026-01-02 16:11:14,529 - services.b2_uploader - INFO - Uploading D:\2025 Code\Lemiex-app-qc\temp_videos\qc_22_27_20260102_161059.avi to B2...
2026-01-02 16:11:40,172 - __main__ - INFO - Upload complete: UploadProgress(file_path='D:\\2025 Code\\Lemiex-app-qc\\temp_videos\\qc_22_27_20260102_161059.avi', total_bytes=5979724, uploaded_bytes=5979724, percent=100, status='done', url='https://f005.backblazeb2.com/b2api/v2/b2_download_file_by_id?fileId=4_z9f9ab7cd4102b29894a90810_f114872685373c34f_d20260102_m091116_c005_v0501027_t0055_u01767345076471', error_message='')
2026-01-02 16:11:40,172 - services.b2_uploader - INFO - Upload complete: https://f005.backblazeb2.com/b2api/v2/b2_download_file_by_id?fileId=4_z9f9ab7cd4102b29894a90810_f114872685373c34f_d20260102_m091116_c005_v0501027_t0055_u01767345076471
2026-01-02 16:11:40,172 - __main__ - INFO - Video uploaded to B2: https://f005.backblazeb2.com/b2api/v2/b2_download_file_by_id?fileId=4_z9f9ab7cd4102b29894a90810_f114872685373c34f_d20260102_m091116_c005_v0501027_t0055_u01767345076471
2026-01-02 16:11:40,172 - __main__ - INFO - Video API payload: {'order_id': 22, 'order_item_id': 27, 'video': 'https://f005.backblazeb2.com/b2api/v2/b2_download_file_by_id?fileId=4_z9f9ab7cd4102b29894a90810_f114872685373c34f_d20260102_m091116_c005_v0501027_t0055_u01767345076471'}
2026-01-02 16:11:41,266 - __main__ - INFO - Video API response: 400
2026-01-02 16:11:41,267 - __main__ - ERROR - Video API error body: {"code":400,"status":false,"message":"Validation failed","errors":{"video":["The video field must be a file.","The video field must be a file of type: mp4, mov, avi, webm."]}}
2026-01-02 16:12:49,216 - __main__ - INFO - Starting Lemiex Order Manager (Eel UI)
2026-01-02 16:12:49,217 - __main__ - INFO - Starting as desktop app using Edge
2026-01-02 16:12:50,232 - __main__ - INFO - Desktop app launched with PID: 178128
2026-01-02 16:12:50,730 - geventwebsocket.handler - INFO - 127.0.0.1 - - [2026-01-02 16:12:50] "GET /index.html HTTP/1.1" 200 16760 0.000871
2026-01-02 16:12:50,741 - geventwebsocket.handler - INFO - 127.0.0.1 - - [2026-01-02 16:12:50] "GET /eel.js HTTP/1.1" 200 6476 0.000314
2026-01-02 16:12:50,743 - geventwebsocket.handler - INFO - 127.0.0.1 - - [2026-01-02 16:12:50] "GET /css/style.css HTTP/1.1" 200 7621 0.000616
2026-01-02 16:12:50,748 - geventwebsocket.handler - INFO - 127.0.0.1 - - [2026-01-02 16:12:50] "GET /js/app.js HTTP/1.1" 200 69714 0.000780
2026-01-02 16:12:52,380 - __main__ - INFO - Auto-starting camera...
2026-01-02 16:12:52,380 - camera.camera_manager - INFO - Camera added: camera_0
2026-01-02 16:12:54,805 - camera.camera_manager - INFO - Camera camera_0 connected
2026-01-02 16:12:54,806 - camera.camera_manager - INFO - Camera camera_0 started
2026-01-02 16:12:54,806 - camera.camera_manager - INFO - Camera manager started with 1 cameras
2026-01-02 16:12:54,806 - __main__ - INFO - Auto-detecting scanner...
2026-01-02 16:12:54,813 - __main__ - INFO - Found COM3: {'port': 'COM3', 'description': 'USB Serial Device (COM3)', 'hwid': 'USB VID:PID=152A:880F SER=00000000050C LOCATION=1-9'}
2026-01-02 16:12:54,813 - scanner.scanner_manager - INFO - Scanner added: scanner_1 on COM3
2026-01-02 16:12:54,815 - scanner.com_scanner - INFO - Scanner scanner_1 connected on COM3
2026-01-02 16:12:54,815 - scanner.com_scanner - INFO - Scanner scanner_1 reading thread started
2026-01-02 16:12:54,815 - scanner.scanner_manager - INFO - Scanner manager started with 1 scanners
2026-01-02 16:12:54,815 - __main__ - INFO - Scanner started on COM3
2026-01-02 16:12:54,815 - __main__ - INFO - Auto-started scanner on COM3
2026-01-02 16:12:55,157 - __main__ - INFO - Recording limit set to: 12s
2026-01-02 16:12:55,159 - __main__ - INFO - Device states synced with frontend
2026-01-02 16:12:56,729 - camera.camera_manager - WARNING - Camera camera_0 too many failures, reconnecting...
2026-01-02 16:12:59,528 - camera.camera_manager - INFO - Camera camera_0 connected
2026-01-02 16:13:00,190 - scanner.com_scanner - INFO - Decoded text from scanner_1: 'https://manage.lemiex.us/track/22?stt=1&item_id=27&item_stt=1'
2026-01-02 16:13:00,190 - scanner.com_scanner - INFO - Scanner scanner_1 scan: https://manage.lemiex.us/track/22?stt=1&item_id=27&item_stt=1
2026-01-02 16:13:00,191 - __main__ - INFO - Scan received: https://manage.lemiex.us/track/22?stt=1&item_id=27&item_stt=1
2026-01-02 16:13:00,191 - __main__ - INFO - Calling track API: https://manage.lemiex.us/api/orders/track/22?stt=1&item_id=27&item_stt=1
2026-01-02 16:13:02,991 - __main__ - INFO - Track API response success, items count: 2
2026-01-02 16:13:02,992 - __main__ - INFO - Track result items: 2
2026-01-02 16:13:05,070 - camera.camera_manager - INFO - Camera camera_0 started recording: D:\2025 Code\Lemiex-app-qc\temp_videos\qc_22_27_20260102_161305.avi at (1280, 720)
2026-01-02 16:13:05,070 - __main__ - INFO - QC recording started: D:\2025 Code\Lemiex-app-qc\temp_videos\qc_22_27_20260102_161305.avi
2026-01-02 16:13:05,072 - __main__ - INFO - Calling QC API: PUT https://manage.lemiex.us/api/orders/change-status-items
2026-01-02 16:13:05,072 - __main__ - INFO - Payload: {'item_id': 27, 'meta_key': 'front', 'status': True}
2026-01-02 16:13:06,247 - __main__ - INFO - Response status: 200
2026-01-02 16:13:06,247 - __main__ - INFO - QC activated for item 27, position: front
2026-01-02 16:13:06,248 - __main__ - INFO - Calling QC API: PUT https://manage.lemiex.us/api/orders/change-status-items
2026-01-02 16:13:06,248 - __main__ - INFO - Payload: {'item_id': 27, 'meta_key': 'sleeve_right', 'status': True}
2026-01-02 16:13:07,470 - __main__ - INFO - Response status: 200
2026-01-02 16:13:07,470 - __main__ - INFO - QC activated for item 27, position: sleeve_right
2026-01-02 16:13:07,470 - __main__ - INFO - Calling QC API: PUT https://manage.lemiex.us/api/orders/change-status-items
2026-01-02 16:13:07,471 - __main__ - INFO - Payload: {'item_id': 27, 'meta_key': 'sleeve_left', 'status': True}
2026-01-02 16:13:09,583 - __main__ - INFO - Response status: 200
2026-01-02 16:13:09,584 - __main__ - INFO - QC activated for item 27, position: sleeve_left
2026-01-02 16:13:13,453 - __main__ - INFO - Calling track API: https://manage.lemiex.us/api/orders/track/22?item_id=27
2026-01-02 16:13:15,827 - __main__ - INFO - Track API response success, items count: 2
2026-01-02 16:13:17,258 - __main__ - INFO - Recording limit reached: 12s >= 12s
2026-01-02 16:13:17,259 - __main__ - INFO - Stopping QC recording for order 22
2026-01-02 16:13:17,269 - camera.camera_manager - INFO - Camera camera_0 stopped recording
2026-01-02 16:13:17,269 - __main__ - INFO - QC recording stopped: D:\2025 Code\Lemiex-app-qc\temp_videos\qc_22_27_20260102_161305.avi
2026-01-02 16:13:17,272 - __main__ - INFO - Uploading video to API: D:\2025 Code\Lemiex-app-qc\temp_videos\qc_22_27_20260102_161305.avi
2026-01-02 16:13:17,306 - __main__ - INFO - Video API payload: order_id=22, order_item_id=27, file=qc_22_27_20260102_161305.avi
2026-01-02 16:13:22,591 - __main__ - INFO - Video API response: 200
2026-01-02 16:13:22,591 - __main__ - INFO - Video saved successfully: 
2026-01-02 16:22:26,879 - __main__ - INFO - Starting Lemiex Order Manager (Eel UI)
2026-01-02 16:22:26,879 - __main__ - INFO - Starting as desktop app using Edge
2026-01-02 16:22:27,888 - __main__ - INFO - Desktop app launched with PID: 316516
2026-01-02 16:22:28,694 - geventwebsocket.handler - INFO - 127.0.0.1 - - [2026-01-02 16:22:28] "GET /index.html HTTP/1.1" 200 16760 0.001119
2026-01-02 16:22:28,707 - geventwebsocket.handler - INFO - 127.0.0.1 - - [2026-01-02 16:22:28] "GET /eel.js HTTP/1.1" 200 6476 0.000296
2026-01-02 16:22:28,726 - geventwebsocket.handler - INFO - 127.0.0.1 - - [2026-01-02 16:22:28] "GET /css/style.css HTTP/1.1" 200 9698 0.018867
2026-01-02 16:22:28,728 - geventwebsocket.handler - INFO - 127.0.0.1 - - [2026-01-02 16:22:28] "GET /js/app.js HTTP/1.1" 200 73108 0.000571
2026-01-02 16:22:31,819 - __main__ - INFO - Auto-starting camera...
2026-01-02 16:22:31,820 - camera.camera_manager - INFO - Camera added: camera_0
2026-01-02 16:22:37,165 - camera.camera_manager - INFO - Camera camera_0 connected
2026-01-02 16:22:37,186 - camera.camera_manager - INFO - Camera camera_0 started
2026-01-02 16:22:37,188 - camera.camera_manager - INFO - Camera manager started with 1 cameras
2026-01-02 16:22:37,194 - __main__ - INFO - Auto-detecting scanner...
2026-01-02 16:22:37,303 - __main__ - INFO - Found COM3: {'port': 'COM3', 'description': 'USB Serial Device (COM3)', 'hwid': 'USB VID:PID=152A:880F SER=00000000050C LOCATION=1-9'}
2026-01-02 16:22:37,310 - scanner.scanner_manager - INFO - Scanner added: scanner_1 on COM3
2026-01-02 16:22:37,333 - scanner.com_scanner - INFO - Scanner scanner_1 connected on COM3
2026-01-02 16:22:37,339 - scanner.com_scanner - INFO - Scanner scanner_1 reading thread started
2026-01-02 16:22:37,340 - scanner.scanner_manager - INFO - Scanner manager started with 1 scanners
2026-01-02 16:22:37,341 - __main__ - INFO - Scanner started on COM3
2026-01-02 16:22:37,342 - __main__ - INFO - Auto-started scanner on COM3
2026-01-02 16:22:37,788 - __main__ - INFO - Recording limit set to: 12s
2026-01-02 16:22:37,797 - __main__ - INFO - Device states synced with frontend
2026-01-02 16:22:39,358 - camera.camera_manager - WARNING - Camera camera_0 too many failures, reconnecting...
2026-01-02 16:22:42,468 - camera.camera_manager - INFO - Camera camera_0 connected
2026-01-02 16:22:42,974 - scanner.com_scanner - INFO - Decoded text from scanner_1: 'https://manage.lemiex.us/track/22?stt=2&item_id=28&item_stt=2'
2026-01-02 16:22:42,975 - scanner.com_scanner - INFO - Scanner scanner_1 scan: https://manage.lemiex.us/track/22?stt=2&item_id=28&item_stt=2
2026-01-02 16:22:42,975 - __main__ - INFO - Scan received: https://manage.lemiex.us/track/22?stt=2&item_id=28&item_stt=2
2026-01-02 16:22:42,975 - __main__ - INFO - Calling track API: https://manage.lemiex.us/api/orders/track/22?stt=2&item_id=28&item_stt=2
2026-01-02 16:22:45,344 - __main__ - INFO - Track API response success, items count: 2
2026-01-02 16:22:45,344 - __main__ - INFO - Track result items: 2
2026-01-02 16:22:47,572 - camera.camera_manager - INFO - Camera camera_0 started recording: D:\2025 Code\Lemiex-app-qc\temp_videos\qc_22_28_20260102_162247.avi at (1280, 720)
2026-01-02 16:22:47,572 - __main__ - INFO - QC recording started: D:\2025 Code\Lemiex-app-qc\temp_videos\qc_22_28_20260102_162247.avi
2026-01-02 16:22:47,573 - __main__ - INFO - Calling QC API: PUT https://manage.lemiex.us/api/orders/change-status-items
2026-01-02 16:22:47,574 - __main__ - INFO - Payload: {'item_id': 28, 'meta_key': 'front', 'status': True}
2026-01-02 16:22:48,920 - __main__ - INFO - Response status: 200
2026-01-02 16:22:48,921 - __main__ - INFO - QC activated for item 28, position: front
2026-01-02 16:22:52,601 - __main__ - INFO - Calling track API: https://manage.lemiex.us/api/orders/track/22?item_id=28
2026-01-02 16:22:54,789 - __main__ - INFO - Track API response success, items count: 2
2026-01-02 16:22:59,693 - __main__ - INFO - Recording limit reached: 12s >= 12s
2026-01-02 16:22:59,693 - __main__ - INFO - Stopping QC recording for order 22
2026-01-02 16:22:59,696 - camera.camera_manager - INFO - Camera camera_0 stopped recording
2026-01-02 16:22:59,697 - __main__ - INFO - QC recording stopped: D:\2025 Code\Lemiex-app-qc\temp_videos\qc_22_28_20260102_162247.avi
2026-01-02 16:22:59,697 - __main__ - INFO - Video queued for upload. Queue size: 1
2026-01-02 16:22:59,697 - __main__ - INFO - Uploading video to API: D:\2025 Code\Lemiex-app-qc\temp_videos\qc_22_28_20260102_162247.avi
2026-01-02 16:22:59,712 - __main__ - INFO - Video API payload: order_id=22, order_item_id=28, file=qc_22_28_20260102_162247.avi, size=5948642
2026-01-02 16:23:06,431 - __main__ - INFO - Video API response: 200
2026-01-02 16:23:06,432 - __main__ - INFO - Video saved successfully: 
2026-01-02 16:23:17,199 - __main__ - WARNING - No recording to stop
2026-01-02 16:25:38,138 - scanner.com_scanner - INFO - Decoded text from scanner_1: 'https://manage.lemiex.us/track/22?stt=1&item_id=27&item_stt=1'
2026-01-02 16:25:38,141 - scanner.com_scanner - INFO - Scanner scanner_1 scan: https://manage.lemiex.us/track/22?stt=1&item_id=27&item_stt=1
2026-01-02 16:25:38,142 - __main__ - INFO - Scan received: https://manage.lemiex.us/track/22?stt=1&item_id=27&item_stt=1
2026-01-02 16:25:38,142 - __main__ - INFO - Calling track API: https://manage.lemiex.us/api/orders/track/22?stt=1&item_id=27&item_stt=1
2026-01-02 16:25:40,268 - __main__ - INFO - Track API response success, items count: 2
2026-01-02 16:25:40,269 - __main__ - INFO - Track result items: 2
2026-01-02 16:25:42,240 - camera.camera_manager - INFO - Camera camera_0 started recording: D:\2025 Code\Lemiex-app-qc\temp_videos\qc_22_27_20260102_162542.avi at (1280, 720)
2026-01-02 16:25:42,240 - __main__ - INFO - QC recording started: D:\2025 Code\Lemiex-app-qc\temp_videos\qc_22_27_20260102_162542.avi
2026-01-02 16:25:42,241 - __main__ - INFO - Calling QC API: PUT https://manage.lemiex.us/api/orders/change-status-items
2026-01-02 16:25:42,241 - __main__ - INFO - Payload: {'item_id': 27, 'meta_key': 'front', 'status': True}
2026-01-02 16:25:43,407 - __main__ - INFO - Response status: 200
2026-01-02 16:25:43,409 - __main__ - INFO - QC activated for item 27, position: front
2026-01-02 16:25:43,409 - __main__ - INFO - Calling QC API: PUT https://manage.lemiex.us/api/orders/change-status-items
2026-01-02 16:25:43,409 - __main__ - INFO - Payload: {'item_id': 27, 'meta_key': 'sleeve_right', 'status': True}
2026-01-02 16:25:44,565 - __main__ - INFO - Response status: 200
2026-01-02 16:25:44,566 - __main__ - INFO - QC activated for item 27, position: sleeve_right
2026-01-02 16:25:44,566 - __main__ - INFO - Calling QC API: PUT https://manage.lemiex.us/api/orders/change-status-items
2026-01-02 16:25:44,566 - __main__ - INFO - Payload: {'item_id': 27, 'meta_key': 'sleeve_left', 'status': True}
2026-01-02 16:25:45,717 - __main__ - INFO - Response status: 200
2026-01-02 16:25:45,718 - __main__ - INFO - QC activated for item 27, position: sleeve_left
2026-01-02 16:25:49,231 - __main__ - INFO - Calling track API: https://manage.lemiex.us/api/orders/track/22?item_id=27
2026-01-02 16:25:51,307 - __main__ - INFO - Track API response success, items count: 2
2026-01-02 16:25:54,248 - __main__ - INFO - Recording limit reached: 12s >= 12s
2026-01-02 16:25:54,248 - __main__ - INFO - Stopping QC recording for order 22
2026-01-02 16:25:54,250 - camera.camera_manager - INFO - Camera camera_0 stopped recording
2026-01-02 16:25:54,251 - __main__ - INFO - QC recording stopped: D:\2025 Code\Lemiex-app-qc\temp_videos\qc_22_27_20260102_162542.avi
2026-01-02 16:25:54,251 - __main__ - INFO - Video queued for upload. Queue size: 1
2026-01-02 16:25:54,252 - __main__ - INFO - Uploading video to API: D:\2025 Code\Lemiex-app-qc\temp_videos\qc_22_27_20260102_162542.avi
2026-01-02 16:25:54,270 - __main__ - INFO - Video API payload: order_id=22, order_item_id=27, file=qc_22_27_20260102_162542.avi, size=4247338
2026-01-02 16:25:58,882 - __main__ - INFO - Video API response: 200
2026-01-02 16:25:58,882 - __main__ - INFO - Video saved successfully: 
2026-01-02 16:27:48,763 - __main__ - WARNING - No recording to stop
2026-01-02 16:35:54,531 - __main__ - INFO - Starting Lemiex Order Manager (Eel UI)
2026-01-02 16:35:54,531 - __main__ - INFO - Starting as desktop app using Edge
2026-01-02 16:35:55,595 - __main__ - INFO - Desktop app launched with PID: 319848
2026-01-02 16:35:56,005 - geventwebsocket.handler - INFO - 127.0.0.1 - - [2026-01-02 16:35:56] "GET /index.html HTTP/1.1" 200 16760 0.000738
2026-01-02 16:35:56,010 - geventwebsocket.handler - INFO - 127.0.0.1 - - [2026-01-02 16:35:56] "GET /eel.js HTTP/1.1" 200 6476 0.000257
2026-01-02 16:35:56,011 - geventwebsocket.handler - INFO - 127.0.0.1 - - [2026-01-02 16:35:56] "GET /css/style.css HTTP/1.1" 200 9698 0.000479
2026-01-02 16:35:56,013 - geventwebsocket.handler - INFO - 127.0.0.1 - - [2026-01-02 16:35:56] "GET /js/app.js HTTP/1.1" 200 73108 0.000580
2026-01-02 16:35:57,687 - __main__ - INFO - Auto-starting camera...
2026-01-02 16:35:57,688 - camera.camera_manager - INFO - Camera added: camera_0
2026-01-02 16:35:59,887 - camera.camera_manager - INFO - Camera camera_0 connected
2026-01-02 16:35:59,888 - camera.camera_manager - INFO - Camera camera_0 started
2026-01-02 16:35:59,888 - camera.camera_manager - INFO - Camera manager started with 1 cameras
2026-01-02 16:35:59,889 - __main__ - INFO - Auto-detecting scanner...
2026-01-02 16:35:59,896 - __main__ - INFO - Found COM3: {'port': 'COM3', 'description': 'USB Serial Device (COM3)', 'hwid': 'USB VID:PID=152A:880F SER=00000000050C LOCATION=1-9'}
2026-01-02 16:35:59,896 - scanner.scanner_manager - INFO - Scanner added: scanner_1 on COM3
2026-01-02 16:35:59,898 - scanner.com_scanner - INFO - Scanner scanner_1 connected on COM3
2026-01-02 16:35:59,899 - scanner.com_scanner - INFO - Scanner scanner_1 reading thread started
2026-01-02 16:35:59,900 - scanner.scanner_manager - INFO - Scanner manager started with 1 scanners
2026-01-02 16:35:59,900 - __main__ - INFO - Scanner started on COM3
2026-01-02 16:35:59,901 - __main__ - INFO - Auto-started scanner on COM3
2026-01-02 16:36:00,316 - __main__ - INFO - Recording limit set to: 12s
2026-01-02 16:36:00,317 - __main__ - INFO - Device states synced with frontend
2026-01-02 16:36:01,822 - camera.camera_manager - WARNING - Camera camera_0 too many failures, reconnecting...
2026-01-02 16:36:04,398 - camera.camera_manager - INFO - Camera camera_0 connected
2026-01-02 16:36:22,157 - scanner.com_scanner - INFO - Decoded text from scanner_1: 'https://manage.lemiex.us/track/22?stt=1&item_id=27&item_stt=1'
2026-01-02 16:36:22,160 - scanner.com_scanner - INFO - Scanner scanner_1 scan: https://manage.lemiex.us/track/22?stt=1&item_id=27&item_stt=1
2026-01-02 16:36:22,165 - __main__ - INFO - Scan received: https://manage.lemiex.us/track/22?stt=1&item_id=27&item_stt=1
2026-01-02 16:36:22,177 - __main__ - INFO - Calling track API: https://manage.lemiex.us/api/orders/track/22?stt=1&item_id=27&item_stt=1
2026-01-02 16:36:24,439 - __main__ - INFO - Track API response success, items count: 2
2026-01-02 16:36:24,439 - __main__ - INFO - Track result items: 2
2026-01-02 16:36:26,431 - camera.camera_manager - INFO - Camera camera_0 started recording: D:\2025 Code\Lemiex-app-qc\temp_videos\qc_22_27_20260102_163626.mp4 at (1280, 720))
2026-01-02 16:36:26,432 - __main__ - INFO - QC recording started: D:\2025 Code\Lemiex-app-qc\temp_videos\qc_22_27_20260102_163626.mp4
2026-01-02 16:36:26,435 - __main__ - INFO - Calling QC API: PUT https://manage.lemiex.us/api/orders/change-status-items
2026-01-02 16:36:26,435 - __main__ - INFO - Payload: {'item_id': 27, 'meta_key': 'front', 'status': True}
2026-01-02 16:36:27,642 - __main__ - INFO - Response status: 200
2026-01-02 16:36:27,643 - __main__ - INFO - QC activated for item 27, position: front
2026-01-02 16:36:27,643 - __main__ - INFO - Calling QC API: PUT https://manage.lemiex.us/api/orders/change-status-items
2026-01-02 16:36:27,643 - __main__ - INFO - Payload: {'item_id': 27, 'meta_key': 'sleeve_right', 'status': True}
2026-01-02 16:36:28,852 - __main__ - INFO - Response status: 200
2026-01-02 16:36:28,853 - __main__ - INFO - QC activated for item 27, position: sleeve_right
2026-01-02 16:36:28,853 - __main__ - INFO - Calling QC API: PUT https://manage.lemiex.us/api/orders/change-status-items
2026-01-02 16:36:28,854 - __main__ - INFO - Payload: {'item_id': 27, 'meta_key': 'sleeve_left', 'status': True}
2026-01-02 16:36:30,109 - __main__ - INFO - Response status: 200
2026-01-02 16:36:30,165 - __main__ - INFO - QC activated for item 27, position: sleeve_left
2026-01-02 16:36:34,806 - __main__ - INFO - Calling track API: https://manage.lemiex.us/api/orders/track/22?item_id=27
2026-01-02 16:36:37,070 - __main__ - INFO - Track API response success, items count: 2
2026-01-02 16:36:38,491 - __main__ - INFO - Recording limit reached: 12s >= 12s
2026-01-02 16:36:38,492 - __main__ - INFO - Stopping QC recording for order 22
2026-01-02 16:36:38,498 - camera.camera_manager - INFO - Camera camera_0 stopped recording
2026-01-02 16:36:38,498 - __main__ - INFO - QC recording stopped: D:\2025 Code\Lemiex-app-qc\temp_videos\qc_22_27_20260102_163626.mp4
2026-01-02 16:36:38,648 - __main__ - INFO - Video queued for upload. Queue size: 1
2026-01-02 16:36:38,669 - __main__ - INFO - Uploading video to API: D:\2025 Code\Lemiex-app-qc\temp_videos\qc_22_27_20260102_163626.mp4
2026-01-02 16:36:38,721 - __main__ - INFO - Video API payload: order_id=22, order_item_id=27, file=qc_22_27_20260102_163626.mp4, size=3769190
2026-01-02 16:36:43,781 - __main__ - INFO - Video API response: 200
2026-01-02 16:36:43,782 - __main__ - INFO - Video saved successfully: 
2026-01-02 16:39:59,300 - scanner.com_scanner - INFO - Decoded text from scanner_1: 'https://manage.lemiex.us/track/22?stt=2&item_id=28&item_stt=2'
2026-01-02 16:39:59,301 - scanner.com_scanner - INFO - Scanner scanner_1 scan: https://manage.lemiex.us/track/22?stt=2&item_id=28&item_stt=2
2026-01-02 16:39:59,301 - __main__ - INFO - Scan received: https://manage.lemiex.us/track/22?stt=2&item_id=28&item_stt=2
2026-01-02 16:39:59,301 - __main__ - INFO - Calling track API: https://manage.lemiex.us/api/orders/track/22?stt=2&item_id=28&item_stt=2
2026-01-02 16:40:01,862 - __main__ - INFO - Track API response success, items count: 2
2026-01-02 16:40:01,862 - __main__ - INFO - Track result items: 2
2026-01-02 16:40:01,867 - __main__ - WARNING - No recording to stop
2026-01-02 16:40:03,815 - camera.camera_manager - INFO - Camera camera_0 started recording: D:\2025 Code\Lemiex-app-qc\temp_videos\qc_22_28_20260102_164003.mp4 at (1280, 720))
2026-01-02 16:40:03,815 - __main__ - INFO - QC recording started: D:\2025 Code\Lemiex-app-qc\temp_videos\qc_22_28_20260102_164003.mp4
2026-01-02 16:40:03,816 - __main__ - INFO - Calling QC API: PUT https://manage.lemiex.us/api/orders/change-status-items
2026-01-02 16:40:03,816 - __main__ - INFO - Payload: {'item_id': 28, 'meta_key': 'front', 'status': True}
2026-01-02 16:40:05,055 - __main__ - INFO - Response status: 200
2026-01-02 16:40:05,055 - __main__ - INFO - QC activated for item 28, position: front
2026-01-02 16:40:08,425 - __main__ - INFO - Calling track API: https://manage.lemiex.us/api/orders/track/22?item_id=28
2026-01-02 16:40:10,054 - __main__ - INFO - Track API response success, items count: 2
2026-01-02 16:40:15,815 - __main__ - INFO - Recording limit reached: 12s >= 12s
2026-01-02 16:40:15,816 - __main__ - INFO - Stopping QC recording for order 22
2026-01-02 16:40:15,818 - camera.camera_manager - INFO - Camera camera_0 stopped recording
2026-01-02 16:40:15,819 - __main__ - INFO - QC recording stopped: D:\2025 Code\Lemiex-app-qc\temp_videos\qc_22_28_20260102_164003.mp4
2026-01-02 16:40:15,819 - __main__ - INFO - Video queued for upload. Queue size: 1
2026-01-02 16:40:15,820 - __main__ - INFO - Uploading video to API: D:\2025 Code\Lemiex-app-qc\temp_videos\qc_22_28_20260102_164003.mp4
2026-01-02 16:40:15,835 - __main__ - INFO - Video API payload: order_id=22, order_item_id=28, file=qc_22_28_20260102_164003.mp4, size=6824778
2026-01-02 16:40:20,732 - __main__ - INFO - Video API response: 200
2026-01-02 16:40:20,733 - __main__ - INFO - Video saved successfully: 
2026-01-02 16:45:45,367 - scanner.com_scanner - INFO - Decoded text from scanner_1: 'https://manage.lemiex.us/track/22?stt=2&item_id=28&item_stt=2'
2026-01-02 16:45:45,368 - scanner.com_scanner - INFO - Scanner scanner_1 scan: https://manage.lemiex.us/track/22?stt=2&item_id=28&item_stt=2
2026-01-02 16:45:45,368 - __main__ - INFO - Scan received: https://manage.lemiex.us/track/22?stt=2&item_id=28&item_stt=2
2026-01-02 16:45:45,368 - __main__ - INFO - Calling track API: https://manage.lemiex.us/api/orders/track/22?stt=2&item_id=28&item_stt=2
2026-01-02 16:45:47,767 - __main__ - INFO - Track API response success, items count: 2
2026-01-02 16:45:47,767 - __main__ - INFO - Track result items: 2
2026-01-02 16:45:47,770 - __main__ - WARNING - No recording to stop
2026-01-02 16:45:50,822 - camera.camera_manager - INFO - Camera camera_0 started recording: D:\2025 Code\Lemiex-app-qc\temp_videos\qc_22_28_20260102_164550.mp4 at (1280, 720))
2026-01-02 16:45:50,822 - __main__ - INFO - QC recording started: D:\2025 Code\Lemiex-app-qc\temp_videos\qc_22_28_20260102_164550.mp4
2026-01-02 16:45:50,822 - __main__ - INFO - Calling QC API: PUT https://manage.lemiex.us/api/orders/change-status-items
2026-01-02 16:45:50,823 - __main__ - INFO - Payload: {'item_id': 28, 'meta_key': 'front', 'status': True}
2026-01-02 16:45:52,442 - __main__ - INFO - Response status: 200
2026-01-02 16:45:52,442 - __main__ - INFO - QC activated for item 28, position: front
2026-01-02 16:45:57,624 - __main__ - INFO - Calling track API: https://manage.lemiex.us/api/orders/track/22?item_id=28
2026-01-02 16:45:59,370 - __main__ - INFO - Track API response success, items count: 2
2026-01-02 16:46:02,892 - __main__ - INFO - Recording limit reached: 12s >= 12s
2026-01-02 16:46:02,892 - __main__ - INFO - Stopping QC recording for order 22
2026-01-02 16:46:02,895 - camera.camera_manager - INFO - Camera camera_0 stopped recording
2026-01-02 16:46:02,895 - __main__ - INFO - QC recording stopped: D:\2025 Code\Lemiex-app-qc\temp_videos\qc_22_28_20260102_164550.mp4
2026-01-02 16:46:02,896 - __main__ - INFO - Video queued for upload. Queue size: 1
2026-01-02 16:46:02,897 - __main__ - INFO - Uploading video to API: D:\2025 Code\Lemiex-app-qc\temp_videos\qc_22_28_20260102_164550.mp4
2026-01-02 16:46:03,016 - __main__ - INFO - Video API payload: order_id=22, order_item_id=28, file=qc_22_28_20260102_164550.mp4, size=6362726
2026-01-02 16:46:08,824 - __main__ - INFO - Video API response: 200
2026-01-02 16:46:08,824 - __main__ - INFO - Video saved successfully: 
2026-01-02 16:49:52,923 - __main__ - WARNING - No recording to stop
2026-01-02 16:51:17,942 - __main__ - INFO - Starting Lemiex Order Manager (Eel UI)
2026-01-02 16:51:17,942 - __main__ - INFO - Starting as desktop app using Edge
2026-01-02 16:51:18,955 - __main__ - INFO - Desktop app launched with PID: 499840
2026-01-02 16:51:19,468 - geventwebsocket.handler - INFO - 127.0.0.1 - - [2026-01-02 16:51:19] "GET /index.html HTTP/1.1" 200 16760 0.000811
2026-01-02 16:51:19,475 - geventwebsocket.handler - INFO - 127.0.0.1 - - [2026-01-02 16:51:19] "GET /eel.js HTTP/1.1" 200 6476 0.000297
2026-01-02 16:51:19,477 - geventwebsocket.handler - INFO - 127.0.0.1 - - [2026-01-02 16:51:19] "GET /css/style.css HTTP/1.1" 200 9698 0.000609
2026-01-02 16:51:19,479 - geventwebsocket.handler - INFO - 127.0.0.1 - - [2026-01-02 16:51:19] "GET /js/app.js HTTP/1.1" 200 73108 0.000632
2026-01-02 16:51:19,718 - geventwebsocket.handler - INFO - 127.0.0.1 - - [2026-01-02 16:51:19] "GET /favicon.ico HTTP/1.1" 404 882 0.002894
2026-01-02 16:51:21,121 - __main__ - INFO - Auto-starting camera...
2026-01-02 16:51:21,121 - camera.camera_manager - INFO - Camera added: camera_0
2026-01-02 16:51:23,929 - camera.camera_manager - INFO - Camera camera_0 connected
2026-01-02 16:51:23,930 - camera.camera_manager - INFO - Camera camera_0 started
2026-01-02 16:51:23,931 - camera.camera_manager - INFO - Camera manager started with 1 cameras
2026-01-02 16:51:23,935 - __main__ - INFO - Auto-detecting scanner...
2026-01-02 16:51:23,941 - __main__ - INFO - Found COM3: {'port': 'COM3', 'description': 'USB Serial Device (COM3)', 'hwid': 'USB VID:PID=152A:880F SER=00000000050C LOCATION=1-9'}
2026-01-02 16:51:23,942 - scanner.scanner_manager - INFO - Scanner added: scanner_1 on COM3
2026-01-02 16:51:23,944 - scanner.com_scanner - INFO - Scanner scanner_1 connected on COM3
2026-01-02 16:51:23,945 - scanner.com_scanner - INFO - Scanner scanner_1 reading thread started
2026-01-02 16:51:23,945 - scanner.scanner_manager - INFO - Scanner manager started with 1 scanners
2026-01-02 16:51:23,945 - __main__ - INFO - Scanner started on COM3
2026-01-02 16:51:23,946 - __main__ - INFO - Auto-started scanner on COM3
2026-01-02 16:51:24,326 - __main__ - INFO - Recording limit set to: 12s
2026-01-02 16:51:24,327 - __main__ - INFO - Device states synced with frontend
2026-01-02 16:51:25,963 - camera.camera_manager - WARNING - Camera camera_0 too many failures, reconnecting...
2026-01-02 16:51:27,710 - scanner.com_scanner - INFO - Decoded text from scanner_1: 'https://manage.lemiex.us/track/22?stt=2&item_id=28&item_stt=2'
2026-01-02 16:51:27,710 - scanner.com_scanner - INFO - Scanner scanner_1 scan: https://manage.lemiex.us/track/22?stt=2&item_id=28&item_stt=2
2026-01-02 16:51:27,713 - __main__ - INFO - Scan received: https://manage.lemiex.us/track/22?stt=2&item_id=28&item_stt=2
2026-01-02 16:51:27,713 - __main__ - INFO - Calling track API: https://manage.lemiex.us/api/orders/track/22?stt=2&item_id=28&item_stt=2
2026-01-02 16:51:29,014 - camera.camera_manager - INFO - Camera camera_0 connected
2026-01-02 16:51:29,978 - __main__ - INFO - Track API response success, items count: 2
2026-01-02 16:51:29,980 - __main__ - INFO - Track result items: 2
2026-01-02 16:51:32,419 - camera.camera_manager - INFO - Camera camera_0 started recording: D:\2025 Code\Lemiex-app-qc\temp_videos\qc_22_28_20260102_165132.avi at (1280, 720))
2026-01-02 16:51:32,420 - __main__ - INFO - QC recording started: D:\2025 Code\Lemiex-app-qc\temp_videos\qc_22_28_20260102_165132.avi
2026-01-02 16:51:32,420 - __main__ - INFO - Calling QC API: PUT https://manage.lemiex.us/api/orders/change-status-items
2026-01-02 16:51:32,420 - __main__ - INFO - Payload: {'item_id': 28, 'meta_key': 'front', 'status': True}
2026-01-02 16:51:33,670 - __main__ - INFO - Response status: 200
2026-01-02 16:51:33,675 - __main__ - INFO - QC activated for item 28, position: front
2026-01-02 16:51:37,574 - __main__ - INFO - Calling track API: https://manage.lemiex.us/api/orders/track/22?item_id=28
2026-01-02 16:51:39,889 - __main__ - INFO - Track API response success, items count: 2
2026-01-02 16:51:44,557 - __main__ - INFO - Recording limit reached: 12s >= 12s
2026-01-02 16:51:44,571 - __main__ - INFO - Stopping QC recording for order 22
2026-01-02 16:51:44,591 - camera.camera_manager - INFO - Camera camera_0 stopped recording
2026-01-02 16:51:44,593 - __main__ - INFO - QC recording stopped: D:\2025 Code\Lemiex-app-qc\temp_videos\qc_22_28_20260102_165132.avi
2026-01-02 16:51:44,596 - __main__ - INFO - Video queued for upload. Queue size: 1
2026-01-02 16:51:44,606 - __main__ - INFO - Uploading video to API: D:\2025 Code\Lemiex-app-qc\temp_videos\qc_22_28_20260102_165132.avi
2026-01-02 16:51:44,822 - __main__ - INFO - Video API payload: order_id=22, order_item_id=28, file=qc_22_28_20260102_165132.avi, size=4863778
2026-01-02 16:51:50,451 - __main__ - INFO - Video API response: 200
2026-01-02 16:51:50,451 - __main__ - INFO - Video saved successfully: 
2026-01-02 16:55:26,487 - __main__ - INFO - Starting Lemiex Order Manager (Eel UI)
2026-01-02 16:55:26,487 - __main__ - INFO - Starting as desktop app using Edge
2026-01-02 16:55:27,495 - __main__ - INFO - Desktop app launched with PID: 151152
2026-01-02 16:55:27,902 - geventwebsocket.handler - INFO - 127.0.0.1 - - [2026-01-02 16:55:27] "GET /index.html HTTP/1.1" 200 16760 0.000787
2026-01-02 16:55:27,907 - geventwebsocket.handler - INFO - 127.0.0.1 - - [2026-01-02 16:55:27] "GET /eel.js HTTP/1.1" 200 6476 0.000319
2026-01-02 16:55:27,908 - geventwebsocket.handler - INFO - 127.0.0.1 - - [2026-01-02 16:55:27] "GET /css/style.css HTTP/1.1" 200 9698 0.000542
2026-01-02 16:55:27,910 - geventwebsocket.handler - INFO - 127.0.0.1 - - [2026-01-02 16:55:27] "GET /js/app.js HTTP/1.1" 200 73108 0.000597
2026-01-02 16:55:29,480 - __main__ - INFO - Auto-starting camera...
2026-01-02 16:55:29,480 - camera.camera_manager - INFO - Camera added: camera_0
2026-01-02 16:55:32,951 - camera.camera_manager - INFO - Camera camera_0 connected
2026-01-02 16:55:32,952 - camera.camera_manager - INFO - Camera camera_0 started
2026-01-02 16:55:32,952 - camera.camera_manager - INFO - Camera manager started with 1 cameras
2026-01-02 16:55:32,953 - __main__ - INFO - Auto-detecting scanner...
2026-01-02 16:55:32,958 - __main__ - INFO - Found COM3: {'port': 'COM3', 'description': 'USB Serial Device (COM3)', 'hwid': 'USB VID:PID=152A:880F SER=00000000050C LOCATION=1-9'}
2026-01-02 16:55:32,958 - scanner.scanner_manager - INFO - Scanner added: scanner_1 on COM3
2026-01-02 16:55:32,960 - scanner.com_scanner - INFO - Scanner scanner_1 connected on COM3
2026-01-02 16:55:32,960 - scanner.com_scanner - INFO - Scanner scanner_1 reading thread started
2026-01-02 16:55:32,960 - scanner.scanner_manager - INFO - Scanner manager started with 1 scanners
2026-01-02 16:55:32,960 - __main__ - INFO - Scanner started on COM3
2026-01-02 16:55:32,961 - __main__ - INFO - Auto-started scanner on COM3
2026-01-02 16:55:33,406 - __main__ - INFO - Recording limit set to: 12s
2026-01-02 16:55:33,407 - __main__ - INFO - Device states synced with frontend
2026-01-02 16:55:34,870 - camera.camera_manager - WARNING - Camera camera_0 too many failures, reconnecting...
2026-01-02 16:55:37,271 - camera.camera_manager - INFO - Camera camera_0 connected
2026-01-02 16:55:38,496 - scanner.com_scanner - INFO - Decoded text from scanner_1: 'https://manage.lemiex.us/track/22?stt=2&item_id=28&item_stt=2'
2026-01-02 16:55:38,496 - scanner.com_scanner - INFO - Scanner scanner_1 scan: https://manage.lemiex.us/track/22?stt=2&item_id=28&item_stt=2
2026-01-02 16:55:38,497 - __main__ - INFO - Scan received: https://manage.lemiex.us/track/22?stt=2&item_id=28&item_stt=2
2026-01-02 16:55:38,497 - __main__ - INFO - Calling track API: https://manage.lemiex.us/api/orders/track/22?stt=2&item_id=28&item_stt=2
2026-01-02 16:55:40,909 - __main__ - INFO - Track API response success, items count: 2
2026-01-02 16:55:40,910 - __main__ - INFO - Track result items: 2
2026-01-02 16:55:46,570 - camera.camera_manager - INFO - Camera camera_0 started recording: D:\2025 Code\Lemiex-app-qc\temp_videos\qc_22_28_20260102_165543.mp4 at (1280, 720))
2026-01-02 16:55:46,570 - __main__ - INFO - QC recording started: D:\2025 Code\Lemiex-app-qc\temp_videos\qc_22_28_20260102_165543.mp4
2026-01-02 16:55:46,572 - __main__ - INFO - Calling QC API: PUT https://manage.lemiex.us/api/orders/change-status-items
2026-01-02 16:55:46,573 - __main__ - INFO - Payload: {'item_id': 28, 'meta_key': 'front', 'status': True}
2026-01-02 16:55:48,654 - __main__ - INFO - Response status: 200
2026-01-02 16:55:48,654 - __main__ - INFO - QC activated for item 28, position: front
2026-01-02 16:55:52,296 - __main__ - INFO - Calling track API: https://manage.lemiex.us/api/orders/track/22?item_id=28
2026-01-02 16:55:53,951 - __main__ - INFO - Track API response success, items count: 2
2026-01-02 16:55:55,353 - __main__ - INFO - Recording limit reached: 12s >= 12s
2026-01-02 16:55:55,353 - __main__ - INFO - Stopping QC recording for order 22
2026-01-02 16:55:55,386 - camera.camera_manager - INFO - Camera camera_0 stopped recording
2026-01-02 16:55:55,386 - __main__ - INFO - QC recording stopped: D:\2025 Code\Lemiex-app-qc\temp_videos\qc_22_28_20260102_165543.mp4
2026-01-02 16:55:55,387 - __main__ - INFO - Video queued for upload. Queue size: 1
2026-01-02 16:55:55,387 - __main__ - INFO - Uploading video to API: D:\2025 Code\Lemiex-app-qc\temp_videos\qc_22_28_20260102_165543.mp4
2026-01-02 16:55:55,414 - __main__ - INFO - Video API payload: order_id=22, order_item_id=28, file=qc_22_28_20260102_165543.mp4, size=29672029
2026-01-02 16:56:40,725 - __main__ - INFO - Video API response: 200
2026-01-02 16:56:40,726 - __main__ - INFO - Video saved successfully: 
2026-01-02 16:57:23,829 - __main__ - INFO - Starting Lemiex Order Manager (Eel UI)
2026-01-02 16:57:23,830 - __main__ - INFO - Starting as desktop app using Edge
2026-01-02 16:57:24,840 - __main__ - INFO - Desktop app launched with PID: 444688
2026-01-02 16:57:25,219 - geventwebsocket.handler - INFO - 127.0.0.1 - - [2026-01-02 16:57:25] "GET /index.html HTTP/1.1" 200 16760 0.000872
2026-01-02 16:57:25,225 - geventwebsocket.handler - INFO - 127.0.0.1 - - [2026-01-02 16:57:25] "GET /eel.js HTTP/1.1" 200 6476 0.000339
2026-01-02 16:57:25,226 - geventwebsocket.handler - INFO - 127.0.0.1 - - [2026-01-02 16:57:25] "GET /css/style.css HTTP/1.1" 200 9698 0.000585
2026-01-02 16:57:25,227 - geventwebsocket.handler - INFO - 127.0.0.1 - - [2026-01-02 16:57:25] "GET /js/app.js HTTP/1.1" 200 73108 0.000546
2026-01-02 16:57:26,756 - __main__ - INFO - Auto-starting camera...
2026-01-02 16:57:26,756 - camera.camera_manager - INFO - Camera added: camera_0
2026-01-02 16:57:57,852 - camera.camera_manager - ERROR - Lỗi kết nối camera: Camera không đọc được frame
2026-01-02 17:00:37,853 - __main__ - INFO - Starting Lemiex Order Manager (Eel UI)
2026-01-02 17:00:37,854 - __main__ - INFO - Starting as desktop app using Edge
2026-01-02 17:00:38,891 - __main__ - INFO - Desktop app launched with PID: 477800
2026-01-02 17:01:02,452 - __main__ - INFO - Starting Lemiex Order Manager (Eel UI)
2026-01-02 17:01:02,453 - __main__ - INFO - Starting as desktop app using Edge
2026-01-02 17:01:03,462 - __main__ - INFO - Desktop app launched with PID: 60212
2026-01-02 17:01:03,852 - geventwebsocket.handler - INFO - 127.0.0.1 - - [2026-01-02 17:01:03] "GET /index.html HTTP/1.1" 200 16760 0.000802
2026-01-02 17:01:03,858 - geventwebsocket.handler - INFO - 127.0.0.1 - - [2026-01-02 17:01:03] "GET /eel.js HTTP/1.1" 200 6476 0.000276
2026-01-02 17:01:03,859 - geventwebsocket.handler - INFO - 127.0.0.1 - - [2026-01-02 17:01:03] "GET /css/style.css HTTP/1.1" 200 9698 0.000566
2026-01-02 17:01:03,861 - geventwebsocket.handler - INFO - 127.0.0.1 - - [2026-01-02 17:01:03] "GET /js/app.js HTTP/1.1" 200 73108 0.000596
2026-01-02 17:01:05,489 - __main__ - INFO - Auto-starting camera...
2026-01-02 17:01:05,489 - camera.camera_manager - INFO - Camera added: camera_0
2026-01-02 17:04:49,719 - camera.camera_manager - INFO - Camera camera_0 connected
2026-01-02 17:04:49,721 - camera.camera_manager - INFO - Camera camera_0 started
2026-01-02 17:04:49,722 - camera.camera_manager - INFO - Camera manager started with 1 cameras
2026-01-02 17:04:51,185 - __main__ - INFO - Recording limit set to: 12s
2026-01-02 17:05:53,952 - __main__ - INFO - Starting Lemiex Order Manager (Eel UI)
2026-01-02 17:05:53,953 - __main__ - INFO - Starting as desktop app using Edge
2026-01-02 17:05:54,998 - __main__ - INFO - Desktop app launched with PID: 412416
2026-01-02 17:05:55,404 - geventwebsocket.handler - INFO - 127.0.0.1 - - [2026-01-02 17:05:55] "GET /index.html HTTP/1.1" 200 16760 0.000860
2026-01-02 17:05:55,410 - geventwebsocket.handler - INFO - 127.0.0.1 - - [2026-01-02 17:05:55] "GET /eel.js HTTP/1.1" 200 6476 0.000277
2026-01-02 17:05:55,411 - geventwebsocket.handler - INFO - 127.0.0.1 - - [2026-01-02 17:05:55] "GET /css/style.css HTTP/1.1" 200 9698 0.000495
2026-01-02 17:05:55,412 - geventwebsocket.handler - INFO - 127.0.0.1 - - [2026-01-02 17:05:55] "GET /js/app.js HTTP/1.1" 200 73108 0.000558
2026-01-02 17:05:56,979 - __main__ - INFO - Auto-starting camera...
2026-01-02 17:05:56,980 - camera.camera_manager - INFO - Camera added: camera_0
2026-01-02 17:05:59,351 - camera.camera_manager - INFO - Camera camera_0 connected
2026-01-02 17:05:59,352 - camera.camera_manager - INFO - Camera camera_0 started
2026-01-02 17:05:59,352 - camera.camera_manager - INFO - Camera manager started with 1 cameras
2026-01-02 17:05:59,353 - __main__ - INFO - Auto-detecting scanner...
2026-01-02 17:05:59,360 - __main__ - INFO - Found COM3: {'port': 'COM3', 'description': 'USB Serial Device (COM3)', 'hwid': 'USB VID:PID=152A:880F SER=00000000050C LOCATION=1-4'}
2026-01-02 17:05:59,360 - scanner.scanner_manager - INFO - Scanner added: scanner_1 on COM3
2026-01-02 17:05:59,363 - scanner.com_scanner - INFO - Scanner scanner_1 connected on COM3
2026-01-02 17:05:59,364 - scanner.com_scanner - INFO - Scanner scanner_1 reading thread started
2026-01-02 17:05:59,364 - scanner.scanner_manager - INFO - Scanner manager started with 1 scanners
2026-01-02 17:05:59,364 - __main__ - INFO - Scanner started on COM3
2026-01-02 17:05:59,365 - __main__ - INFO - Auto-started scanner on COM3
2026-01-02 17:06:00,508 - __main__ - INFO - Recording limit set to: 12s
2026-01-02 17:06:00,510 - __main__ - INFO - Device states synced with frontend
2026-01-02 17:06:01,324 - camera.camera_manager - WARNING - Camera camera_0 too many failures, reconnecting...
2026-01-02 17:06:04,000 - camera.camera_manager - INFO - Camera camera_0 connected
2026-01-02 17:06:17,954 - __main__ - INFO - Camera selected: 1
2026-01-02 17:06:18,364 - camera.camera_manager - INFO - Camera camera_0 stopped
2026-01-02 17:06:18,365 - camera.camera_manager - INFO - Camera manager stopped
2026-01-02 17:06:18,665 - camera.camera_manager - INFO - Camera camera_0 stopped
2026-01-02 17:06:18,666 - camera.camera_manager - INFO - Camera removed: camera_0
2026-01-02 17:06:18,666 - camera.camera_manager - INFO - Camera added: camera_1
2026-01-02 17:06:20,831 - camera.camera_manager - INFO - Camera camera_1 connected
2026-01-02 17:06:20,832 - camera.camera_manager - INFO - Camera camera_1 started
2026-01-02 17:06:20,832 - camera.camera_manager - INFO - Camera manager started with 1 cameras
2026-01-02 17:06:26,628 - scanner.com_scanner - INFO - Decoded text from scanner_1: 'https://manage.lemiex.us/track/22?stt=2&item_id=28&item_stt=2'
2026-01-02 17:06:26,628 - scanner.com_scanner - INFO - Scanner scanner_1 scan: https://manage.lemiex.us/track/22?stt=2&item_id=28&item_stt=2
2026-01-02 17:06:26,629 - __main__ - INFO - Scan received: https://manage.lemiex.us/track/22?stt=2&item_id=28&item_stt=2
2026-01-02 17:06:26,629 - __main__ - INFO - Calling track API: https://manage.lemiex.us/api/orders/track/22?stt=2&item_id=28&item_stt=2
2026-01-02 17:06:28,871 - __main__ - INFO - Track API response success, items count: 2
2026-01-02 17:06:28,873 - __main__ - INFO - Track result items: 2
2026-01-02 17:06:31,182 - camera.camera_manager - INFO - Camera camera_1 started recording: D:\2025 Code\Lemiex-app-qc\temp_videos\qc_22_28_20260102_170631.mp4 at (1920, 1080))
2026-01-02 17:06:31,182 - __main__ - INFO - QC recording started: D:\2025 Code\Lemiex-app-qc\temp_videos\qc_22_28_20260102_170631.mp4
2026-01-02 17:06:31,182 - __main__ - INFO - Calling QC API: PUT https://manage.lemiex.us/api/orders/change-status-items
2026-01-02 17:06:31,183 - __main__ - INFO - Payload: {'item_id': 28, 'meta_key': 'front', 'status': True}
2026-01-02 17:06:32,404 - __main__ - INFO - Response status: 200
2026-01-02 17:06:32,405 - __main__ - INFO - QC activated for item 28, position: front
2026-01-02 17:06:36,686 - __main__ - INFO - Calling track API: https://manage.lemiex.us/api/orders/track/22?item_id=28
2026-01-02 17:06:38,238 - __main__ - INFO - Track API response success, items count: 2
2026-01-02 17:06:43,189 - __main__ - INFO - Recording limit reached: 12s >= 12s
2026-01-02 17:06:43,189 - __main__ - INFO - Stopping QC recording for order 22
2026-01-02 17:06:43,192 - camera.camera_manager - INFO - Camera camera_1 stopped recording
2026-01-02 17:06:43,192 - __main__ - INFO - QC recording stopped: D:\2025 Code\Lemiex-app-qc\temp_videos\qc_22_28_20260102_170631.mp4
2026-01-02 17:06:43,192 - __main__ - INFO - Video queued for upload. Queue size: 1
2026-01-02 17:06:43,193 - __main__ - INFO - Uploading video to API: D:\2025 Code\Lemiex-app-qc\temp_videos\qc_22_28_20260102_170631.mp4
2026-01-02 17:06:43,209 - __main__ - INFO - Video API payload: order_id=22, order_item_id=28, file=qc_22_28_20260102_170631.mp4, size=28893716
2026-01-02 17:08:09,500 - __main__ - INFO - Video API response: 200
2026-01-02 17:08:09,500 - __main__ - INFO - Video saved successfully: 
2026-01-02 17:18:04,746 - __main__ - INFO - Starting Lemiex Order Manager (Eel UI)
2026-01-02 17:18:04,747 - __main__ - INFO - Starting as desktop app using Edge
2026-01-02 17:18:05,754 - __main__ - INFO - Desktop app launched with PID: 533844
2026-01-02 17:18:06,221 - geventwebsocket.handler - INFO - 127.0.0.1 - - [2026-01-02 17:18:06] "GET /index.html HTTP/1.1" 200 16760 0.000911
2026-01-02 17:18:06,241 - geventwebsocket.handler - INFO - 127.0.0.1 - - [2026-01-02 17:18:06] "GET /eel.js HTTP/1.1" 200 6476 0.000333
2026-01-02 17:18:06,247 - geventwebsocket.handler - INFO - 127.0.0.1 - - [2026-01-02 17:18:06] "GET /css/style.css HTTP/1.1" 200 9698 0.005103
2026-01-02 17:18:06,249 - geventwebsocket.handler - INFO - 127.0.0.1 - - [2026-01-02 17:18:06] "GET /js/app.js HTTP/1.1" 200 73108 0.000703
2026-01-02 17:18:06,458 - geventwebsocket.handler - INFO - 127.0.0.1 - - [2026-01-02 17:18:06] "GET /favicon.ico HTTP/1.1" 404 882 0.002305
2026-01-02 17:18:07,824 - __main__ - INFO - Auto-starting camera...
2026-01-02 17:18:07,824 - camera.camera_manager - INFO - Camera added: camera_0
2026-01-02 17:18:10,438 - camera.camera_manager - INFO - Camera camera_0 connected
2026-01-02 17:18:10,440 - camera.camera_manager - INFO - Camera camera_0 started
2026-01-02 17:18:10,440 - camera.camera_manager - INFO - Camera manager started with 1 cameras
2026-01-02 17:18:10,441 - __main__ - INFO - Auto-detecting scanner...
2026-01-02 17:18:10,448 - __main__ - INFO - Found COM3: {'port': 'COM3', 'description': 'USB Serial Device (COM3)', 'hwid': 'USB VID:PID=152A:880F SER=00000000050C LOCATION=1-4'}
2026-01-02 17:18:10,448 - scanner.scanner_manager - INFO - Scanner added: scanner_1 on COM3
2026-01-02 17:18:10,451 - scanner.com_scanner - INFO - Scanner scanner_1 connected on COM3
2026-01-02 17:18:10,455 - scanner.com_scanner - INFO - Scanner scanner_1 reading thread started
2026-01-02 17:18:10,455 - scanner.scanner_manager - INFO - Scanner manager started with 1 scanners
2026-01-02 17:18:10,457 - __main__ - INFO - Scanner started on COM3
2026-01-02 17:18:10,457 - __main__ - INFO - Auto-started scanner on COM3
2026-01-02 17:18:11,615 - __main__ - INFO - Recording limit set to: 12s
2026-01-02 17:18:11,616 - __main__ - INFO - Device states synced with frontend
2026-01-02 17:18:12,373 - camera.camera_manager - WARNING - Camera camera_0 too many failures, reconnecting...
2026-01-02 17:18:14,823 - camera.camera_manager - INFO - Camera camera_0 connected
2026-01-02 17:18:26,789 - scanner.com_scanner - INFO - Decoded text from scanner_1: 'https://manage.lemiex.us/track/22?stt=2&item_id=28&item_stt=2'
2026-01-02 17:18:26,790 - scanner.com_scanner - INFO - Scanner scanner_1 scan: https://manage.lemiex.us/track/22?stt=2&item_id=28&item_stt=2
2026-01-02 17:18:26,790 - __main__ - INFO - Scan received: https://manage.lemiex.us/track/22?stt=2&item_id=28&item_stt=2
2026-01-02 17:18:26,790 - __main__ - INFO - Calling track API: https://manage.lemiex.us/api/orders/track/22?stt=2&item_id=28&item_stt=2
2026-01-02 17:18:29,520 - __main__ - INFO - Track API response success, items count: 2
2026-01-02 17:18:29,520 - __main__ - INFO - Track result items: 2
2026-01-02 17:18:31,499 - camera.camera_manager - INFO - Camera camera_0 started recording: D:\2025 Code\Lemiex-app-qc\temp_videos\qc_22_28_20260102_171831.mp4 at (1280, 720))
2026-01-02 17:18:31,500 - __main__ - INFO - QC recording started: D:\2025 Code\Lemiex-app-qc\temp_videos\qc_22_28_20260102_171831.mp4
2026-01-02 17:18:31,500 - __main__ - INFO - Calling QC API: PUT https://manage.lemiex.us/api/orders/change-status-items
2026-01-02 17:18:31,500 - __main__ - INFO - Payload: {'item_id': 28, 'meta_key': 'front', 'status': True}
2026-01-02 17:18:32,673 - __main__ - INFO - Response status: 200
2026-01-02 17:18:32,674 - __main__ - INFO - QC activated for item 28, position: front
2026-01-02 17:18:36,507 - __main__ - INFO - Calling track API: https://manage.lemiex.us/api/orders/track/22?item_id=28
2026-01-02 17:18:39,062 - __main__ - INFO - Track API response success, items count: 2
2026-01-02 17:18:43,657 - __main__ - INFO - Recording limit reached: 12s >= 12s
2026-01-02 17:18:43,658 - __main__ - INFO - Stopping QC recording for order 22
2026-01-02 17:18:43,662 - camera.camera_manager - INFO - Camera camera_0 stopped recording
2026-01-02 17:18:45,320 - camera.camera_manager - INFO - Converting video to H.264: D:\2025 Code\Lemiex-app-qc\temp_videos\qc_22_28_20260102_171831.mp4 -> D:\2025 Code\Lemiex-app-qc\temp_videos\qc_22_28_20260102_171831_h264.mp4
2026-01-02 17:18:46,545 - camera.camera_manager - INFO - Video converted successfully: D:\2025 Code\Lemiex-app-qc\temp_videos\qc_22_28_20260102_171831.mp4
2026-01-02 17:18:46,546 - __main__ - INFO - QC recording stopped: D:\2025 Code\Lemiex-app-qc\temp_videos\qc_22_28_20260102_171831.mp4
2026-01-02 17:18:46,546 - __main__ - INFO - Video queued for upload. Queue size: 1
2026-01-02 17:18:46,547 - __main__ - INFO - Uploading video to API: D:\2025 Code\Lemiex-app-qc\temp_videos\qc_22_28_20260102_171831.mp4
2026-01-02 17:18:46,548 - __main__ - INFO - Video API payload: order_id=22, order_item_id=28, file=qc_22_28_20260102_171831.mp4, size=2439033
2026-01-02 17:18:50,588 - __main__ - INFO - Video API response: 200
2026-01-02 17:18:50,622 - __main__ - INFO - Video saved successfully: 
2026-01-02 17:23:33,625 - geventwebsocket.handler - INFO - 127.0.0.1 - - [2026-01-02 17:23:33] "GET /css/style.css HTTP/1.1" 200 9698 0.000886
2026-01-02 17:23:33,625 - geventwebsocket.handler - INFO - 127.0.0.1 - - [2026-01-02 17:23:33] "GET /.well-known/appspecific/com.chrome.devtools.json HTTP/1.1" 404 919 0.000286
2026-01-02 17:33:12,452 - __main__ - INFO - Starting Lemiex Order Manager (Eel UI)
2026-01-02 17:33:12,453 - __main__ - INFO - Starting as desktop app using Edge
2026-01-02 17:33:13,466 - __main__ - INFO - Desktop app launched with PID: 106260
2026-01-02 17:33:13,946 - geventwebsocket.handler - INFO - 127.0.0.1 - - [2026-01-02 17:33:13] "GET /index.html HTTP/1.1" 200 16760 0.001020
2026-01-02 17:33:13,953 - geventwebsocket.handler - INFO - 127.0.0.1 - - [2026-01-02 17:33:13] "GET /eel.js HTTP/1.1" 200 6476 0.000288
2026-01-02 17:33:13,954 - geventwebsocket.handler - INFO - 127.0.0.1 - - [2026-01-02 17:33:13] "GET /css/style.css HTTP/1.1" 200 9698 0.000520
2026-01-02 17:33:13,955 - geventwebsocket.handler - INFO - 127.0.0.1 - - [2026-01-02 17:33:13] "GET /js/app.js HTTP/1.1" 200 73504 0.000682
2026-01-02 17:33:15,539 - __main__ - INFO - Auto-starting camera...
2026-01-02 17:33:15,540 - camera.camera_manager - INFO - Camera added: camera_0
2026-01-02 17:33:18,288 - camera.camera_manager - INFO - Camera camera_0 connected
2026-01-02 17:33:18,289 - camera.camera_manager - INFO - Camera camera_0 started
2026-01-02 17:33:18,289 - camera.camera_manager - INFO - Camera manager started with 1 cameras
2026-01-02 17:33:18,290 - __main__ - INFO - Auto-detecting scanner...
2026-01-02 17:33:18,301 - __main__ - INFO - Found COM3: {'port': 'COM3', 'description': 'USB Serial Device (COM3)', 'hwid': 'USB VID:PID=152A:880F SER=00000000050C LOCATION=1-4'}
2026-01-02 17:33:18,302 - scanner.scanner_manager - INFO - Scanner added: scanner_1 on COM3
2026-01-02 17:33:18,304 - scanner.com_scanner - INFO - Scanner scanner_1 connected on COM3
2026-01-02 17:33:18,304 - scanner.com_scanner - INFO - Scanner scanner_1 reading thread started
2026-01-02 17:33:18,305 - scanner.scanner_manager - INFO - Scanner manager started with 1 scanners
2026-01-02 17:33:18,305 - __main__ - INFO - Scanner started on COM3
2026-01-02 17:33:18,305 - __main__ - INFO - Auto-started scanner on COM3
2026-01-02 17:33:19,368 - __main__ - INFO - Recording limit set to: 12s
2026-01-02 17:33:19,370 - __main__ - INFO - Device states synced with frontend
2026-01-02 17:33:20,223 - camera.camera_manager - WARNING - Camera camera_0 too many failures, reconnecting...
2026-01-02 17:33:22,884 - camera.camera_manager - INFO - Camera camera_0 connected
2026-01-02 17:33:36,535 - scanner.com_scanner - INFO - Decoded text from scanner_1: 'https://manage.lemiex.us/track/22?stt=2&item_id=28&item_stt=2'
2026-01-02 17:33:36,537 - scanner.com_scanner - INFO - Scanner scanner_1 scan: https://manage.lemiex.us/track/22?stt=2&item_id=28&item_stt=2
2026-01-02 17:33:36,539 - __main__ - INFO - Scan received: https://manage.lemiex.us/track/22?stt=2&item_id=28&item_stt=2
2026-01-02 17:33:36,540 - __main__ - INFO - Calling track API: https://manage.lemiex.us/api/orders/track/22?stt=2&item_id=28&item_stt=2
2026-01-02 17:33:38,686 - __main__ - INFO - Track API response success, items count: 2
2026-01-02 17:33:38,686 - __main__ - INFO - Track result items: 2
2026-01-02 17:33:41,030 - camera.camera_manager - INFO - Camera camera_0 started recording: D:\2025 Code\Lemiex-app-qc\temp_videos\qc_22_28_20260102_173341.mp4 at (1280, 720))
2026-01-02 17:33:41,030 - __main__ - INFO - QC recording started: D:\2025 Code\Lemiex-app-qc\temp_videos\qc_22_28_20260102_173341.mp4
2026-01-02 17:33:41,032 - __main__ - INFO - Calling QC API: PUT https://manage.lemiex.us/api/orders/change-status-items
2026-01-02 17:33:41,032 - __main__ - INFO - Payload: {'item_id': 28, 'meta_key': 'front', 'status': True}
2026-01-02 17:33:42,169 - __main__ - INFO - Response status: 200
2026-01-02 17:33:42,242 - __main__ - INFO - QC activated for item 28, position: front
2026-01-02 17:33:45,338 - __main__ - INFO - Calling track API: https://manage.lemiex.us/api/orders/track/22?item_id=28
2026-01-02 17:33:47,174 - __main__ - INFO - Track API response success, items count: 2
2026-01-02 17:33:53,207 - __main__ - INFO - Recording limit reached: 12s >= 12s
2026-01-02 17:33:53,207 - __main__ - INFO - Stopping QC recording for order 22
2026-01-02 17:33:53,209 - camera.camera_manager - INFO - Camera camera_0 stopped recording
2026-01-02 17:33:54,361 - camera.camera_manager - INFO - Converting video to H.264: D:\2025 Code\Lemiex-app-qc\temp_videos\qc_22_28_20260102_173341.mp4 -> D:\2025 Code\Lemiex-app-qc\temp_videos\qc_22_28_20260102_173341_h264.mp4
2026-01-02 17:33:55,468 - camera.camera_manager - INFO - Video converted successfully: D:\2025 Code\Lemiex-app-qc\temp_videos\qc_22_28_20260102_173341.mp4
2026-01-02 17:33:55,469 - __main__ - INFO - QC recording stopped: D:\2025 Code\Lemiex-app-qc\temp_videos\qc_22_28_20260102_173341.mp4
2026-01-02 17:33:55,469 - __main__ - INFO - Video queued for upload. Queue size: 1
2026-01-02 17:33:56,843 - __main__ - INFO - Uploading video to API: D:\2025 Code\Lemiex-app-qc\temp_videos\qc_22_28_20260102_173341.mp4
2026-01-02 17:33:56,843 - __main__ - INFO - Video API payload: order_id=22, order_item_id=28, file=qc_22_28_20260102_173341.mp4, size=1677543
2026-01-02 17:36:33,272 - __main__ - INFO - Starting Lemiex Order Manager (Eel UI)
2026-01-02 17:36:33,273 - __main__ - INFO - Starting as desktop app using Edge
2026-01-02 17:36:34,282 - __main__ - INFO - Desktop app launched with PID: 220852
2026-01-02 17:36:34,685 - geventwebsocket.handler - INFO - 127.0.0.1 - - [2026-01-02 17:36:34] "GET /index.html HTTP/1.1" 200 16760 0.000801
2026-01-02 17:36:34,691 - geventwebsocket.handler - INFO - 127.0.0.1 - - [2026-01-02 17:36:34] "GET /eel.js HTTP/1.1" 200 6476 0.000256
2026-01-02 17:36:34,692 - geventwebsocket.handler - INFO - 127.0.0.1 - - [2026-01-02 17:36:34] "GET /css/style.css HTTP/1.1" 200 9698 0.000572
2026-01-02 17:36:34,693 - geventwebsocket.handler - INFO - 127.0.0.1 - - [2026-01-02 17:36:34] "GET /js/app.js HTTP/1.1" 200 73172 0.000568
2026-01-02 17:36:36,245 - __main__ - INFO - Auto-starting camera...
2026-01-02 17:36:36,245 - camera.camera_manager - INFO - Camera added: camera_0
2026-01-02 17:36:38,508 - camera.camera_manager - INFO - Camera camera_0 connected
2026-01-02 17:36:38,509 - camera.camera_manager - INFO - Camera camera_0 started
2026-01-02 17:36:38,509 - camera.camera_manager - INFO - Camera manager started with 1 cameras
2026-01-02 17:36:38,510 - __main__ - INFO - Auto-detecting scanner...
2026-01-02 17:36:38,514 - __main__ - INFO - Found COM3: {'port': 'COM3', 'description': 'USB Serial Device (COM3)', 'hwid': 'USB VID:PID=152A:880F SER=00000000050C LOCATION=1-4'}
2026-01-02 17:36:38,515 - scanner.scanner_manager - INFO - Scanner added: scanner_1 on COM3
2026-01-02 17:36:38,517 - scanner.com_scanner - INFO - Scanner scanner_1 connected on COM3
2026-01-02 17:36:38,517 - scanner.com_scanner - INFO - Scanner scanner_1 reading thread started
2026-01-02 17:36:38,517 - scanner.scanner_manager - INFO - Scanner manager started with 1 scanners
2026-01-02 17:36:38,517 - __main__ - INFO - Scanner started on COM3
2026-01-02 17:36:38,518 - __main__ - INFO - Auto-started scanner on COM3
2026-01-02 17:36:39,580 - __main__ - INFO - Recording limit set to: 12s
2026-01-02 17:36:39,581 - __main__ - INFO - Device states synced with frontend
2026-01-02 17:36:40,415 - camera.camera_manager - WARNING - Camera camera_0 too many failures, reconnecting...
2026-01-02 17:36:43,023 - camera.camera_manager - INFO - Camera camera_0 connected
2026-01-02 17:36:44,357 - scanner.com_scanner - INFO - Decoded text from scanner_1: 'https://manage.lemiex.us/track/22?stt=2&item_id=28&item_stt=2'
2026-01-02 17:36:44,382 - scanner.com_scanner - INFO - Scanner scanner_1 scan: https://manage.lemiex.us/track/22?stt=2&item_id=28&item_stt=2
2026-01-02 17:36:44,383 - __main__ - INFO - Scan received: https://manage.lemiex.us/track/22?stt=2&item_id=28&item_stt=2
2026-01-02 17:36:44,385 - __main__ - INFO - Calling track API: https://manage.lemiex.us/api/orders/track/22?stt=2&item_id=28&item_stt=2
2026-01-02 17:36:46,656 - __main__ - INFO - Track API response success, items count: 2
2026-01-02 17:36:46,656 - __main__ - INFO - Track result items: 2
2026-01-02 17:36:48,746 - camera.camera_manager - INFO - Camera camera_0 started recording: D:\2025 Code\Lemiex-app-qc\temp_videos\qc_22_28_20260102_173648.mp4 at (1280, 720))
2026-01-02 17:36:48,747 - __main__ - INFO - QC recording started: D:\2025 Code\Lemiex-app-qc\temp_videos\qc_22_28_20260102_173648.mp4
2026-01-02 17:36:48,747 - __main__ - INFO - Calling QC API: PUT https://manage.lemiex.us/api/orders/change-status-items
2026-01-02 17:36:48,747 - __main__ - INFO - Payload: {'item_id': 28, 'meta_key': 'front', 'status': True}
2026-01-02 17:36:49,962 - __main__ - INFO - Response status: 200
2026-01-02 17:36:49,962 - __main__ - INFO - QC activated for item 28, position: front
2026-01-02 17:36:54,312 - __main__ - INFO - Calling track API: https://manage.lemiex.us/api/orders/track/22?item_id=28
2026-01-02 17:36:56,102 - __main__ - INFO - Track API response success, items count: 2
2026-01-02 17:37:00,926 - __main__ - INFO - Recording limit reached: 12s >= 12s
2026-01-02 17:37:00,926 - __main__ - INFO - Stopping QC recording for order 22
2026-01-02 17:37:00,928 - camera.camera_manager - INFO - Camera camera_0 stopped recording
2026-01-02 17:37:01,063 - camera.camera_manager - INFO - Converting video to H.264: D:\2025 Code\Lemiex-app-qc\temp_videos\qc_22_28_20260102_173648.mp4 -> D:\2025 Code\Lemiex-app-qc\temp_videos\qc_22_28_20260102_173648_h264.mp4
2026-01-02 17:37:02,239 - camera.camera_manager - INFO - Video converted successfully: D:\2025 Code\Lemiex-app-qc\temp_videos\qc_22_28_20260102_173648.mp4
2026-01-02 17:37:02,240 - __main__ - INFO - QC recording stopped: D:\2025 Code\Lemiex-app-qc\temp_videos\qc_22_28_20260102_173648.mp4
2026-01-02 17:37:02,240 - __main__ - INFO - Video queued for upload. Queue size: 1
2026-01-02 17:37:02,242 - __main__ - INFO - Uploading video to API: D:\2025 Code\Lemiex-app-qc\temp_videos\qc_22_28_20260102_173648.mp4
2026-01-02 17:37:02,243 - __main__ - INFO - Video API payload: order_id=22, order_item_id=28, file=qc_22_28_20260102_173648.mp4, size=1607048
2026-01-02 17:37:06,154 - __main__ - INFO - Video API response: 200
2026-01-02 17:37:06,154 - __main__ - INFO - Video saved successfully: 
2026-01-02 17:37:34,681 - geventwebsocket.handler - INFO - 127.0.0.1 - - [2026-01-02 17:37:34] "GET /css/style.css HTTP/1.1" 200 9698 0.001706
2026-01-02 17:37:34,757 - geventwebsocket.handler - INFO - 127.0.0.1 - - [2026-01-02 17:37:34] "GET /.well-known/appspecific/com.chrome.devtools.json HTTP/1.1" 404 919 0.002907
2026-01-02 17:49:36,298 - __main__ - WARNING - No recording to stop
2026-01-02 17:50:04,579 - __main__ - INFO - Starting Lemiex Order Manager (Eel UI)
2026-01-02 17:50:04,580 - __main__ - INFO - Starting as desktop app using Edge
2026-01-02 17:50:05,588 - __main__ - INFO - Desktop app launched with PID: 158112
2026-01-02 17:50:05,994 - geventwebsocket.handler - INFO - 127.0.0.1 - - [2026-01-02 17:50:05] "GET /index.html HTTP/1.1" 200 16760 0.000838
2026-01-02 17:50:06,000 - geventwebsocket.handler - INFO - 127.0.0.1 - - [2026-01-02 17:50:06] "GET /eel.js HTTP/1.1" 200 6476 0.000325
2026-01-02 17:50:06,002 - geventwebsocket.handler - INFO - 127.0.0.1 - - [2026-01-02 17:50:06] "GET /css/style.css HTTP/1.1" 200 9698 0.000651
2026-01-02 17:50:06,003 - geventwebsocket.handler - INFO - 127.0.0.1 - - [2026-01-02 17:50:06] "GET /js/app.js HTTP/1.1" 200 73172 0.000622
2026-01-02 17:50:07,574 - __main__ - INFO - Auto-starting camera...
2026-01-02 17:50:07,575 - camera.camera_manager - INFO - Camera added: camera_0
2026-01-02 17:50:09,762 - camera.camera_manager - INFO - Camera camera_0 connected
2026-01-02 17:50:09,763 - camera.camera_manager - INFO - Camera camera_0 started
2026-01-02 17:50:09,763 - camera.camera_manager - INFO - Camera manager started with 1 cameras
2026-01-02 17:50:09,764 - __main__ - INFO - Auto-detecting scanner...
2026-01-02 17:50:09,770 - __main__ - INFO - Found COM3: {'port': 'COM3', 'description': 'USB Serial Device (COM3)', 'hwid': 'USB VID:PID=152A:880F SER=00000000050C LOCATION=1-4'}
2026-01-02 17:50:09,770 - scanner.scanner_manager - INFO - Scanner added: scanner_1 on COM3
2026-01-02 17:50:09,772 - scanner.com_scanner - INFO - Scanner scanner_1 connected on COM3
2026-01-02 17:50:09,772 - scanner.com_scanner - INFO - Scanner scanner_1 reading thread started
2026-01-02 17:50:09,773 - scanner.scanner_manager - INFO - Scanner manager started with 1 scanners
2026-01-02 17:50:09,773 - __main__ - INFO - Scanner started on COM3
2026-01-02 17:50:09,773 - __main__ - INFO - Auto-started scanner on COM3
2026-01-02 17:50:10,801 - __main__ - INFO - Recording limit set to: 12s
2026-01-02 17:50:10,802 - __main__ - INFO - Device states synced with frontend
2026-01-02 17:50:11,703 - camera.camera_manager - WARNING - Camera camera_0 too many failures, reconnecting...
2026-01-02 17:50:13,307 - __main__ - INFO - Starting Lemiex Order Manager (Eel UI)
2026-01-02 17:50:13,308 - __main__ - INFO - Starting as desktop app using Edge
2026-01-02 17:50:14,317 - __main__ - INFO - Desktop app launched with PID: 409432
2026-01-02 17:50:14,385 - camera.camera_manager - INFO - Camera camera_0 connected
2026-01-02 17:50:14,413 - geventwebsocket.handler - INFO - 127.0.0.1 - - [2026-01-02 17:50:14] "GET /index.html HTTP/1.1" 200 16760 0.000632
2026-01-02 17:50:14,452 - geventwebsocket.handler - INFO - 127.0.0.1 - - [2026-01-02 17:50:14] "GET /css/style.css HTTP/1.1" 200 9698 0.000524
2026-01-02 17:50:14,453 - geventwebsocket.handler - INFO - 127.0.0.1 - - [2026-01-02 17:50:14] "GET /eel.js HTTP/1.1" 200 6476 0.000196
2026-01-02 17:50:14,458 - geventwebsocket.handler - INFO - 127.0.0.1 - - [2026-01-02 17:50:14] "GET /js/app.js HTTP/1.1" 200 73172 0.000687
2026-01-02 17:50:15,224 - __main__ - INFO - Camera already active, restarting stream for new connection
2026-01-02 17:50:15,225 - __main__ - INFO - Restarting camera for new connection...
2026-01-02 17:50:15,677 - camera.camera_manager - INFO - Camera camera_0 stopped
2026-01-02 17:50:15,677 - camera.camera_manager - INFO - Camera manager stopped
2026-01-02 17:50:18,060 - camera.camera_manager - INFO - Camera camera_0 connected
2026-01-02 17:50:18,061 - camera.camera_manager - INFO - Camera camera_0 started
2026-01-02 17:50:18,061 - camera.camera_manager - INFO - Camera manager started with 1 cameras
2026-01-02 17:50:18,062 - __main__ - INFO - Camera fully restarted for new connection
2026-01-02 17:50:18,062 - __main__ - INFO - Auto-detecting scanner...
2026-01-02 17:50:18,067 - __main__ - INFO - Found COM3: {'port': 'COM3', 'description': 'USB Serial Device (COM3)', 'hwid': 'USB VID:PID=152A:880F SER=00000000050C LOCATION=1-4'}
2026-01-02 17:50:18,067 - __main__ - INFO - Scanner already connected
2026-01-02 17:50:19,152 - __main__ - INFO - Recording limit set to: 12s
2026-01-02 17:50:19,155 - __main__ - INFO - Device states synced with frontend
2026-01-02 17:50:19,979 - camera.camera_manager - WARNING - Camera camera_0 too many failures, reconnecting...
2026-01-02 17:50:23,084 - camera.camera_manager - INFO - Camera camera_0 connected
2026-01-02 17:50:37,642 - __main__ - INFO - Camera selected: 1
2026-01-02 17:50:38,048 - camera.camera_manager - INFO - Camera camera_0 stopped
2026-01-02 17:50:38,049 - camera.camera_manager - INFO - Camera manager stopped
2026-01-02 17:50:38,350 - camera.camera_manager - INFO - Camera camera_0 stopped
2026-01-02 17:50:38,351 - camera.camera_manager - INFO - Camera removed: camera_0
2026-01-02 17:50:38,351 - camera.camera_manager - INFO - Camera added: camera_1
2026-01-02 17:50:40,405 - camera.camera_manager - INFO - Camera camera_1 connected
2026-01-02 17:50:40,406 - camera.camera_manager - INFO - Camera camera_1 started
2026-01-02 17:50:40,406 - camera.camera_manager - INFO - Camera manager started with 1 cameras
2026-01-02 17:50:52,872 - scanner.com_scanner - INFO - Scanner scanner_1 disconnected
2026-01-02 17:50:52,872 - scanner.com_scanner - INFO - Scanner scanner_1 stopped
2026-01-02 17:50:52,874 - scanner.com_scanner - INFO - Scanner scanner_1 connected on COM6
2026-01-02 17:50:52,875 - scanner.com_scanner - INFO - Scanner scanner_1 reading thread started
2026-01-02 17:50:52,875 - scanner.scanner_manager - INFO - Scanner added: scanner_1 on COM6
2026-01-02 17:50:52,875 - scanner.scanner_manager - INFO - Scanner manager started with 1 scanners
2026-01-02 17:50:52,876 - __main__ - INFO - Scanner started on COM6
2026-01-02 17:51:14,878 - core.auth_manager - INFO - User logged out
2026-01-02 17:51:15,212 - camera.camera_manager - INFO - Camera camera_1 stopped
2026-01-02 17:51:15,212 - camera.camera_manager - INFO - Camera manager stopped
2026-01-02 17:51:21,771 - core.auth_manager - ERROR - Login failed: Token không được trả về từ server
2026-01-02 17:51:28,641 - core.auth_manager - ERROR - Login failed: Token không được trả về từ server
