2026-01-03 11:21:20,861 - __main__ - INFO - Starting Lemiex Order Manager (Eel UI)
2026-01-03 11:21:20,862 - __main__ - INFO - Starting as desktop app using Edge
2026-01-03 11:21:21,874 - __main__ - INFO - Desktop app launched with PID: 523588
2026-01-03 11:21:22,399 - geventwebsocket.handler - INFO - 127.0.0.1 - - [2026-01-03 11:21:22] "GET /index.html HTTP/1.1" 200 16760 0.001751
2026-01-03 11:21:22,405 - geventwebsocket.handler - INFO - 127.0.0.1 - - [2026-01-03 11:21:22] "GET /eel.js HTTP/1.1" 200 6476 0.000269
2026-01-03 11:21:22,420 - geventwebsocket.handler - INFO - 127.0.0.1 - - [2026-01-03 11:21:22] "GET /css/style.css HTTP/1.1" 200 9698 0.014224
2026-01-03 11:21:22,422 - geventwebsocket.handler - INFO - 127.0.0.1 - - [2026-01-03 11:21:22] "GET /js/app.js HTTP/1.1" 200 73172 0.000648
2026-01-03 11:21:22,759 - geventwebsocket.handler - INFO - 127.0.0.1 - - [2026-01-03 11:21:22] "GET /favicon.ico HTTP/1.1" 404 882 0.002084
2026-01-03 11:21:24,083 - __main__ - INFO - Recording limit set to: 12s
2026-01-03 11:21:24,084 - __main__ - INFO - Device states synced with frontend
2026-01-03 11:21:30,508 - core.auth_manager - INFO - User logged in: qc@lemiex.com
2026-01-03 11:21:30,508 - __main__ - INFO - User logged in: qc@lemiex.com
2026-01-03 11:21:30,508 - __main__ - INFO - Auto-starting camera...
2026-01-03 11:21:30,509 - camera.camera_manager - INFO - Camera added: camera_0
2026-01-03 11:21:32,616 - camera.camera_manager - INFO - Camera camera_0 connected
2026-01-03 11:21:32,616 - camera.camera_manager - INFO - Camera camera_0 started
2026-01-03 11:21:32,617 - camera.camera_manager - INFO - Camera manager started with 1 cameras
2026-01-03 11:21:32,617 - __main__ - INFO - Auto-detecting scanner...
2026-01-03 11:21:32,622 - __main__ - INFO - No scanner port detected
2026-01-03 11:23:28,022 - __main__ - INFO - Auto-record: disabled
2026-01-03 11:23:32,457 - services.order_service - INFO - Order loaded: #19 (ref: emb8033_577199961819681126)
2026-01-03 11:23:32,458 - activity - INFO - [order_view] Order viewed: #19 (ref: emb8033_577199961819681126)
2026-01-03 11:24:15,276 - services.order_service - INFO - Order loaded: #19 (ref: emb8033_577199961819681126)
2026-01-03 11:24:15,280 - activity - INFO - [order_view] Order viewed: #19 (ref: emb8033_577199961819681126)
2026-01-03 11:24:27,122 - services.order_service - INFO - Order loaded: #19 (ref: emb8033_577199961819681126)
2026-01-03 11:24:27,138 - activity - INFO - [order_view] Order viewed: #19 (ref: emb8033_577199961819681126)
2026-01-03 11:24:46,706 - services.order_service - INFO - Order loaded: #20 (ref: emb1538_577124192714462077)
2026-01-03 11:24:46,706 - activity - INFO - [order_view] Order viewed: #20 (ref: emb1538_577124192714462077)
2026-01-03 11:25:18,866 - scanner.scanner_manager - INFO - Scanner added: scanner_1 on COM3
2026-01-03 11:25:18,869 - scanner.com_scanner - INFO - Scanner scanner_1 connected on COM3
2026-01-03 11:25:18,869 - scanner.com_scanner - INFO - Scanner scanner_1 reading thread started
2026-01-03 11:25:18,870 - scanner.scanner_manager - INFO - Scanner manager started with 1 scanners
2026-01-03 11:25:18,870 - __main__ - INFO - Scanner started on COM3
2026-01-03 11:25:23,078 - scanner.com_scanner - INFO - Decoded text from scanner_1: 'https://manage.lemiex.us/track/22?stt=2&item_id=28&item_stt=2'
2026-01-03 11:25:23,078 - scanner.com_scanner - INFO - Scanner scanner_1 scan: https://manage.lemiex.us/track/22?stt=2&item_id=28&item_stt=2
2026-01-03 11:25:23,079 - __main__ - INFO - Scan received: https://manage.lemiex.us/track/22?stt=2&item_id=28&item_stt=2
2026-01-03 11:25:23,079 - __main__ - INFO - Calling track API: https://manage.lemiex.us/api/orders/track/22?stt=2&item_id=28&item_stt=2
2026-01-03 11:25:25,365 - __main__ - INFO - Track API response success, items count: 2
2026-01-03 11:25:25,366 - __main__ - INFO - Track result items: 2
2026-01-03 11:25:29,410 - __main__ - INFO - Calling QC API: PUT https://manage.lemiex.us/api/orders/change-status-items
2026-01-03 11:25:29,410 - __main__ - INFO - Payload: {'item_id': 28, 'meta_key': 'front', 'status': True}
2026-01-03 11:25:30,665 - __main__ - INFO - Response status: 200
2026-01-03 11:25:30,665 - __main__ - INFO - QC activated for item 28, position: front
2026-01-03 11:25:35,075 - __main__ - INFO - Calling track API: https://manage.lemiex.us/api/orders/track/22?item_id=28
2026-01-03 11:25:36,927 - __main__ - INFO - Track API response success, items count: 2
2026-01-03 11:25:45,023 - scanner.com_scanner - INFO - Decoded text from scanner_1: 'https://manage.lemiex.us/track/22?stt=1&item_id=27&item_stt=1'
2026-01-03 11:25:45,023 - scanner.com_scanner - INFO - Scanner scanner_1 scan: https://manage.lemiex.us/track/22?stt=1&item_id=27&item_stt=1
2026-01-03 11:25:45,023 - __main__ - INFO - Scan received: https://manage.lemiex.us/track/22?stt=1&item_id=27&item_stt=1
2026-01-03 11:25:45,023 - __main__ - INFO - Calling track API: https://manage.lemiex.us/api/orders/track/22?stt=1&item_id=27&item_stt=1
2026-01-03 11:25:46,903 - __main__ - INFO - Track API response success, items count: 2
2026-01-03 11:25:46,903 - __main__ - INFO - Track result items: 2
2026-01-03 11:25:52,472 - __main__ - INFO - Calling QC API: PUT https://manage.lemiex.us/api/orders/change-status-items
2026-01-03 11:25:52,478 - __main__ - INFO - Payload: {'item_id': 27, 'meta_key': 'front', 'status': True}
2026-01-03 11:25:53,713 - __main__ - INFO - Response status: 200
2026-01-03 11:25:53,714 - __main__ - INFO - QC activated for item 27, position: front
2026-01-03 11:25:53,714 - __main__ - INFO - Calling QC API: PUT https://manage.lemiex.us/api/orders/change-status-items
2026-01-03 11:25:53,714 - __main__ - INFO - Payload: {'item_id': 27, 'meta_key': 'sleeve_right', 'status': True}
2026-01-03 11:25:54,901 - __main__ - INFO - Response status: 200
2026-01-03 11:25:54,901 - __main__ - INFO - QC activated for item 27, position: sleeve_right
2026-01-03 11:25:54,901 - __main__ - INFO - Calling QC API: PUT https://manage.lemiex.us/api/orders/change-status-items
2026-01-03 11:25:54,901 - __main__ - INFO - Payload: {'item_id': 27, 'meta_key': 'sleeve_left', 'status': True}
2026-01-03 11:25:56,076 - __main__ - INFO - Response status: 200
2026-01-03 11:25:56,076 - __main__ - INFO - QC activated for item 27, position: sleeve_left
2026-01-03 11:26:03,853 - __main__ - INFO - Calling track API: https://manage.lemiex.us/api/orders/track/22?item_id=27
2026-01-03 11:26:06,834 - __main__ - INFO - Track API response success, items count: 2
2026-01-03 11:37:44,847 - __main__ - INFO - Starting Lemiex Order Manager (Eel UI)
2026-01-03 11:37:44,847 - __main__ - INFO - Starting as desktop app using Edge
2026-01-03 11:37:45,856 - __main__ - INFO - Desktop app launched with PID: 560332
2026-01-03 11:37:46,275 - geventwebsocket.handler - INFO - 127.0.0.1 - - [2026-01-03 11:37:46] "GET /index.html HTTP/1.1" 200 16760 0.000808
2026-01-03 11:37:46,280 - geventwebsocket.handler - INFO - 127.0.0.1 - - [2026-01-03 11:37:46] "GET /eel.js HTTP/1.1" 200 6476 0.000257
2026-01-03 11:37:46,293 - geventwebsocket.handler - INFO - 127.0.0.1 - - [2026-01-03 11:37:46] "GET /css/style.css HTTP/1.1" 200 9698 0.011714
2026-01-03 11:37:46,295 - geventwebsocket.handler - INFO - 127.0.0.1 - - [2026-01-03 11:37:46] "GET /js/app.js HTTP/1.1" 200 73172 0.000643
2026-01-03 11:37:46,491 - geventwebsocket.handler - INFO - 127.0.0.1 - - [2026-01-03 11:37:46] "GET /favicon.ico HTTP/1.1" 404 882 0.002073
2026-01-03 11:37:47,965 - __main__ - INFO - Auto-starting camera...
2026-01-03 11:37:47,965 - camera.camera_manager - INFO - Camera added: camera_0
2026-01-03 11:37:50,087 - camera.camera_manager - INFO - Camera camera_0 connected
2026-01-03 11:37:50,088 - camera.camera_manager - INFO - Camera camera_0 started
2026-01-03 11:37:50,088 - camera.camera_manager - INFO - Camera manager started with 1 cameras
2026-01-03 11:37:50,089 - __main__ - INFO - Auto-detecting scanner...
2026-01-03 11:37:50,094 - __main__ - INFO - Found COM3: {'port': 'COM3', 'description': 'USB Serial Device (COM3)', 'hwid': 'USB VID:PID=152A:880F SER=00000000050C LOCATION=1-4'}
2026-01-03 11:37:50,094 - scanner.scanner_manager - INFO - Scanner added: scanner_1 on COM3
2026-01-03 11:37:50,096 - scanner.com_scanner - INFO - Scanner scanner_1 connected on COM3
2026-01-03 11:37:50,096 - scanner.com_scanner - INFO - Scanner scanner_1 reading thread started
2026-01-03 11:37:50,096 - scanner.scanner_manager - INFO - Scanner manager started with 1 scanners
2026-01-03 11:37:50,096 - __main__ - INFO - Scanner started on COM3
2026-01-03 11:37:50,096 - __main__ - INFO - Auto-started scanner on COM3
2026-01-03 11:37:50,452 - __main__ - INFO - Recording limit set to: 12s
2026-01-03 11:37:50,453 - __main__ - INFO - Device states synced with frontend
2026-01-03 11:37:51,992 - camera.camera_manager - WARNING - Camera camera_0 too many failures, reconnecting...
2026-01-03 11:37:54,491 - camera.camera_manager - INFO - Camera camera_0 connected
2026-01-03 11:38:12,792 - scanner.com_scanner - INFO - Decoded text from scanner_1: 'https://manage.lemiex.us/track/22?stt=1&item_id=27&item_stt=1'
2026-01-03 11:38:12,792 - scanner.com_scanner - INFO - Scanner scanner_1 scan: https://manage.lemiex.us/track/22?stt=1&item_id=27&item_stt=1
2026-01-03 11:38:12,793 - __main__ - INFO - Scan received: https://manage.lemiex.us/track/22?stt=1&item_id=27&item_stt=1
2026-01-03 11:38:12,793 - __main__ - INFO - Calling track API: https://manage.lemiex.us/api/orders/track/22?stt=1&item_id=27&item_stt=1
2026-01-03 11:38:15,548 - __main__ - INFO - Track API response success, items count: 2
2026-01-03 11:38:15,550 - __main__ - INFO - Track result items: 2
2026-01-03 11:38:19,965 - camera.camera_manager - INFO - Camera camera_0 started recording: D:\2025 Code\Lemiex-app-qc\temp_videos\qc_22_27_20260103_113819.mp4 at (1280, 720))
2026-01-03 11:38:19,965 - __main__ - INFO - QC recording started: D:\2025 Code\Lemiex-app-qc\temp_videos\qc_22_27_20260103_113819.mp4
2026-01-03 11:38:19,966 - __main__ - INFO - Calling QC API: PUT https://manage.lemiex.us/api/orders/change-status-items
2026-01-03 11:38:19,966 - __main__ - INFO - Payload: {'item_id': 27, 'meta_key': 'front', 'status': True}
2026-01-03 11:38:21,053 - __main__ - INFO - Response status: 200
2026-01-03 11:38:21,053 - __main__ - INFO - QC activated for item 27, position: front
2026-01-03 11:38:21,053 - __main__ - INFO - Calling QC API: PUT https://manage.lemiex.us/api/orders/change-status-items
2026-01-03 11:38:21,054 - __main__ - INFO - Payload: {'item_id': 27, 'meta_key': 'sleeve_right', 'status': True}
2026-01-03 11:38:22,233 - __main__ - INFO - Response status: 200
2026-01-03 11:38:22,233 - __main__ - INFO - QC activated for item 27, position: sleeve_right
2026-01-03 11:38:22,235 - __main__ - INFO - Calling QC API: PUT https://manage.lemiex.us/api/orders/change-status-items
2026-01-03 11:38:22,235 - __main__ - INFO - Payload: {'item_id': 27, 'meta_key': 'sleeve_left', 'status': True}
2026-01-03 11:38:23,359 - __main__ - INFO - Response status: 200
2026-01-03 11:38:23,359 - __main__ - INFO - QC activated for item 27, position: sleeve_left
2026-01-03 11:38:28,267 - __main__ - INFO - Calling track API: https://manage.lemiex.us/api/orders/track/22?item_id=27
2026-01-03 11:38:30,101 - __main__ - INFO - Track API response success, items count: 2
2026-01-03 11:38:31,860 - __main__ - INFO - Recording limit reached: 12s >= 12s
2026-01-03 11:38:31,877 - __main__ - INFO - Stopping QC recording for order 22
2026-01-03 11:38:31,937 - camera.camera_manager - INFO - Camera camera_0 stopped recording
2026-01-03 11:38:33,248 - camera.camera_manager - INFO - Converting video to H.264: D:\2025 Code\Lemiex-app-qc\temp_videos\qc_22_27_20260103_113819.mp4 -> D:\2025 Code\Lemiex-app-qc\temp_videos\qc_22_27_20260103_113819_h264.mp4
2026-01-03 11:38:34,310 - camera.camera_manager - INFO - Video converted successfully: D:\2025 Code\Lemiex-app-qc\temp_videos\qc_22_27_20260103_113819.mp4
2026-01-03 11:38:34,310 - __main__ - INFO - QC recording stopped: D:\2025 Code\Lemiex-app-qc\temp_videos\qc_22_27_20260103_113819.mp4
2026-01-03 11:38:34,310 - __main__ - INFO - Video queued for upload. Queue size: 1
2026-01-03 11:38:34,312 - __main__ - INFO - Uploading video to API: D:\2025 Code\Lemiex-app-qc\temp_videos\qc_22_27_20260103_113819.mp4
2026-01-03 11:38:34,312 - __main__ - INFO - Video API payload: order_id=22, order_item_id=27, file=qc_22_27_20260103_113819.mp4, size=1434712
2026-01-03 11:38:38,037 - __main__ - INFO - Video API response: 200
2026-01-03 11:38:38,037 - __main__ - INFO - Video saved successfully: 
2026-01-03 11:38:57,520 - __main__ - WARNING - No recording to stop
2026-01-03 11:39:09,582 - __main__ - INFO - Starting Lemiex Order Manager (Eel UI)
2026-01-03 11:39:09,582 - __main__ - INFO - Starting as desktop app using Edge
2026-01-03 11:39:10,602 - __main__ - INFO - Desktop app launched with PID: 178724
2026-01-03 11:39:11,022 - geventwebsocket.handler - INFO - 127.0.0.1 - - [2026-01-03 11:39:11] "GET /index.html HTTP/1.1" 200 16760 0.000764
2026-01-03 11:39:11,028 - geventwebsocket.handler - INFO - 127.0.0.1 - - [2026-01-03 11:39:11] "GET /eel.js HTTP/1.1" 200 6476 0.000300
2026-01-03 11:39:11,030 - geventwebsocket.handler - INFO - 127.0.0.1 - - [2026-01-03 11:39:11] "GET /css/style.css HTTP/1.1" 200 9698 0.000659
2026-01-03 11:39:11,031 - geventwebsocket.handler - INFO - 127.0.0.1 - - [2026-01-03 11:39:11] "GET /js/app.js HTTP/1.1" 200 73172 0.000695
2026-01-03 11:39:11,251 - geventwebsocket.handler - INFO - 127.0.0.1 - - [2026-01-03 11:39:11] "GET /favicon.ico HTTP/1.1" 404 882 0.002248
2026-01-03 11:39:12,661 - __main__ - INFO - Auto-starting camera...
2026-01-03 11:39:12,661 - camera.camera_manager - INFO - Camera added: camera_0
2026-01-03 11:39:15,141 - camera.camera_manager - INFO - Camera camera_0 connected
2026-01-03 11:39:15,142 - camera.camera_manager - INFO - Camera camera_0 started
2026-01-03 11:39:15,142 - camera.camera_manager - INFO - Camera manager started with 1 cameras
2026-01-03 11:39:15,142 - __main__ - INFO - Auto-detecting scanner...
2026-01-03 11:39:15,150 - __main__ - INFO - Found COM3: {'port': 'COM3', 'description': 'USB Serial Device (COM3)', 'hwid': 'USB VID:PID=152A:880F SER=00000000050C LOCATION=1-4'}
2026-01-03 11:39:15,153 - scanner.scanner_manager - INFO - Scanner added: scanner_1 on COM3
2026-01-03 11:39:15,155 - scanner.com_scanner - INFO - Scanner scanner_1 connected on COM3
2026-01-03 11:39:15,157 - scanner.com_scanner - INFO - Scanner scanner_1 reading thread started
2026-01-03 11:39:15,157 - scanner.scanner_manager - INFO - Scanner manager started with 1 scanners
2026-01-03 11:39:15,158 - __main__ - INFO - Scanner started on COM3
2026-01-03 11:39:15,158 - __main__ - INFO - Auto-started scanner on COM3
2026-01-03 11:39:15,562 - __main__ - INFO - Recording limit set to: 12s
2026-01-03 11:39:15,564 - __main__ - INFO - Device states synced with frontend
2026-01-03 11:39:17,144 - camera.camera_manager - WARNING - Camera camera_0 too many failures, reconnecting...
2026-01-03 11:39:19,559 - camera.camera_manager - INFO - Camera camera_0 connected
2026-01-03 11:39:20,116 - scanner.com_scanner - INFO - Decoded text from scanner_1: 'https://manage.lemiex.us/track/22?stt=1&item_id=27&item_stt=1'
2026-01-03 11:39:20,117 - scanner.com_scanner - INFO - Scanner scanner_1 scan: https://manage.lemiex.us/track/22?stt=1&item_id=27&item_stt=1
2026-01-03 11:39:20,119 - __main__ - INFO - Scan received: https://manage.lemiex.us/track/22?stt=1&item_id=27&item_stt=1
2026-01-03 11:39:20,120 - __main__ - INFO - Calling track API: https://manage.lemiex.us/api/orders/track/22?stt=1&item_id=27&item_stt=1
2026-01-03 11:39:22,666 - __main__ - INFO - Track API response success, items count: 2
2026-01-03 11:39:22,667 - __main__ - INFO - Track result items: 2
2026-01-03 11:39:25,199 - camera.camera_manager - INFO - Camera camera_0 started recording: D:\2025 Code\Lemiex-app-qc\temp_videos\qc_22_27_20260103_113925.mp4 at (1280, 720))
2026-01-03 11:39:25,205 - __main__ - INFO - QC recording started: D:\2025 Code\Lemiex-app-qc\temp_videos\qc_22_27_20260103_113925.mp4
2026-01-03 11:39:25,226 - __main__ - INFO - Calling QC API: PUT https://manage.lemiex.us/api/orders/change-status-items
2026-01-03 11:39:25,241 - __main__ - INFO - Payload: {'item_id': 27, 'meta_key': 'front', 'status': True}
2026-01-03 11:39:26,484 - __main__ - INFO - Response status: 200
2026-01-03 11:39:26,485 - __main__ - INFO - QC activated for item 27, position: front
2026-01-03 11:39:26,485 - __main__ - INFO - Calling QC API: PUT https://manage.lemiex.us/api/orders/change-status-items
2026-01-03 11:39:26,486 - __main__ - INFO - Payload: {'item_id': 27, 'meta_key': 'sleeve_right', 'status': True}
2026-01-03 11:39:28,413 - __main__ - INFO - Response status: 200
2026-01-03 11:39:28,413 - __main__ - INFO - QC activated for item 27, position: sleeve_right
2026-01-03 11:39:28,413 - __main__ - INFO - Calling QC API: PUT https://manage.lemiex.us/api/orders/change-status-items
2026-01-03 11:39:28,413 - __main__ - INFO - Payload: {'item_id': 27, 'meta_key': 'sleeve_left', 'status': True}
2026-01-03 11:39:29,771 - __main__ - INFO - Response status: 200
2026-01-03 11:39:29,772 - __main__ - INFO - QC activated for item 27, position: sleeve_left
2026-01-03 11:39:34,275 - __main__ - INFO - Calling track API: https://manage.lemiex.us/api/orders/track/22?item_id=27
2026-01-03 11:39:37,250 - __main__ - INFO - Recording limit reached: 12s >= 12s
2026-01-03 11:39:37,250 - __main__ - INFO - Stopping QC recording for order 22
2026-01-03 11:39:37,264 - camera.camera_manager - INFO - Camera camera_0 stopped recording
2026-01-03 11:39:38,093 - __main__ - INFO - Track API response success, items count: 2
2026-01-03 11:39:38,283 - camera.camera_manager - INFO - Converting video to H.264: D:\2025 Code\Lemiex-app-qc\temp_videos\qc_22_27_20260103_113925.mp4 -> D:\2025 Code\Lemiex-app-qc\temp_videos\qc_22_27_20260103_113925_h264.mp4
2026-01-03 11:39:39,488 - camera.camera_manager - INFO - Video converted successfully: D:\2025 Code\Lemiex-app-qc\temp_videos\qc_22_27_20260103_113925.mp4
2026-01-03 11:39:39,488 - __main__ - INFO - QC recording stopped: D:\2025 Code\Lemiex-app-qc\temp_videos\qc_22_27_20260103_113925.mp4
2026-01-03 11:39:39,489 - __main__ - INFO - Video queued for upload. Queue size: 1
2026-01-03 11:39:39,490 - __main__ - INFO - Uploading video to API: D:\2025 Code\Lemiex-app-qc\temp_videos\qc_22_27_20260103_113925.mp4
2026-01-03 11:39:39,491 - __main__ - INFO - Video API payload: order_id=22, order_item_id=27, file=qc_22_27_20260103_113925.mp4, size=1256793
2026-01-03 11:39:44,078 - __main__ - INFO - Video API response: 200
2026-01-03 11:39:44,079 - __main__ - INFO - Video saved successfully: 
2026-01-03 11:41:00,985 - __main__ - WARNING - No recording to stop
2026-01-03 11:51:24,165 - __main__ - INFO - Starting Lemiex Order Manager (Eel UI)
2026-01-03 11:51:24,165 - __main__ - INFO - Starting as desktop app using Edge
2026-01-03 11:51:25,174 - __main__ - INFO - Desktop app launched with PID: 62380
2026-01-03 11:51:25,596 - geventwebsocket.handler - INFO - 127.0.0.1 - - [2026-01-03 11:51:25] "GET /index.html HTTP/1.1" 200 16760 0.000801
2026-01-03 11:51:25,605 - geventwebsocket.handler - INFO - 127.0.0.1 - - [2026-01-03 11:51:25] "GET /eel.js HTTP/1.1" 200 6476 0.000372
2026-01-03 11:51:25,606 - geventwebsocket.handler - INFO - 127.0.0.1 - - [2026-01-03 11:51:25] "GET /css/style.css HTTP/1.1" 200 9698 0.000795
2026-01-03 11:51:25,608 - geventwebsocket.handler - INFO - 127.0.0.1 - - [2026-01-03 11:51:25] "GET /js/app.js HTTP/1.1" 200 75007 0.000748
2026-01-03 11:51:25,820 - geventwebsocket.handler - INFO - 127.0.0.1 - - [2026-01-03 11:51:25] "GET /favicon.ico HTTP/1.1" 404 882 0.002226
2026-01-03 11:51:27,188 - __main__ - INFO - Auto-starting camera...
2026-01-03 11:51:27,188 - camera.camera_manager - INFO - Camera added: camera_0
2026-01-03 11:51:29,627 - camera.camera_manager - INFO - Camera camera_0 connected
2026-01-03 11:51:29,628 - camera.camera_manager - INFO - Camera camera_0 started
2026-01-03 11:51:29,628 - camera.camera_manager - INFO - Camera manager started with 1 cameras
2026-01-03 11:51:29,628 - __main__ - INFO - Auto-detecting scanner...
2026-01-03 11:51:29,634 - __main__ - INFO - Found COM3: {'port': 'COM3', 'description': 'USB Serial Device (COM3)', 'hwid': 'USB VID:PID=152A:880F SER=00000000050C LOCATION=1-4'}
2026-01-03 11:51:29,634 - scanner.scanner_manager - INFO - Scanner added: scanner_1 on COM3
2026-01-03 11:51:29,637 - scanner.com_scanner - INFO - Scanner scanner_1 connected on COM3
2026-01-03 11:51:29,637 - scanner.com_scanner - INFO - Scanner scanner_1 reading thread started
2026-01-03 11:51:29,637 - scanner.scanner_manager - INFO - Scanner manager started with 1 scanners
2026-01-03 11:51:29,637 - __main__ - INFO - Scanner started on COM3
2026-01-03 11:51:29,637 - __main__ - INFO - Auto-started scanner on COM3
2026-01-03 11:51:29,991 - __main__ - INFO - Recording limit set to: 12s
2026-01-03 11:51:29,992 - __main__ - INFO - Device states synced with frontend
2026-01-03 11:51:29,995 - core.auth_manager - INFO - User logged out
2026-01-03 11:51:30,631 - camera.camera_manager - INFO - Camera camera_0 stopped
2026-01-03 11:51:30,631 - camera.camera_manager - INFO - Camera manager stopped
2026-01-03 11:51:35,580 - core.auth_manager - INFO - User logged in: packing@lemiex.com
2026-01-03 11:51:35,581 - __main__ - INFO - User logged in: packing@lemiex.com
2026-01-03 11:51:35,581 - __main__ - INFO - Auto-starting camera...
2026-01-03 11:51:37,724 - camera.camera_manager - INFO - Camera camera_0 connected
2026-01-03 11:51:37,725 - camera.camera_manager - INFO - Camera camera_0 started
2026-01-03 11:51:37,725 - camera.camera_manager - INFO - Camera manager started with 1 cameras
2026-01-03 11:51:37,725 - __main__ - INFO - Auto-detecting scanner...
2026-01-03 11:51:37,731 - __main__ - INFO - Found COM3: {'port': 'COM3', 'description': 'USB Serial Device (COM3)', 'hwid': 'USB VID:PID=152A:880F SER=00000000050C LOCATION=1-4'}
2026-01-03 11:51:37,731 - __main__ - INFO - Scanner already connected
2026-01-03 11:51:48,397 - scanner.com_scanner - INFO - Decoded text from scanner_1: 'https://manage.lemiex.us/track/22?stt=1&item_id=27&item_stt=1'
2026-01-03 11:51:48,397 - scanner.com_scanner - INFO - Scanner scanner_1 scan: https://manage.lemiex.us/track/22?stt=1&item_id=27&item_stt=1
2026-01-03 11:51:48,398 - __main__ - INFO - Scan received: https://manage.lemiex.us/track/22?stt=1&item_id=27&item_stt=1
2026-01-03 11:51:48,399 - __main__ - INFO - Calling track API: https://manage.lemiex.us/api/orders/track/22?stt=1&item_id=27&item_stt=1
2026-01-03 11:51:50,991 - __main__ - INFO - Track API response success, items count: 2
2026-01-03 11:51:50,992 - __main__ - INFO - Track result items: 2
2026-01-03 11:52:31,458 - scanner.com_scanner - INFO - Decoded text from scanner_1: 'https://manage.lemiex.us/track/22?stt=2&item_id=28&item_stt=2'
2026-01-03 11:52:31,458 - scanner.com_scanner - INFO - Scanner scanner_1 scan: https://manage.lemiex.us/track/22?stt=2&item_id=28&item_stt=2
2026-01-03 11:52:31,458 - __main__ - INFO - Scan received: https://manage.lemiex.us/track/22?stt=2&item_id=28&item_stt=2
2026-01-03 11:52:31,459 - __main__ - INFO - Calling track API: https://manage.lemiex.us/api/orders/track/22?stt=2&item_id=28&item_stt=2
2026-01-03 11:52:33,287 - __main__ - INFO - Track API response success, items count: 2
2026-01-03 11:52:33,287 - __main__ - INFO - Track result items: 2
2026-01-03 11:52:35,417 - __main__ - INFO - Packing activated for order 22: [{'item_id': '27', 'success': False}, {'item_id': '28', 'success': False}]
2026-01-03 11:52:39,504 - scanner.com_scanner - INFO - Decoded text from scanner_1: 'https://manage.lemiex.us/track/22?stt=1&item_id=27&item_stt=1'
2026-01-03 11:52:39,504 - scanner.com_scanner - INFO - Scanner scanner_1 scan: https://manage.lemiex.us/track/22?stt=1&item_id=27&item_stt=1
2026-01-03 11:52:39,504 - __main__ - INFO - Scan received: https://manage.lemiex.us/track/22?stt=1&item_id=27&item_stt=1
2026-01-03 11:52:39,505 - __main__ - INFO - Calling track API: https://manage.lemiex.us/api/orders/track/22?stt=1&item_id=27&item_stt=1
2026-01-03 11:52:40,648 - __main__ - INFO - Track API response success, items count: 2
2026-01-03 11:52:40,651 - __main__ - INFO - Track result items: 2
2026-01-03 11:58:44,632 - __main__ - INFO - Starting Lemiex Order Manager (Eel UI)
2026-01-03 11:58:44,633 - __main__ - INFO - Starting as desktop app using Edge
2026-01-03 11:58:45,642 - __main__ - INFO - Desktop app launched with PID: 537884
2026-01-03 11:58:46,066 - geventwebsocket.handler - INFO - 127.0.0.1 - - [2026-01-03 11:58:46] "GET /index.html HTTP/1.1" 200 16760 0.000953
2026-01-03 11:58:46,073 - geventwebsocket.handler - INFO - 127.0.0.1 - - [2026-01-03 11:58:46] "GET /eel.js HTTP/1.1" 200 6476 0.000326
2026-01-03 11:58:46,074 - geventwebsocket.handler - INFO - 127.0.0.1 - - [2026-01-03 11:58:46] "GET /css/style.css HTTP/1.1" 200 9698 0.000654
2026-01-03 11:58:46,075 - geventwebsocket.handler - INFO - 127.0.0.1 - - [2026-01-03 11:58:46] "GET /js/app.js HTTP/1.1" 200 79730 0.000584
2026-01-03 11:58:46,263 - geventwebsocket.handler - INFO - 127.0.0.1 - - [2026-01-03 11:58:46] "GET /favicon.ico HTTP/1.1" 404 882 0.001859
2026-01-03 11:58:47,642 - __main__ - INFO - Auto-starting camera...
2026-01-03 11:58:47,642 - camera.camera_manager - INFO - Camera added: camera_0
2026-01-03 11:58:49,776 - camera.camera_manager - INFO - Camera camera_0 connected
2026-01-03 11:58:49,777 - camera.camera_manager - INFO - Camera camera_0 started
2026-01-03 11:58:49,778 - camera.camera_manager - INFO - Camera manager started with 1 cameras
2026-01-03 11:58:49,778 - __main__ - INFO - Auto-detecting scanner...
2026-01-03 11:58:49,788 - __main__ - INFO - Found COM3: {'port': 'COM3', 'description': 'USB Serial Device (COM3)', 'hwid': 'USB VID:PID=152A:880F SER=00000000050C LOCATION=1-4'}
2026-01-03 11:58:49,788 - scanner.scanner_manager - INFO - Scanner added: scanner_1 on COM3
2026-01-03 11:58:49,790 - scanner.com_scanner - INFO - Scanner scanner_1 connected on COM3
2026-01-03 11:58:49,791 - scanner.com_scanner - INFO - Scanner scanner_1 reading thread started
2026-01-03 11:58:49,791 - scanner.scanner_manager - INFO - Scanner manager started with 1 scanners
2026-01-03 11:58:49,791 - __main__ - INFO - Scanner started on COM3
2026-01-03 11:58:49,791 - __main__ - INFO - Auto-started scanner on COM3
2026-01-03 11:58:50,166 - __main__ - INFO - Recording limit set to: 12s
2026-01-03 11:58:50,168 - __main__ - INFO - Device states synced with frontend
2026-01-03 11:58:51,719 - camera.camera_manager - WARNING - Camera camera_0 too many failures, reconnecting...
2026-01-03 11:58:55,078 - camera.camera_manager - INFO - Camera camera_0 connected
2026-01-03 11:58:56,960 - scanner.com_scanner - INFO - Decoded text from scanner_1: 'https://manage.lemiex.us/track/22?stt=2&item_id=28&item_stt=2'
2026-01-03 11:58:56,960 - scanner.com_scanner - INFO - Scanner scanner_1 scan: https://manage.lemiex.us/track/22?stt=2&item_id=28&item_stt=2
2026-01-03 11:58:56,961 - __main__ - INFO - Scan received: https://manage.lemiex.us/track/22?stt=2&item_id=28&item_stt=2
2026-01-03 11:58:56,961 - __main__ - INFO - Calling track API: https://manage.lemiex.us/api/orders/track/22?stt=2&item_id=28&item_stt=2
2026-01-03 11:58:58,133 - __main__ - INFO - Track API response success, items count: 2
2026-01-03 11:58:58,170 - __main__ - INFO - Track result items: 2
2026-01-03 11:59:02,679 - scanner.com_scanner - INFO - Decoded text from scanner_1: 'https://manage.lemiex.us/track/22?stt=1&item_id=27&item_stt=1'
2026-01-03 11:59:02,682 - scanner.com_scanner - INFO - Scanner scanner_1 scan: https://manage.lemiex.us/track/22?stt=1&item_id=27&item_stt=1
2026-01-03 11:59:02,682 - __main__ - INFO - Scan received: https://manage.lemiex.us/track/22?stt=1&item_id=27&item_stt=1
2026-01-03 11:59:02,683 - __main__ - INFO - Calling track API: https://manage.lemiex.us/api/orders/track/22?stt=1&item_id=27&item_stt=1
2026-01-03 11:59:03,796 - __main__ - INFO - Track API response success, items count: 2
2026-01-03 11:59:03,796 - __main__ - INFO - Track result items: 2
2026-01-03 11:59:03,799 - __main__ - INFO - Calling Packing API: PUT https://manage.lemiex.us/api/orders/change-status-items
2026-01-03 11:59:03,800 - __main__ - INFO - Payload: {'item_id': '28', 'meta_key': 'front', 'status': True}
2026-01-03 11:59:05,160 - __main__ - INFO - Response status: 200
2026-01-03 11:59:05,160 - __main__ - INFO - Packing activated for item 28, position: front
2026-01-03 11:59:05,161 - __main__ - INFO - Calling Packing API: PUT https://manage.lemiex.us/api/orders/change-status-items
2026-01-03 11:59:05,161 - __main__ - INFO - Payload: {'item_id': '27', 'meta_key': 'front', 'status': True}
2026-01-03 11:59:06,315 - __main__ - INFO - Response status: 200
2026-01-03 11:59:06,316 - __main__ - INFO - Packing activated for item 27, position: front
2026-01-03 11:59:06,316 - __main__ - INFO - Calling Packing API: PUT https://manage.lemiex.us/api/orders/change-status-items
2026-01-03 11:59:06,316 - __main__ - INFO - Payload: {'item_id': '27', 'meta_key': 'sleeve_right', 'status': True}
2026-01-03 11:59:07,731 - __main__ - INFO - Response status: 400
2026-01-03 11:59:07,731 - __main__ - ERROR - Failed to activate packing for item 27, position sleeve_right: 400
2026-01-03 11:59:07,732 - __main__ - INFO - Calling Packing API: PUT https://manage.lemiex.us/api/orders/change-status-items
2026-01-03 11:59:07,732 - __main__ - INFO - Payload: {'item_id': '27', 'meta_key': 'sleeve_left', 'status': True}
2026-01-03 11:59:08,852 - __main__ - INFO - Response status: 400
2026-01-03 11:59:08,852 - __main__ - ERROR - Failed to activate packing for item 27, position sleeve_left: 400
2026-01-03 11:59:08,852 - __main__ - INFO - Packing activated for order 22: [{'item_id': '28', 'position': 'front', 'success': True}, {'item_id': '27', 'position': 'front', 'success': True}, {'item_id': '27', 'position': 'sleeve_right', 'success': False}, {'item_id': '27', 'position': 'sleeve_left', 'success': False}]
2026-01-03 12:00:08,404 - __main__ - INFO - Starting Lemiex Order Manager (Eel UI)
2026-01-03 12:00:08,405 - __main__ - INFO - Starting as desktop app using Edge
2026-01-03 12:00:09,414 - __main__ - INFO - Desktop app launched with PID: 447696
2026-01-03 12:00:09,839 - geventwebsocket.handler - INFO - 127.0.0.1 - - [2026-01-03 12:00:09] "GET /index.html HTTP/1.1" 200 16760 0.001021
2026-01-03 12:00:09,847 - geventwebsocket.handler - INFO - 127.0.0.1 - - [2026-01-03 12:00:09] "GET /eel.js HTTP/1.1" 200 6476 0.000323
2026-01-03 12:00:09,850 - geventwebsocket.handler - INFO - 127.0.0.1 - - [2026-01-03 12:00:09] "GET /css/style.css HTTP/1.1" 200 9698 0.000613
2026-01-03 12:00:09,853 - geventwebsocket.handler - INFO - 127.0.0.1 - - [2026-01-03 12:00:09] "GET /js/app.js HTTP/1.1" 200 79730 0.000768
2026-01-03 12:00:10,059 - geventwebsocket.handler - INFO - 127.0.0.1 - - [2026-01-03 12:00:10] "GET /favicon.ico HTTP/1.1" 404 882 0.001805
2026-01-03 12:00:11,451 - __main__ - INFO - Auto-starting camera...
2026-01-03 12:00:11,451 - camera.camera_manager - INFO - Camera added: camera_0
2026-01-03 12:00:13,649 - camera.camera_manager - INFO - Camera camera_0 connected
2026-01-03 12:00:13,649 - camera.camera_manager - INFO - Camera camera_0 started
2026-01-03 12:00:13,649 - camera.camera_manager - INFO - Camera manager started with 1 cameras
2026-01-03 12:00:13,650 - __main__ - INFO - Auto-detecting scanner...
2026-01-03 12:00:13,655 - __main__ - INFO - Found COM3: {'port': 'COM3', 'description': 'USB Serial Device (COM3)', 'hwid': 'USB VID:PID=152A:880F SER=00000000050C LOCATION=1-4'}
2026-01-03 12:00:13,655 - scanner.scanner_manager - INFO - Scanner added: scanner_1 on COM3
2026-01-03 12:00:13,657 - scanner.com_scanner - INFO - Scanner scanner_1 connected on COM3
2026-01-03 12:00:13,657 - scanner.com_scanner - INFO - Scanner scanner_1 reading thread started
2026-01-03 12:00:13,657 - scanner.scanner_manager - INFO - Scanner manager started with 1 scanners
2026-01-03 12:00:13,658 - __main__ - INFO - Scanner started on COM3
2026-01-03 12:00:13,658 - __main__ - INFO - Auto-started scanner on COM3
2026-01-03 12:00:14,046 - __main__ - INFO - Recording limit set to: 12s
2026-01-03 12:00:14,047 - __main__ - INFO - Device states synced with frontend
2026-01-03 12:00:15,589 - camera.camera_manager - WARNING - Camera camera_0 too many failures, reconnecting...
2026-01-03 12:00:19,184 - camera.camera_manager - INFO - Camera camera_0 connected
2026-01-03 12:00:20,037 - scanner.com_scanner - INFO - Decoded text from scanner_1: 'https://manage.lemiex.us/track/22?stt=2&item_id=28&item_stt=2'
2026-01-03 12:00:20,037 - scanner.com_scanner - INFO - Scanner scanner_1 scan: https://manage.lemiex.us/track/22?stt=2&item_id=28&item_stt=2
2026-01-03 12:00:20,038 - __main__ - INFO - Scan received: https://manage.lemiex.us/track/22?stt=2&item_id=28&item_stt=2
2026-01-03 12:00:20,038 - __main__ - INFO - Calling track API: https://manage.lemiex.us/api/orders/track/22?stt=2&item_id=28&item_stt=2
2026-01-03 12:00:22,447 - __main__ - INFO - Track API response success, items count: 2
2026-01-03 12:00:22,447 - __main__ - INFO - Track result items: 2
2026-01-03 12:00:28,495 - scanner.com_scanner - INFO - Decoded text from scanner_1: 'https://manage.lemiex.us/track/22?stt=1&item_id=27&item_stt=1'
2026-01-03 12:00:28,495 - scanner.com_scanner - INFO - Scanner scanner_1 scan: https://manage.lemiex.us/track/22?stt=1&item_id=27&item_stt=1
2026-01-03 12:00:28,496 - __main__ - INFO - Scan received: https://manage.lemiex.us/track/22?stt=1&item_id=27&item_stt=1
2026-01-03 12:00:28,496 - __main__ - INFO - Calling track API: https://manage.lemiex.us/api/orders/track/22?stt=1&item_id=27&item_stt=1
2026-01-03 12:00:31,632 - __main__ - INFO - Track API response success, items count: 2
2026-01-03 12:00:31,633 - __main__ - INFO - Track result items: 2
2026-01-03 12:00:31,635 - __main__ - INFO - Calling Packing API: PUT https://manage.lemiex.us/api/orders/change-status-items
2026-01-03 12:00:31,635 - __main__ - INFO - Payload: {'item_id': '28', 'meta_key': 'front', 'status': True}
2026-01-03 12:00:32,791 - __main__ - INFO - Response status: 400
2026-01-03 12:00:32,791 - __main__ - ERROR - Failed to activate packing for item 28: 400
2026-01-03 12:00:32,791 - __main__ - INFO - Calling Packing API: PUT https://manage.lemiex.us/api/orders/change-status-items
2026-01-03 12:00:32,792 - __main__ - INFO - Payload: {'item_id': '27', 'meta_key': 'front', 'status': True}
2026-01-03 12:00:33,980 - __main__ - INFO - Response status: 400
2026-01-03 12:00:33,980 - __main__ - ERROR - Failed to activate packing for item 27: 400
2026-01-03 12:00:33,980 - __main__ - INFO - Packing activated for order 22: [{'item_id': '28', 'success': False}, {'item_id': '27', 'success': False}]
2026-01-03 12:00:42,956 - geventwebsocket.handler - INFO - 127.0.0.1 - - [2026-01-03 12:00:42] "GET /css/style.css HTTP/1.1" 200 9698 0.001872
2026-01-03 12:00:43,015 - geventwebsocket.handler - INFO - 127.0.0.1 - - [2026-01-03 12:00:43] "GET /.well-known/appspecific/com.chrome.devtools.json HTTP/1.1" 404 919 0.000720
2026-01-03 12:04:58,870 - __main__ - INFO - Starting Lemiex Order Manager (Eel UI)
2026-01-03 12:04:58,871 - __main__ - INFO - Starting as desktop app using Edge
2026-01-03 12:04:59,922 - __main__ - INFO - Desktop app launched with PID: 393572
2026-01-03 12:05:00,356 - geventwebsocket.handler - INFO - 127.0.0.1 - - [2026-01-03 12:05:00] "GET /index.html HTTP/1.1" 200 16760 0.001367
2026-01-03 12:05:00,364 - geventwebsocket.handler - INFO - 127.0.0.1 - - [2026-01-03 12:05:00] "GET /eel.js HTTP/1.1" 200 6476 0.000277
2026-01-03 12:05:00,366 - geventwebsocket.handler - INFO - 127.0.0.1 - - [2026-01-03 12:05:00] "GET /css/style.css HTTP/1.1" 200 9698 0.000703
2026-01-03 12:05:00,369 - geventwebsocket.handler - INFO - 127.0.0.1 - - [2026-01-03 12:05:00] "GET /js/app.js HTTP/1.1" 200 79730 0.000753
2026-01-03 12:05:04,094 - __main__ - INFO - Auto-starting camera...
2026-01-03 12:05:04,094 - camera.camera_manager - INFO - Camera added: camera_0
2026-01-03 12:05:12,995 - camera.camera_manager - INFO - Camera camera_0 connected
2026-01-03 12:05:13,012 - camera.camera_manager - INFO - Camera camera_0 started
2026-01-03 12:05:13,012 - camera.camera_manager - INFO - Camera manager started with 1 cameras
2026-01-03 12:05:13,013 - __main__ - INFO - Auto-detecting scanner...
2026-01-03 12:05:13,083 - __main__ - INFO - Found COM3: {'port': 'COM3', 'description': 'USB Serial Device (COM3)', 'hwid': 'USB VID:PID=152A:880F SER=00000000050C LOCATION=1-4'}
2026-01-03 12:05:13,091 - scanner.scanner_manager - INFO - Scanner added: scanner_1 on COM3
2026-01-03 12:05:13,096 - scanner.com_scanner - INFO - Scanner scanner_1 connected on COM3
2026-01-03 12:05:13,098 - scanner.com_scanner - INFO - Scanner scanner_1 reading thread started
2026-01-03 12:05:13,098 - scanner.scanner_manager - INFO - Scanner manager started with 1 scanners
2026-01-03 12:05:13,099 - __main__ - INFO - Scanner started on COM3
2026-01-03 12:05:13,099 - __main__ - INFO - Auto-started scanner on COM3
2026-01-03 12:05:13,115 - geventwebsocket.handler - INFO - 127.0.0.1 - - [2026-01-03 12:05:13] "GET /favicon.ico HTTP/1.1" 404 882 0.002030
2026-01-03 12:05:13,487 - __main__ - INFO - Recording limit set to: 12s
2026-01-03 12:05:13,489 - __main__ - INFO - Device states synced with frontend
2026-01-03 12:05:15,731 - camera.camera_manager - WARNING - Camera camera_0 too many failures, reconnecting...
2026-01-03 12:05:19,619 - camera.camera_manager - INFO - Camera camera_0 connected
2026-01-03 12:05:20,691 - scanner.com_scanner - INFO - Decoded text from scanner_1: 'https://manage.lemiex.us/track/21?stt=4&item_id=26&item_stt=4'
2026-01-03 12:05:20,715 - scanner.com_scanner - INFO - Scanner scanner_1 scan: https://manage.lemiex.us/track/21?stt=4&item_id=26&item_stt=4
2026-01-03 12:05:20,732 - __main__ - INFO - Scan received: https://manage.lemiex.us/track/21?stt=4&item_id=26&item_stt=4
2026-01-03 12:05:20,732 - __main__ - INFO - Calling track API: https://manage.lemiex.us/api/orders/track/21?stt=4&item_id=26&item_stt=4
2026-01-03 12:05:24,261 - __main__ - INFO - Track API response success, items count: 4
2026-01-03 12:05:24,262 - __main__ - INFO - Track result items: 4
2026-01-03 12:05:28,673 - scanner.com_scanner - INFO - Decoded text from scanner_1: 'https://manage.lemiex.us/track/21?stt=3&item_id=25&item_stt=3'
2026-01-03 12:05:28,673 - scanner.com_scanner - INFO - Scanner scanner_1 scan: https://manage.lemiex.us/track/21?stt=3&item_id=25&item_stt=3
2026-01-03 12:05:28,673 - __main__ - INFO - Scan received: https://manage.lemiex.us/track/21?stt=3&item_id=25&item_stt=3
2026-01-03 12:05:28,673 - __main__ - INFO - Calling track API: https://manage.lemiex.us/api/orders/track/21?stt=3&item_id=25&item_stt=3
2026-01-03 12:05:30,647 - __main__ - INFO - Track API response success, items count: 4
2026-01-03 12:05:30,647 - __main__ - INFO - Track result items: 4
2026-01-03 12:05:34,233 - scanner.com_scanner - INFO - Decoded text from scanner_1: 'https://manage.lemiex.us/track/21?stt=2&item_id=24&item_stt=2'
2026-01-03 12:05:34,233 - scanner.com_scanner - INFO - Scanner scanner_1 scan: https://manage.lemiex.us/track/21?stt=2&item_id=24&item_stt=2
2026-01-03 12:05:34,233 - __main__ - INFO - Scan received: https://manage.lemiex.us/track/21?stt=2&item_id=24&item_stt=2
2026-01-03 12:05:34,233 - __main__ - INFO - Calling track API: https://manage.lemiex.us/api/orders/track/21?stt=2&item_id=24&item_stt=2
2026-01-03 12:05:36,068 - __main__ - INFO - Track API response success, items count: 4
2026-01-03 12:05:36,069 - __main__ - INFO - Track result items: 4
2026-01-03 12:05:39,248 - scanner.com_scanner - INFO - Decoded text from scanner_1: 'https://manage.lemiex.us/track/21?stt=1&item_id=23&item_stt=1'
2026-01-03 12:05:39,248 - scanner.com_scanner - INFO - Scanner scanner_1 scan: https://manage.lemiex.us/track/21?stt=1&item_id=23&item_stt=1
2026-01-03 12:05:39,249 - __main__ - INFO - Scan received: https://manage.lemiex.us/track/21?stt=1&item_id=23&item_stt=1
2026-01-03 12:05:39,249 - __main__ - INFO - Calling track API: https://manage.lemiex.us/api/orders/track/21?stt=1&item_id=23&item_stt=1
2026-01-03 12:05:41,224 - __main__ - INFO - Track API response success, items count: 4
2026-01-03 12:05:41,225 - __main__ - INFO - Track result items: 4
2026-01-03 12:05:41,228 - __main__ - INFO - Calling Packing API: PUT https://manage.lemiex.us/api/orders/change-status-items
2026-01-03 12:05:41,229 - __main__ - INFO - Payload: {'item_id': '26', 'meta_key': 'front', 'status': True}
2026-01-03 12:05:42,365 - __main__ - INFO - Response status: 200
2026-01-03 12:05:42,366 - __main__ - INFO - Packing activated for item 26
2026-01-03 12:05:42,367 - __main__ - INFO - Calling Packing API: PUT https://manage.lemiex.us/api/orders/change-status-items
2026-01-03 12:05:42,371 - __main__ - INFO - Payload: {'item_id': '25', 'meta_key': 'front', 'status': True}
2026-01-03 12:05:43,502 - __main__ - INFO - Response status: 200
2026-01-03 12:05:43,503 - __main__ - INFO - Packing activated for item 25
2026-01-03 12:05:43,503 - __main__ - INFO - Calling Packing API: PUT https://manage.lemiex.us/api/orders/change-status-items
2026-01-03 12:05:43,503 - __main__ - INFO - Payload: {'item_id': '24', 'meta_key': 'front', 'status': True}
2026-01-03 12:05:44,656 - __main__ - INFO - Response status: 200
2026-01-03 12:05:44,656 - __main__ - INFO - Packing activated for item 24
2026-01-03 12:05:44,656 - __main__ - INFO - Calling Packing API: PUT https://manage.lemiex.us/api/orders/change-status-items
2026-01-03 12:05:44,656 - __main__ - INFO - Payload: {'item_id': '23', 'meta_key': 'front', 'status': True}
2026-01-03 12:05:45,884 - __main__ - INFO - Response status: 200
2026-01-03 12:05:45,884 - __main__ - INFO - Packing activated for item 23
2026-01-03 12:05:45,885 - __main__ - INFO - Packing activated for order 21: [{'item_id': '26', 'success': True}, {'item_id': '25', 'success': True}, {'item_id': '24', 'success': True}, {'item_id': '23', 'success': True}]
2026-01-03 12:05:45,891 - __main__ - INFO - Calling track API: https://manage.lemiex.us/api/orders/track/21
2026-01-03 12:05:48,106 - __main__ - INFO - Track API response success, items count: 4
2026-01-03 14:04:27,820 - __main__ - INFO - Starting Lemiex Order Manager (Eel UI)
2026-01-03 14:04:27,820 - __main__ - INFO - Starting as desktop app using Edge
2026-01-03 14:04:28,829 - __main__ - INFO - Desktop app launched with PID: 21812
2026-01-03 14:04:29,269 - geventwebsocket.handler - INFO - 127.0.0.1 - - [2026-01-03 14:04:29] "GET /index.html HTTP/1.1" 200 16760 0.000896
2026-01-03 14:04:29,274 - geventwebsocket.handler - INFO - 127.0.0.1 - - [2026-01-03 14:04:29] "GET /eel.js HTTP/1.1" 200 6476 0.000266
2026-01-03 14:04:29,285 - geventwebsocket.handler - INFO - 127.0.0.1 - - [2026-01-03 14:04:29] "GET /css/style.css HTTP/1.1" 200 9698 0.010700
2026-01-03 14:04:29,287 - geventwebsocket.handler - INFO - 127.0.0.1 - - [2026-01-03 14:04:29] "GET /js/app.js HTTP/1.1" 200 79730 0.000594
2026-01-03 14:04:29,800 - geventwebsocket.handler - INFO - 127.0.0.1 - - [2026-01-03 14:04:29] "GET /favicon.ico HTTP/1.1" 404 882 0.001990
2026-01-03 14:04:30,909 - __main__ - INFO - Auto-starting camera...
2026-01-03 14:04:30,909 - camera.camera_manager - INFO - Camera added: camera_0
2026-01-03 14:04:32,878 - camera.camera_manager - INFO - Camera camera_0 connected
2026-01-03 14:04:32,879 - camera.camera_manager - INFO - Camera camera_0 started
2026-01-03 14:04:32,879 - camera.camera_manager - INFO - Camera manager started with 1 cameras
2026-01-03 14:04:32,879 - __main__ - INFO - Auto-detecting scanner...
2026-01-03 14:04:32,912 - __main__ - INFO - Found COM3: {'port': 'COM3', 'description': 'USB Serial Device (COM3)', 'hwid': 'USB VID:PID=152A:880F SER=00000000050C LOCATION=1-4'}
2026-01-03 14:04:32,913 - scanner.scanner_manager - INFO - Scanner added: scanner_1 on COM3
2026-01-03 14:04:32,915 - scanner.com_scanner - INFO - Scanner scanner_1 connected on COM3
2026-01-03 14:04:32,916 - scanner.com_scanner - INFO - Scanner scanner_1 reading thread started
2026-01-03 14:04:32,916 - scanner.scanner_manager - INFO - Scanner manager started with 1 scanners
2026-01-03 14:04:32,917 - __main__ - INFO - Scanner started on COM3
2026-01-03 14:04:32,917 - __main__ - INFO - Auto-started scanner on COM3
2026-01-03 14:04:33,269 - __main__ - INFO - Recording limit set to: 12s
2026-01-03 14:04:33,271 - __main__ - INFO - Device states synced with frontend
2026-01-03 14:04:34,812 - camera.camera_manager - WARNING - Camera camera_0 too many failures, reconnecting...
2026-01-03 14:04:37,470 - camera.camera_manager - INFO - Camera camera_0 connected
2026-01-03 14:06:20,068 - scanner.com_scanner - INFO - Decoded text from scanner_1: 'https://manage.lemiex.us/track/21?stt=4&item_id=26&item_stt=4'
2026-01-03 14:06:20,069 - scanner.com_scanner - INFO - Scanner scanner_1 scan: https://manage.lemiex.us/track/21?stt=4&item_id=26&item_stt=4
2026-01-03 14:06:20,074 - __main__ - INFO - Scan received: https://manage.lemiex.us/track/21?stt=4&item_id=26&item_stt=4
2026-01-03 14:06:20,074 - __main__ - INFO - Calling track API: https://manage.lemiex.us/api/orders/track/21?stt=4&item_id=26&item_stt=4
2026-01-03 14:06:23,161 - __main__ - INFO - Track API response success, items count: 4
2026-01-03 14:06:23,161 - __main__ - INFO - Track result items: 4
2026-01-03 14:06:25,477 - scanner.com_scanner - INFO - Decoded text from scanner_1: 'https://manage.lemiex.us/track/21?stt=3&item_id=25&item_stt=3'
2026-01-03 14:06:25,477 - scanner.com_scanner - INFO - Scanner scanner_1 scan: https://manage.lemiex.us/track/21?stt=3&item_id=25&item_stt=3
2026-01-03 14:06:25,478 - __main__ - INFO - Scan received: https://manage.lemiex.us/track/21?stt=3&item_id=25&item_stt=3
2026-01-03 14:06:25,478 - __main__ - INFO - Calling track API: https://manage.lemiex.us/api/orders/track/21?stt=3&item_id=25&item_stt=3
2026-01-03 14:06:27,532 - __main__ - INFO - Track API response success, items count: 4
2026-01-03 14:06:27,533 - __main__ - INFO - Track result items: 4
2026-01-03 14:06:30,949 - scanner.com_scanner - INFO - Decoded text from scanner_1: 'https://manage.lemiex.us/track/21?stt=3&item_id=25&item_stt=3'
2026-01-03 14:06:30,949 - scanner.com_scanner - INFO - Scanner scanner_1 scan: https://manage.lemiex.us/track/21?stt=3&item_id=25&item_stt=3
2026-01-03 14:06:30,950 - __main__ - INFO - Scan received: https://manage.lemiex.us/track/21?stt=3&item_id=25&item_stt=3
2026-01-03 14:06:30,950 - __main__ - INFO - Calling track API: https://manage.lemiex.us/api/orders/track/21?stt=3&item_id=25&item_stt=3
2026-01-03 14:06:32,381 - __main__ - INFO - Track API response success, items count: 4
2026-01-03 14:06:32,382 - __main__ - INFO - Track result items: 4
2026-01-03 14:06:35,024 - scanner.com_scanner - INFO - Decoded text from scanner_1: 'https://manage.lemiex.us/track/21?stt=2&item_id=24&item_stt=2'
2026-01-03 14:06:35,025 - scanner.com_scanner - INFO - Scanner scanner_1 scan: https://manage.lemiex.us/track/21?stt=2&item_id=24&item_stt=2
2026-01-03 14:06:35,025 - __main__ - INFO - Scan received: https://manage.lemiex.us/track/21?stt=2&item_id=24&item_stt=2
2026-01-03 14:06:35,122 - __main__ - INFO - Calling track API: https://manage.lemiex.us/api/orders/track/21?stt=2&item_id=24&item_stt=2
2026-01-03 14:06:37,280 - __main__ - INFO - Track API response success, items count: 4
2026-01-03 14:06:37,280 - __main__ - INFO - Track result items: 4
2026-01-03 14:06:39,122 - scanner.com_scanner - INFO - Decoded text from scanner_1: 'https://manage.lemiex.us/track/21?stt=1&item_id=23&item_stt=1'
2026-01-03 14:06:39,123 - scanner.com_scanner - INFO - Scanner scanner_1 scan: https://manage.lemiex.us/track/21?stt=1&item_id=23&item_stt=1
2026-01-03 14:06:39,123 - __main__ - INFO - Scan received: https://manage.lemiex.us/track/21?stt=1&item_id=23&item_stt=1
2026-01-03 14:06:39,123 - __main__ - INFO - Calling track API: https://manage.lemiex.us/api/orders/track/21?stt=1&item_id=23&item_stt=1
2026-01-03 14:06:41,089 - __main__ - INFO - Track API response success, items count: 4
2026-01-03 14:06:41,091 - __main__ - INFO - Track result items: 4
2026-01-03 14:06:41,093 - __main__ - INFO - Calling Packing API: PUT https://manage.lemiex.us/api/orders/change-status-items
2026-01-03 14:06:41,093 - __main__ - INFO - Payload: {'item_id': '26', 'meta_key': 'front', 'status': True}
2026-01-03 14:06:42,191 - __main__ - INFO - Response status: 400
2026-01-03 14:06:42,192 - __main__ - INFO - Response body: {"code":400,"status":false,"message":"Order must pass QC before packing. Current status: packed","data":null}
2026-01-03 14:06:42,195 - __main__ - ERROR - Failed to activate packing for item 26: 400
2026-01-03 14:06:42,195 - __main__ - INFO - Calling Packing API: PUT https://manage.lemiex.us/api/orders/change-status-items
2026-01-03 14:06:42,195 - __main__ - INFO - Payload: {'item_id': '25', 'meta_key': 'front', 'status': True}
2026-01-03 14:06:43,315 - __main__ - INFO - Response status: 400
2026-01-03 14:06:43,315 - __main__ - INFO - Response body: {"code":400,"status":false,"message":"Order must pass QC before packing. Current status: packed","data":null}
2026-01-03 14:06:43,315 - __main__ - ERROR - Failed to activate packing for item 25: 400
2026-01-03 14:06:43,315 - __main__ - INFO - Calling Packing API: PUT https://manage.lemiex.us/api/orders/change-status-items
2026-01-03 14:06:43,316 - __main__ - INFO - Payload: {'item_id': '24', 'meta_key': 'front', 'status': True}
2026-01-03 14:06:44,407 - __main__ - INFO - Response status: 400
2026-01-03 14:06:44,407 - __main__ - INFO - Response body: {"code":400,"status":false,"message":"Order must pass QC before packing. Current status: packed","data":null}
2026-01-03 14:06:44,407 - __main__ - ERROR - Failed to activate packing for item 24: 400
2026-01-03 14:06:44,407 - __main__ - INFO - Calling Packing API: PUT https://manage.lemiex.us/api/orders/change-status-items
2026-01-03 14:06:44,407 - __main__ - INFO - Payload: {'item_id': '23', 'meta_key': 'front', 'status': True}
2026-01-03 14:06:45,597 - __main__ - INFO - Response status: 400
2026-01-03 14:06:45,597 - __main__ - INFO - Response body: {"code":400,"status":false,"message":"Order must pass QC before packing. Current status: packed","data":null}
2026-01-03 14:06:45,597 - __main__ - ERROR - Failed to activate packing for item 23: 400
2026-01-03 14:06:45,597 - __main__ - INFO - Packing activated for order 21: [{'item_id': '26', 'success': False}, {'item_id': '25', 'success': False}, {'item_id': '24', 'success': False}, {'item_id': '23', 'success': False}]
2026-01-03 14:06:50,927 - geventwebsocket.handler - INFO - 127.0.0.1 - - [2026-01-03 14:06:50] "GET /css/style.css HTTP/1.1" 200 9698 0.000714
2026-01-03 14:06:50,929 - geventwebsocket.handler - INFO - 127.0.0.1 - - [2026-01-03 14:06:50] "GET /.well-known/appspecific/com.chrome.devtools.json HTTP/1.1" 404 919 0.000317
2026-01-03 14:11:17,643 - __main__ - INFO - Starting Lemiex Order Manager (Eel UI)
2026-01-03 14:11:17,644 - __main__ - INFO - Starting as desktop app using Edge
2026-01-03 14:11:18,653 - __main__ - INFO - Desktop app launched with PID: 165784
2026-01-03 14:11:19,094 - geventwebsocket.handler - INFO - 127.0.0.1 - - [2026-01-03 14:11:19] "GET /index.html HTTP/1.1" 200 16760 0.000984
2026-01-03 14:11:19,103 - geventwebsocket.handler - INFO - 127.0.0.1 - - [2026-01-03 14:11:19] "GET /eel.js HTTP/1.1" 200 6476 0.000328
2026-01-03 14:11:19,106 - geventwebsocket.handler - INFO - 127.0.0.1 - - [2026-01-03 14:11:19] "GET /css/style.css HTTP/1.1" 200 9698 0.000700
2026-01-03 14:11:19,109 - geventwebsocket.handler - INFO - 127.0.0.1 - - [2026-01-03 14:11:19] "GET /js/app.js HTTP/1.1" 200 79730 0.000775
2026-01-03 14:11:19,304 - geventwebsocket.handler - INFO - 127.0.0.1 - - [2026-01-03 14:11:19] "GET /favicon.ico HTTP/1.1" 404 882 0.001909
2026-01-03 14:11:20,695 - __main__ - INFO - Auto-starting camera...
2026-01-03 14:11:20,696 - camera.camera_manager - INFO - Camera added: camera_0
2026-01-03 14:11:22,713 - camera.camera_manager - INFO - Camera camera_0 connected
2026-01-03 14:11:22,714 - camera.camera_manager - INFO - Camera camera_0 started
2026-01-03 14:11:22,714 - camera.camera_manager - INFO - Camera manager started with 1 cameras
2026-01-03 14:11:22,714 - __main__ - INFO - Auto-detecting scanner...
2026-01-03 14:11:22,719 - __main__ - INFO - Found COM3: {'port': 'COM3', 'description': 'USB Serial Device (COM3)', 'hwid': 'USB VID:PID=152A:880F SER=00000000050C LOCATION=1-4'}
2026-01-03 14:11:22,720 - scanner.scanner_manager - INFO - Scanner added: scanner_1 on COM3
2026-01-03 14:11:22,722 - scanner.com_scanner - INFO - Scanner scanner_1 connected on COM3
2026-01-03 14:11:22,722 - scanner.com_scanner - INFO - Scanner scanner_1 reading thread started
2026-01-03 14:11:22,722 - scanner.scanner_manager - INFO - Scanner manager started with 1 scanners
2026-01-03 14:11:22,723 - __main__ - INFO - Scanner started on COM3
2026-01-03 14:11:22,723 - __main__ - INFO - Auto-started scanner on COM3
2026-01-03 14:11:23,137 - __main__ - INFO - Recording limit set to: 12s
2026-01-03 14:11:23,138 - __main__ - INFO - Device states synced with frontend
2026-01-03 14:11:24,658 - camera.camera_manager - WARNING - Camera camera_0 too many failures, reconnecting...
2026-01-03 14:11:27,011 - camera.camera_manager - INFO - Camera camera_0 connected
2026-01-03 14:11:52,232 - scanner.com_scanner - INFO - Decoded text from scanner_1: 'https://manage.lemiex.us/track/18?stt=1&item_id=17&item_stt=1'
2026-01-03 14:11:52,232 - scanner.com_scanner - INFO - Scanner scanner_1 scan: https://manage.lemiex.us/track/18?stt=1&item_id=17&item_stt=1
2026-01-03 14:11:52,233 - __main__ - INFO - Scan received: https://manage.lemiex.us/track/18?stt=1&item_id=17&item_stt=1
2026-01-03 14:11:52,233 - __main__ - INFO - Calling track API: https://manage.lemiex.us/api/orders/track/18?stt=1&item_id=17&item_stt=1
2026-01-03 14:11:54,697 - __main__ - INFO - Track API response success, items count: 1
2026-01-03 14:11:54,697 - __main__ - INFO - Track result items: 1
2026-01-03 14:11:54,699 - __main__ - INFO - Calling Packing API: PUT https://manage.lemiex.us/api/orders/change-status-items
2026-01-03 14:11:54,700 - __main__ - INFO - Payload: {'item_id': '17', 'meta_key': 'front', 'status': True}
2026-01-03 14:11:55,881 - __main__ - INFO - Response status: 200
2026-01-03 14:11:55,881 - __main__ - INFO - Packing activated for item 17
2026-01-03 14:11:55,881 - __main__ - INFO - Packing activated for order 18: [{'item_id': '17', 'success': True}]
2026-01-03 14:11:55,882 - __main__ - INFO - Calling track API: https://manage.lemiex.us/api/orders/track/18
2026-01-03 14:11:57,143 - __main__ - INFO - Track API response success, items count: 1
2026-01-03 14:12:14,542 - geventwebsocket.handler - INFO - 127.0.0.1 - - [2026-01-03 14:12:14] "GET /css/style.css HTTP/1.1" 200 9698 0.000803
2026-01-03 14:12:14,556 - geventwebsocket.handler - INFO - 127.0.0.1 - - [2026-01-03 14:12:14] "GET /.well-known/appspecific/com.chrome.devtools.json HTTP/1.1" 404 919 0.000461
2026-01-03 14:28:33,476 - __main__ - INFO - Starting Lemiex Order Manager (Eel UI)
2026-01-03 14:28:33,476 - __main__ - INFO - Starting as desktop app using Edge
2026-01-03 14:28:34,491 - __main__ - INFO - Desktop app launched with PID: 19652
2026-01-03 14:28:34,981 - geventwebsocket.handler - INFO - 127.0.0.1 - - [2026-01-03 14:28:34] "GET /index.html HTTP/1.1" 200 16760 0.000731
2026-01-03 14:28:34,987 - geventwebsocket.handler - INFO - 127.0.0.1 - - [2026-01-03 14:28:34] "GET /eel.js HTTP/1.1" 200 6587 0.000299
2026-01-03 14:28:34,989 - geventwebsocket.handler - INFO - 127.0.0.1 - - [2026-01-03 14:28:34] "GET /css/style.css HTTP/1.1" 200 9698 0.000526
2026-01-03 14:28:34,991 - geventwebsocket.handler - INFO - 127.0.0.1 - - [2026-01-03 14:28:34] "GET /js/app.js HTTP/1.1" 200 81303 0.000666
2026-01-03 14:28:35,177 - geventwebsocket.handler - INFO - 127.0.0.1 - - [2026-01-03 14:28:35] "GET /favicon.ico HTTP/1.1" 404 882 0.002053
2026-01-03 14:28:36,586 - __main__ - INFO - Auto-starting camera...
2026-01-03 14:28:36,586 - camera.camera_manager - INFO - Camera added: camera_0
2026-01-03 14:28:38,874 - camera.camera_manager - INFO - Camera camera_0 connected
2026-01-03 14:28:38,875 - camera.camera_manager - INFO - Camera camera_0 started
2026-01-03 14:28:38,875 - camera.camera_manager - INFO - Camera manager started with 1 cameras
2026-01-03 14:28:38,876 - __main__ - INFO - Auto-detecting scanner...
2026-01-03 14:28:38,885 - __main__ - INFO - Found COM3: {'port': 'COM3', 'description': 'USB Serial Device (COM3)', 'hwid': 'USB VID:PID=152A:880F SER=00000000050C LOCATION=1-4'}
2026-01-03 14:28:38,886 - scanner.scanner_manager - INFO - Scanner added: scanner_1 on COM3
2026-01-03 14:28:38,888 - scanner.com_scanner - INFO - Scanner scanner_1 connected on COM3
2026-01-03 14:28:38,888 - scanner.com_scanner - INFO - Scanner scanner_1 reading thread started
2026-01-03 14:28:38,889 - scanner.scanner_manager - INFO - Scanner manager started with 1 scanners
2026-01-03 14:28:38,889 - __main__ - INFO - Scanner started on COM3
2026-01-03 14:28:38,889 - __main__ - INFO - Auto-started scanner on COM3
2026-01-03 14:28:39,237 - __main__ - INFO - Recording limit set to: 12s
2026-01-03 14:28:39,239 - __main__ - INFO - Device states synced with frontend
2026-01-03 14:28:40,815 - camera.camera_manager - WARNING - Camera camera_0 too many failures, reconnecting...
2026-01-03 14:28:43,441 - camera.camera_manager - INFO - Camera camera_0 connected
2026-01-03 14:28:44,766 - __main__ - INFO - Recording limit set to: 15s
2026-01-03 14:29:36,758 - scanner.com_scanner - INFO - Decoded text from scanner_1: 'https://manage.lemiex.us/track/19?stt=2&item_id=19&item_stt=2'
2026-01-03 14:29:36,758 - scanner.com_scanner - INFO - Scanner scanner_1 scan: https://manage.lemiex.us/track/19?stt=2&item_id=19&item_stt=2
2026-01-03 14:29:36,759 - __main__ - INFO - Scan received: https://manage.lemiex.us/track/19?stt=2&item_id=19&item_stt=2
2026-01-03 14:29:36,759 - __main__ - INFO - Calling track API: https://manage.lemiex.us/api/orders/track/19?stt=2&item_id=19&item_stt=2
2026-01-03 14:29:39,122 - __main__ - INFO - Track API response success, items count: 2
2026-01-03 14:29:39,123 - __main__ - INFO - Track result items: 2
2026-01-03 14:29:39,375 - camera.camera_manager - INFO - Camera camera_0 started recording: D:\2025 Code\Lemiex-app-qc\temp_videos\packing_19_20260103_142939.mp4 at (1280, 720))
2026-01-03 14:29:39,375 - __main__ - INFO - Packing recording started: D:\2025 Code\Lemiex-app-qc\temp_videos\packing_19_20260103_142939.mp4 (limit: 25s for 2 items)
2026-01-03 14:29:43,096 - scanner.com_scanner - INFO - Decoded text from scanner_1: 'https://manage.lemiex.us/track/19?stt=1&item_id=18&item_stt=1'
2026-01-03 14:29:43,096 - scanner.com_scanner - INFO - Scanner scanner_1 scan: https://manage.lemiex.us/track/19?stt=1&item_id=18&item_stt=1
2026-01-03 14:29:43,096 - __main__ - INFO - Scan received: https://manage.lemiex.us/track/19?stt=1&item_id=18&item_stt=1
2026-01-03 14:29:43,097 - __main__ - INFO - Calling track API: https://manage.lemiex.us/api/orders/track/19?stt=1&item_id=18&item_stt=1
2026-01-03 14:29:44,665 - __main__ - INFO - Track API response success, items count: 2
2026-01-03 14:29:44,666 - __main__ - INFO - Track result items: 2
2026-01-03 14:29:44,670 - __main__ - INFO - Calling Packing API: PUT https://manage.lemiex.us/api/orders/change-status-items
2026-01-03 14:29:44,670 - __main__ - INFO - Payload: {'item_id': '19', 'meta_key': 'front', 'status': True}
2026-01-03 14:29:45,794 - __main__ - INFO - Response status: 200
2026-01-03 14:29:45,794 - __main__ - INFO - Packing activated for item 19
2026-01-03 14:29:45,794 - __main__ - INFO - Calling Packing API: PUT https://manage.lemiex.us/api/orders/change-status-items
2026-01-03 14:29:45,794 - __main__ - INFO - Payload: {'item_id': '18', 'meta_key': 'front', 'status': True}
2026-01-03 14:29:46,965 - __main__ - INFO - Response status: 200
2026-01-03 14:29:46,970 - __main__ - INFO - Packing activated for item 18
2026-01-03 14:29:46,989 - __main__ - INFO - Packing activated for order 19: [{'item_id': '19', 'success': True}, {'item_id': '18', 'success': True}]
2026-01-03 14:29:47,007 - __main__ - INFO - Calling track API: https://manage.lemiex.us/api/orders/track/19
2026-01-03 14:29:49,420 - __main__ - INFO - Track API response success, items count: 2
2026-01-03 14:30:04,408 - __main__ - INFO - Packing recording limit reached: 25s >= 25s
2026-01-03 14:30:04,415 - camera.camera_manager - INFO - Camera camera_0 stopped recording
2026-01-03 14:30:05,604 - camera.camera_manager - INFO - Converting video to H.264: D:\2025 Code\Lemiex-app-qc\temp_videos\packing_19_20260103_142939.mp4 -> D:\2025 Code\Lemiex-app-qc\temp_videos\packing_19_20260103_142939_h264.mp4
2026-01-03 14:30:07,679 - camera.camera_manager - INFO - Video converted successfully: D:\2025 Code\Lemiex-app-qc\temp_videos\packing_19_20260103_142939.mp4
2026-01-03 14:30:07,679 - __main__ - INFO - Packing recording stopped: D:\2025 Code\Lemiex-app-qc\temp_videos\packing_19_20260103_142939.mp4
2026-01-03 14:30:07,680 - __main__ - INFO - Video queued for upload. Queue size: 1
2026-01-03 14:30:07,681 - __main__ - INFO - Uploading video to API: D:\2025 Code\Lemiex-app-qc\temp_videos\packing_19_20260103_142939.mp4
2026-01-03 14:30:07,683 - __main__ - INFO - Video API payload: order_id=19, order_item_id=0, file=packing_19_20260103_142939.mp4, size=3489852
2026-01-03 14:30:11,304 - __main__ - INFO - Video API response: 400
2026-01-03 14:30:11,304 - __main__ - ERROR - Video API error body: {"code":400,"status":false,"message":"Validation failed","errors":{"order_item_id":["The selected order item id is invalid."]}}
2026-01-03 14:47:01,907 - __main__ - INFO - Starting Lemiex Order Manager (Eel UI)
2026-01-03 14:47:01,908 - __main__ - INFO - Starting as desktop app using Edge
2026-01-03 14:47:02,920 - __main__ - INFO - Desktop app launched with PID: 553880
2026-01-03 14:47:03,357 - geventwebsocket.handler - INFO - 127.0.0.1 - - [2026-01-03 14:47:03] "GET /index.html HTTP/1.1" 200 16760 0.000947
2026-01-03 14:47:03,365 - geventwebsocket.handler - INFO - 127.0.0.1 - - [2026-01-03 14:47:03] "GET /eel.js HTTP/1.1" 200 6587 0.000286
2026-01-03 14:47:03,368 - geventwebsocket.handler - INFO - 127.0.0.1 - - [2026-01-03 14:47:03] "GET /css/style.css HTTP/1.1" 200 9698 0.000952
2026-01-03 14:47:03,371 - geventwebsocket.handler - INFO - 127.0.0.1 - - [2026-01-03 14:47:03] "GET /js/app.js HTTP/1.1" 200 81401 0.000758
2026-01-03 14:47:03,568 - geventwebsocket.handler - INFO - 127.0.0.1 - - [2026-01-03 14:47:03] "GET /favicon.ico HTTP/1.1" 404 882 0.003870
2026-01-03 14:47:05,001 - __main__ - INFO - Auto-starting camera...
2026-01-03 14:47:05,002 - camera.camera_manager - INFO - Camera added: camera_0
2026-01-03 14:47:07,295 - camera.camera_manager - INFO - Camera camera_0 connected
2026-01-03 14:47:07,296 - camera.camera_manager - INFO - Camera camera_0 started
2026-01-03 14:47:07,296 - camera.camera_manager - INFO - Camera manager started with 1 cameras
2026-01-03 14:47:07,296 - __main__ - INFO - Auto-detecting scanner...
2026-01-03 14:47:07,304 - __main__ - INFO - Found COM3: {'port': 'COM3', 'description': 'USB Serial Device (COM3)', 'hwid': 'USB VID:PID=152A:880F SER=00000000050C LOCATION=1-4'}
2026-01-03 14:47:07,304 - scanner.scanner_manager - INFO - Scanner added: scanner_1 on COM3
2026-01-03 14:47:07,306 - scanner.com_scanner - INFO - Scanner scanner_1 connected on COM3
2026-01-03 14:47:07,306 - scanner.com_scanner - INFO - Scanner scanner_1 reading thread started
2026-01-03 14:47:07,306 - scanner.scanner_manager - INFO - Scanner manager started with 1 scanners
2026-01-03 14:47:07,307 - __main__ - INFO - Scanner started on COM3
2026-01-03 14:47:07,307 - __main__ - INFO - Auto-started scanner on COM3
2026-01-03 14:47:07,681 - __main__ - INFO - Recording limit set to: 15s
2026-01-03 14:47:07,683 - __main__ - INFO - Device states synced with frontend
2026-01-03 14:47:09,236 - camera.camera_manager - WARNING - Camera camera_0 too many failures, reconnecting...
2026-01-03 14:47:11,950 - camera.camera_manager - INFO - Camera camera_0 connected
2026-01-03 14:47:35,384 - core.auth_manager - INFO - User logged out
2026-01-03 14:47:35,783 - camera.camera_manager - INFO - Camera camera_0 stopped
2026-01-03 14:47:35,784 - camera.camera_manager - INFO - Camera manager stopped
2026-01-03 14:47:44,219 - core.auth_manager - ERROR - Login failed: Token không được trả về từ server
2026-01-03 14:47:48,552 - core.auth_manager - INFO - User logged in: qc@lemiex.com
2026-01-03 14:47:48,553 - __main__ - INFO - User logged in: qc@lemiex.com
2026-01-03 14:47:48,553 - __main__ - INFO - Auto-starting camera...
2026-01-03 14:47:50,898 - camera.camera_manager - INFO - Camera camera_0 connected
2026-01-03 14:47:50,899 - camera.camera_manager - INFO - Camera camera_0 started
2026-01-03 14:47:50,899 - camera.camera_manager - INFO - Camera manager started with 1 cameras
2026-01-03 14:47:50,900 - __main__ - INFO - Auto-detecting scanner...
2026-01-03 14:47:50,905 - __main__ - INFO - Found COM3: {'port': 'COM3', 'description': 'USB Serial Device (COM3)', 'hwid': 'USB VID:PID=152A:880F SER=00000000050C LOCATION=1-4'}
2026-01-03 14:47:50,905 - __main__ - INFO - Scanner already connected
2026-01-03 14:48:01,167 - scanner.com_scanner - INFO - Decoded text from scanner_1: 'https://manage.lemiex.us/track/23?stt=2&item_id=30&item_stt=2'
2026-01-03 14:48:01,167 - scanner.com_scanner - INFO - Scanner scanner_1 scan: https://manage.lemiex.us/track/23?stt=2&item_id=30&item_stt=2
2026-01-03 14:48:01,168 - __main__ - INFO - Scan received: https://manage.lemiex.us/track/23?stt=2&item_id=30&item_stt=2
2026-01-03 14:48:01,168 - __main__ - INFO - Calling track API: https://manage.lemiex.us/api/orders/track/23?stt=2&item_id=30&item_stt=2
2026-01-03 14:48:03,083 - __main__ - INFO - Track API response success, items count: 2
2026-01-03 14:48:03,083 - __main__ - INFO - Track result items: 2
2026-01-03 14:48:05,801 - camera.camera_manager - INFO - Camera camera_0 started recording: D:\2025 Code\Lemiex-app-qc\temp_videos\qc_23_30_20260103_144805.mp4 at (1280, 720))
2026-01-03 14:48:05,801 - __main__ - INFO - QC recording started: D:\2025 Code\Lemiex-app-qc\temp_videos\qc_23_30_20260103_144805.mp4
2026-01-03 14:48:05,801 - __main__ - INFO - Calling QC API: PUT https://manage.lemiex.us/api/orders/change-status-items
2026-01-03 14:48:05,802 - __main__ - INFO - Payload: {'item_id': 30, 'meta_key': 'front', 'status': True}
2026-01-03 14:48:07,332 - __main__ - INFO - Response status: 200
2026-01-03 14:48:07,332 - __main__ - INFO - QC activated for item 30, position: front
2026-01-03 14:48:12,760 - __main__ - INFO - Calling track API: https://manage.lemiex.us/api/orders/track/23?item_id=30
2026-01-03 14:48:14,546 - __main__ - INFO - Track API response success, items count: 2
2026-01-03 14:48:20,802 - __main__ - INFO - Recording limit reached: 15s >= 15s
2026-01-03 14:48:20,803 - __main__ - INFO - Stopping QC recording for order 23
2026-01-03 14:48:20,807 - camera.camera_manager - INFO - Camera camera_0 stopped recording
2026-01-03 14:48:20,999 - camera.camera_manager - INFO - Converting video to H.264: D:\2025 Code\Lemiex-app-qc\temp_videos\qc_23_30_20260103_144805.mp4 -> D:\2025 Code\Lemiex-app-qc\temp_videos\qc_23_30_20260103_144805_h264.mp4
2026-01-03 14:48:22,491 - camera.camera_manager - INFO - Video converted successfully: D:\2025 Code\Lemiex-app-qc\temp_videos\qc_23_30_20260103_144805.mp4
2026-01-03 14:48:22,491 - __main__ - INFO - QC recording stopped: D:\2025 Code\Lemiex-app-qc\temp_videos\qc_23_30_20260103_144805.mp4
2026-01-03 14:48:22,492 - __main__ - INFO - Video queued for upload. Queue size: 1
2026-01-03 14:48:22,493 - __main__ - INFO - Uploading video to API: D:\2025 Code\Lemiex-app-qc\temp_videos\qc_23_30_20260103_144805.mp4
2026-01-03 14:48:22,495 - __main__ - INFO - Video API payload: order_id=23, order_item_id=30, file=qc_23_30_20260103_144805.mp4, size=2343432
2026-01-03 14:48:26,234 - __main__ - INFO - Video API response: 200
2026-01-03 14:48:26,234 - __main__ - INFO - Video saved successfully: 
2026-01-03 14:48:37,613 - __main__ - WARNING - No recording to stop
2026-01-03 14:48:44,704 - camera.camera_manager - WARNING - Camera camera_0 too many failures, reconnecting...
2026-01-03 14:48:47,469 - camera.camera_manager - INFO - Camera camera_0 connected
2026-01-03 14:48:48,870 - __main__ - INFO - Camera selected: 1
2026-01-03 14:48:49,331 - camera.camera_manager - INFO - Camera camera_0 stopped
2026-01-03 14:48:49,331 - camera.camera_manager - INFO - Camera manager stopped
2026-01-03 14:48:49,634 - camera.camera_manager - INFO - Camera camera_0 stopped
2026-01-03 14:48:49,634 - camera.camera_manager - INFO - Camera removed: camera_0
2026-01-03 14:48:49,635 - camera.camera_manager - INFO - Camera added: camera_1
2026-01-03 14:48:51,828 - camera.camera_manager - INFO - Camera camera_1 connected
2026-01-03 14:48:51,829 - camera.camera_manager - INFO - Camera camera_1 started
2026-01-03 14:48:51,829 - camera.camera_manager - INFO - Camera manager started with 1 cameras
2026-01-03 14:49:00,905 - scanner.com_scanner - INFO - Decoded text from scanner_1: 'https://manage.lemiex.us/track/23?stt=1&item_id=29&item_stt=1'
2026-01-03 14:49:00,905 - scanner.com_scanner - INFO - Scanner scanner_1 scan: https://manage.lemiex.us/track/23?stt=1&item_id=29&item_stt=1
2026-01-03 14:49:00,905 - __main__ - INFO - Scan received: https://manage.lemiex.us/track/23?stt=1&item_id=29&item_stt=1
2026-01-03 14:49:00,906 - __main__ - INFO - Calling track API: https://manage.lemiex.us/api/orders/track/23?stt=1&item_id=29&item_stt=1
2026-01-03 14:49:02,553 - __main__ - INFO - Track API response success, items count: 2
2026-01-03 14:49:02,554 - __main__ - INFO - Track result items: 2
2026-01-03 14:49:04,814 - camera.camera_manager - INFO - Camera camera_1 started recording: D:\2025 Code\Lemiex-app-qc\temp_videos\qc_23_29_20260103_144904.mp4 at (1920, 1080))
2026-01-03 14:49:04,820 - __main__ - INFO - QC recording started: D:\2025 Code\Lemiex-app-qc\temp_videos\qc_23_29_20260103_144904.mp4
2026-01-03 14:49:04,833 - __main__ - INFO - Calling QC API: PUT https://manage.lemiex.us/api/orders/change-status-items
2026-01-03 14:49:04,835 - __main__ - INFO - Payload: {'item_id': 29, 'meta_key': 'front', 'status': True}
2026-01-03 14:49:06,150 - __main__ - INFO - Response status: 200
2026-01-03 14:49:06,150 - __main__ - INFO - QC activated for item 29, position: front
2026-01-03 14:49:12,707 - __main__ - INFO - Calling track API: https://manage.lemiex.us/api/orders/track/23?item_id=29
2026-01-03 14:49:14,571 - __main__ - INFO - Track API response success, items count: 2
2026-01-03 14:49:19,808 - __main__ - INFO - Recording limit reached: 15s >= 15s
2026-01-03 14:49:19,809 - __main__ - INFO - Stopping QC recording for order 23
2026-01-03 14:49:19,821 - camera.camera_manager - INFO - Camera camera_1 stopped recording
2026-01-03 14:49:19,822 - camera.camera_manager - INFO - Converting video to H.264: D:\2025 Code\Lemiex-app-qc\temp_videos\qc_23_29_20260103_144904.mp4 -> D:\2025 Code\Lemiex-app-qc\temp_videos\qc_23_29_20260103_144904_h264.mp4
2026-01-03 14:49:22,467 - camera.camera_manager - INFO - Video converted successfully: D:\2025 Code\Lemiex-app-qc\temp_videos\qc_23_29_20260103_144904.mp4
2026-01-03 14:49:22,468 - __main__ - INFO - QC recording stopped: D:\2025 Code\Lemiex-app-qc\temp_videos\qc_23_29_20260103_144904.mp4
2026-01-03 14:49:22,468 - __main__ - INFO - Video queued for upload. Queue size: 1
2026-01-03 14:49:22,468 - __main__ - INFO - Uploading video to API: D:\2025 Code\Lemiex-app-qc\temp_videos\qc_23_29_20260103_144904.mp4
2026-01-03 14:49:22,469 - __main__ - INFO - Video API payload: order_id=23, order_item_id=29, file=qc_23_29_20260103_144904.mp4, size=11591437
2026-01-03 14:49:27,532 - __main__ - INFO - Video API response: 200
2026-01-03 14:49:27,532 - __main__ - INFO - Video saved successfully: 
2026-01-03 14:49:56,617 - __main__ - WARNING - No recording to stop
2026-01-03 14:50:05,337 - core.auth_manager - INFO - User logged out
2026-01-03 14:50:05,657 - camera.camera_manager - INFO - Camera camera_1 stopped
2026-01-03 14:50:05,658 - camera.camera_manager - INFO - Camera manager stopped
2026-01-03 14:50:10,456 - core.auth_manager - INFO - User logged in: packing@lemiex.com
2026-01-03 14:50:10,457 - __main__ - INFO - User logged in: packing@lemiex.com
2026-01-03 14:50:10,457 - __main__ - INFO - Auto-starting camera...
2026-01-03 14:50:13,251 - camera.camera_manager - INFO - Camera camera_1 connected
2026-01-03 14:50:13,252 - camera.camera_manager - INFO - Camera camera_1 started
2026-01-03 14:50:13,252 - camera.camera_manager - INFO - Camera manager started with 1 cameras
2026-01-03 14:50:13,253 - __main__ - INFO - Auto-detecting scanner...
2026-01-03 14:50:13,261 - __main__ - INFO - Found COM3: {'port': 'COM3', 'description': 'USB Serial Device (COM3)', 'hwid': 'USB VID:PID=152A:880F SER=00000000050C LOCATION=1-4'}
2026-01-03 14:50:13,261 - __main__ - INFO - Scanner already connected
2026-01-03 14:50:13,880 - core.auth_manager - INFO - User logged in: packing@lemiex.com
2026-01-03 14:50:13,889 - __main__ - INFO - User logged in: packing@lemiex.com
2026-01-03 14:50:13,898 - __main__ - INFO - Camera already active, restarting stream for new connection
2026-01-03 14:50:13,912 - __main__ - INFO - Restarting camera for new connection...
2026-01-03 14:50:14,317 - camera.camera_manager - INFO - Camera camera_1 stopped
2026-01-03 14:50:14,318 - camera.camera_manager - INFO - Camera manager stopped
2026-01-03 14:50:17,955 - camera.camera_manager - INFO - Camera camera_1 connected
2026-01-03 14:50:17,956 - camera.camera_manager - INFO - Camera camera_1 started
2026-01-03 14:50:17,957 - camera.camera_manager - INFO - Camera manager started with 1 cameras
2026-01-03 14:50:17,958 - __main__ - INFO - Camera fully restarted for new connection
2026-01-03 14:50:17,965 - __main__ - INFO - Auto-detecting scanner...
2026-01-03 14:50:18,001 - __main__ - INFO - Found COM3: {'port': 'COM3', 'description': 'USB Serial Device (COM3)', 'hwid': 'USB VID:PID=152A:880F SER=00000000050C LOCATION=1-4'}
2026-01-03 14:50:18,001 - __main__ - INFO - Scanner already connected
2026-01-03 14:50:21,235 - scanner.com_scanner - INFO - Decoded text from scanner_1: 'https://manage.lemiex.us/track/23?stt=2&item_id=30&item_stt=2'
2026-01-03 14:50:21,235 - scanner.com_scanner - INFO - Scanner scanner_1 scan: https://manage.lemiex.us/track/23?stt=2&item_id=30&item_stt=2
2026-01-03 14:50:21,235 - __main__ - INFO - Scan received: https://manage.lemiex.us/track/23?stt=2&item_id=30&item_stt=2
2026-01-03 14:50:21,235 - __main__ - INFO - Calling track API: https://manage.lemiex.us/api/orders/track/23?stt=2&item_id=30&item_stt=2
2026-01-03 14:50:22,873 - __main__ - INFO - Track API response success, items count: 2
2026-01-03 14:50:22,873 - __main__ - INFO - Track result items: 2
2026-01-03 14:50:22,889 - camera.camera_manager - INFO - Camera camera_1 started recording: D:\2025 Code\Lemiex-app-qc\temp_videos\packing_23_20260103_145022.mp4 at (1920, 1080))
2026-01-03 14:50:22,889 - __main__ - INFO - Packing recording started: D:\2025 Code\Lemiex-app-qc\temp_videos\packing_23_20260103_145022.mp4 (limit: 25s for 2 items)
2026-01-03 14:50:26,615 - scanner.com_scanner - INFO - Decoded text from scanner_1: 'https://manage.lemiex.us/track/23?stt=1&item_id=29&item_stt=1'
2026-01-03 14:50:26,615 - scanner.com_scanner - INFO - Scanner scanner_1 scan: https://manage.lemiex.us/track/23?stt=1&item_id=29&item_stt=1
2026-01-03 14:50:26,616 - __main__ - INFO - Scan received: https://manage.lemiex.us/track/23?stt=1&item_id=29&item_stt=1
2026-01-03 14:50:26,616 - __main__ - INFO - Calling track API: https://manage.lemiex.us/api/orders/track/23?stt=1&item_id=29&item_stt=1
2026-01-03 14:50:29,390 - __main__ - INFO - Track API response success, items count: 2
2026-01-03 14:50:29,390 - __main__ - INFO - Track result items: 2
2026-01-03 14:50:29,392 - __main__ - INFO - Calling Packing API: PUT https://manage.lemiex.us/api/orders/change-status-items
2026-01-03 14:50:29,392 - __main__ - INFO - Payload: {'item_id': '30', 'meta_key': 'front', 'status': True}
2026-01-03 14:50:30,525 - __main__ - INFO - Response status: 200
2026-01-03 14:50:30,525 - __main__ - INFO - Packing activated for item 30
2026-01-03 14:50:30,526 - __main__ - INFO - Calling Packing API: PUT https://manage.lemiex.us/api/orders/change-status-items
2026-01-03 14:50:30,526 - __main__ - INFO - Payload: {'item_id': '29', 'meta_key': 'front', 'status': True}
2026-01-03 14:50:31,676 - __main__ - INFO - Response status: 200
2026-01-03 14:50:31,676 - __main__ - INFO - Packing activated for item 29
2026-01-03 14:50:31,676 - __main__ - INFO - Packing activated for order 23: [{'item_id': '30', 'success': True}, {'item_id': '29', 'success': True}]
2026-01-03 14:50:31,678 - __main__ - INFO - Calling track API: https://manage.lemiex.us/api/orders/track/23
2026-01-03 14:50:33,290 - __main__ - INFO - Track API response success, items count: 2
2026-01-03 14:50:48,070 - __main__ - INFO - Packing recording limit reached: 25s >= 25s
2026-01-03 14:50:48,074 - camera.camera_manager - INFO - Camera camera_1 stopped recording
2026-01-03 14:50:48,074 - camera.camera_manager - INFO - Converting video to H.264: D:\2025 Code\Lemiex-app-qc\temp_videos\packing_23_20260103_145022.mp4 -> D:\2025 Code\Lemiex-app-qc\temp_videos\packing_23_20260103_145022_h264.mp4
2026-01-03 14:50:57,228 - camera.camera_manager - INFO - Video converted successfully: D:\2025 Code\Lemiex-app-qc\temp_videos\packing_23_20260103_145022.mp4
2026-01-03 14:50:57,228 - __main__ - INFO - Packing recording stopped: D:\2025 Code\Lemiex-app-qc\temp_videos\packing_23_20260103_145022.mp4
2026-01-03 14:50:57,229 - __main__ - INFO - Video queued for upload. Queue size: 1
2026-01-03 14:50:57,229 - __main__ - INFO - Uploading video to API: D:\2025 Code\Lemiex-app-qc\temp_videos\packing_23_20260103_145022.mp4
2026-01-03 14:50:57,231 - __main__ - INFO - Video API payload: order_id=23, order_item_id=30, file=packing_23_20260103_145022.mp4, size=18522944
2026-01-03 14:51:04,509 - __main__ - INFO - Video API response: 200
2026-01-03 14:51:04,509 - __main__ - INFO - Video saved successfully: 
2026-01-03 17:21:04,890 - __main__ - INFO - Starting Lemiex Order Manager (Eel UI)
2026-01-03 17:21:04,895 - __main__ - INFO - Starting as desktop app using Edge
2026-01-03 17:21:05,905 - __main__ - INFO - Desktop app launched with PID: 522932
2026-01-03 17:21:06,536 - geventwebsocket.handler - INFO - 127.0.0.1 - - [2026-01-03 17:21:06] "GET /index.html HTTP/1.1" 200 16760 0.001759
2026-01-03 17:21:06,543 - geventwebsocket.handler - INFO - 127.0.0.1 - - [2026-01-03 17:21:06] "GET /eel.js HTTP/1.1" 200 6649 0.000294
2026-01-03 17:21:06,550 - geventwebsocket.handler - INFO - 127.0.0.1 - - [2026-01-03 17:21:06] "GET /css/style.css HTTP/1.1" 200 9698 0.005790
2026-01-03 17:21:06,551 - geventwebsocket.handler - INFO - 127.0.0.1 - - [2026-01-03 17:21:06] "GET /js/app.js HTTP/1.1" 200 87600 0.000700
2026-01-03 17:21:06,914 - geventwebsocket.handler - INFO - 127.0.0.1 - - [2026-01-03 17:21:06] "GET /favicon.ico HTTP/1.1" 404 882 0.003082
2026-01-03 17:21:08,313 - __main__ - INFO - Auto-starting camera...
2026-01-03 17:21:08,314 - camera.camera_manager - INFO - Camera added: camera_0
2026-01-03 17:21:10,853 - camera.camera_manager - INFO - Camera camera_0 connected
2026-01-03 17:21:10,853 - camera.camera_manager - INFO - Camera camera_0 started
2026-01-03 17:21:10,853 - camera.camera_manager - INFO - Camera manager started with 1 cameras
2026-01-03 17:21:10,854 - __main__ - INFO - Auto-detecting scanner...
2026-01-03 17:21:10,859 - __main__ - INFO - No scanner port detected
2026-01-03 17:21:11,211 - __main__ - INFO - Recording limit set to: 15s
2026-01-03 17:21:11,212 - __main__ - INFO - Device states synced with frontend
2026-01-03 17:21:11,340 - core.auth_manager - INFO - User logged out
2026-01-03 17:21:11,857 - camera.camera_manager - INFO - Camera camera_0 stopped
2026-01-03 17:21:11,857 - camera.camera_manager - INFO - Camera manager stopped
2026-01-03 17:21:16,961 - core.auth_manager - INFO - User logged in: shipout@lemiex.com
2026-01-03 17:21:16,961 - __main__ - INFO - User logged in: shipout@lemiex.com
2026-01-03 17:21:16,961 - __main__ - INFO - Auto-starting camera...
2026-01-03 17:21:19,185 - camera.camera_manager - INFO - Camera camera_0 connected
2026-01-03 17:21:19,186 - camera.camera_manager - INFO - Camera camera_0 started
2026-01-03 17:21:19,186 - camera.camera_manager - INFO - Camera manager started with 1 cameras
2026-01-03 17:21:19,187 - __main__ - INFO - Auto-detecting scanner...
2026-01-03 17:21:19,192 - __main__ - INFO - No scanner port detected
2026-01-03 17:27:35,261 - __main__ - INFO - Starting Lemiex Order Manager (Eel UI)
2026-01-03 17:27:35,262 - __main__ - INFO - Starting as desktop app using Edge
2026-01-03 17:27:36,270 - __main__ - INFO - Desktop app launched with PID: 332096
2026-01-03 17:27:36,726 - geventwebsocket.handler - INFO - 127.0.0.1 - - [2026-01-03 17:27:36] "GET /index.html HTTP/1.1" 200 18053 0.000801
2026-01-03 17:27:36,732 - geventwebsocket.handler - INFO - 127.0.0.1 - - [2026-01-03 17:27:36] "GET /eel.js HTTP/1.1" 200 6649 0.000307
2026-01-03 17:27:36,733 - geventwebsocket.handler - INFO - 127.0.0.1 - - [2026-01-03 17:27:36] "GET /css/style.css HTTP/1.1" 200 9698 0.000555
2026-01-03 17:27:36,734 - geventwebsocket.handler - INFO - 127.0.0.1 - - [2026-01-03 17:27:36] "GET /js/app.js HTTP/1.1" 200 90896 0.000669
2026-01-03 17:27:36,918 - geventwebsocket.handler - INFO - 127.0.0.1 - - [2026-01-03 17:27:36] "GET /favicon.ico HTTP/1.1" 404 882 0.002227
2026-01-03 17:27:38,297 - __main__ - INFO - Auto-starting camera...
2026-01-03 17:27:38,298 - camera.camera_manager - INFO - Camera added: camera_0
2026-01-03 17:27:40,563 - camera.camera_manager - INFO - Camera camera_0 connected
2026-01-03 17:27:40,564 - camera.camera_manager - INFO - Camera camera_0 started
2026-01-03 17:27:40,564 - camera.camera_manager - INFO - Camera manager started with 1 cameras
2026-01-03 17:27:40,565 - __main__ - INFO - Auto-detecting scanner...
2026-01-03 17:27:40,570 - __main__ - INFO - No scanner port detected
2026-01-03 17:28:09,182 - __main__ - INFO - Recording limit set to: 15s
2026-01-03 17:28:10,696 - camera.camera_manager - WARNING - Camera camera_0 too many failures, reconnecting...
2026-01-03 17:28:12,257 - __main__ - INFO - Found 5 printers
2026-01-03 17:28:12,268 - __main__ - INFO - Device states synced with frontend
2026-01-03 17:29:27,668 - __main__ - INFO - Starting Lemiex Order Manager (Eel UI)
2026-01-03 17:29:27,668 - __main__ - INFO - Starting as desktop app using Edge
2026-01-03 17:29:28,679 - __main__ - INFO - Desktop app launched with PID: 406644
2026-01-03 17:30:52,809 - __main__ - INFO - Starting Lemiex Order Manager (Eel UI)
2026-01-03 17:30:52,810 - __main__ - INFO - Starting as desktop app using Edge
2026-01-03 17:30:53,832 - __main__ - INFO - Desktop app launched with PID: 122424
2026-01-03 17:31:12,327 - __main__ - INFO - Starting Lemiex Order Manager (Eel UI)
2026-01-03 17:31:12,328 - __main__ - INFO - Starting as desktop app using Edge
2026-01-03 17:31:13,336 - __main__ - INFO - Desktop app launched with PID: 253008
2026-01-03 17:33:14,214 - geventwebsocket.handler - INFO - 127.0.0.1 - - [2026-01-03 17:33:14] "GET /index.html HTTP/1.1" 200 260 0.000758
2026-01-03 17:33:14,216 - geventwebsocket.handler - INFO - 127.0.0.1 - - [2026-01-03 17:33:14] "GET /index.html HTTP/1.1" 200 260 0.000603
2026-01-03 17:33:14,217 - geventwebsocket.handler - INFO - 127.0.0.1 - - [2026-01-03 17:33:14] "GET /index.html HTTP/1.1" 200 260 0.000626
2026-01-03 17:35:04,802 - __main__ - INFO - Starting Lemiex Order Manager (Eel UI)
2026-01-03 17:35:04,803 - __main__ - INFO - Starting as desktop app using Edge
2026-01-03 17:35:05,811 - __main__ - INFO - Desktop app launched with PID: 386456
2026-01-03 17:35:06,231 - geventwebsocket.handler - INFO - 127.0.0.1 - - [2026-01-03 17:35:06] "GET /index.html HTTP/1.1" 200 18053 0.000958
2026-01-03 17:35:06,238 - geventwebsocket.handler - INFO - 127.0.0.1 - - [2026-01-03 17:35:06] "GET /eel.js HTTP/1.1" 200 6649 0.000343
2026-01-03 17:35:06,240 - geventwebsocket.handler - INFO - 127.0.0.1 - - [2026-01-03 17:35:06] "GET /css/style.css HTTP/1.1" 200 9698 0.000837
2026-01-03 17:35:06,242 - geventwebsocket.handler - INFO - 127.0.0.1 - - [2026-01-03 17:35:06] "GET /js/app.js HTTP/1.1" 200 90896 0.001047
2026-01-03 17:35:06,472 - geventwebsocket.handler - INFO - 127.0.0.1 - - [2026-01-03 17:35:06] "GET /favicon.ico HTTP/1.1" 404 882 0.002130
2026-01-03 17:35:07,823 - __main__ - INFO - Auto-starting camera...
2026-01-03 17:35:07,823 - camera.camera_manager - INFO - Camera added: camera_0
2026-01-03 17:35:10,271 - camera.camera_manager - INFO - Camera camera_0 connected
2026-01-03 17:35:10,272 - camera.camera_manager - INFO - Camera camera_0 started
2026-01-03 17:35:10,273 - camera.camera_manager - INFO - Camera manager started with 1 cameras
2026-01-03 17:35:10,274 - __main__ - INFO - Auto-detecting scanner...
2026-01-03 17:35:10,281 - __main__ - INFO - Found COM3: {'port': 'COM3', 'description': 'USB Serial Device (COM3)', 'hwid': 'USB VID:PID=152A:880F SER=00000000050C LOCATION=1-4'}
2026-01-03 17:35:10,281 - scanner.scanner_manager - INFO - Scanner added: scanner_1 on COM3
2026-01-03 17:35:10,284 - scanner.com_scanner - INFO - Scanner scanner_1 connected on COM3
2026-01-03 17:35:10,284 - scanner.com_scanner - INFO - Scanner scanner_1 reading thread started
2026-01-03 17:35:10,285 - scanner.scanner_manager - INFO - Scanner manager started with 1 scanners
2026-01-03 17:35:10,285 - __main__ - INFO - Scanner started on COM3
2026-01-03 17:35:10,285 - __main__ - INFO - Auto-started scanner on COM3
2026-01-03 17:35:10,627 - __main__ - INFO - Recording limit set to: 15s
2026-01-03 17:35:11,402 - __main__ - INFO - Found 5 printers
2026-01-03 17:35:11,404 - __main__ - INFO - Device states synced with frontend
2026-01-03 17:35:12,244 - camera.camera_manager - WARNING - Camera camera_0 too many failures, reconnecting...
2026-01-03 17:35:14,738 - camera.camera_manager - INFO - Camera camera_0 connected
2026-01-03 17:35:29,720 - scanner.com_scanner - INFO - Decoded text from scanner_1: 'https://manage.lemiex.us/track/23?stt=2&item_id=30&item_stt=2\r'
2026-01-03 17:35:29,721 - scanner.com_scanner - INFO - Scanner scanner_1 scan: https://manage.lemiex.us/track/23?stt=2&item_id=30&item_stt=2
2026-01-03 17:35:29,721 - __main__ - INFO - Scan received: https://manage.lemiex.us/track/23?stt=2&item_id=30&item_stt=2
2026-01-03 17:35:29,722 - __main__ - INFO - Calling track API: https://manage.lemiex.us/api/orders/track/23?stt=2&item_id=30&item_stt=2
2026-01-03 17:35:31,482 - __main__ - INFO - Track API response success, items count: 2
2026-01-03 17:35:31,482 - __main__ - INFO - Track result items: 2
2026-01-03 17:35:32,202 - __main__ - INFO - Found 5 printers
2026-01-03 17:35:39,884 - __main__ - INFO - Downloading label: https://s3.us-east-005.backblazeb2.com/Lemiex-Fulfillment/converted_label/label_23.jpg?random=333265
2026-01-03 17:35:43,310 - __main__ - INFO - Label saved: D:\2025 Code\Lemiex-app-qc\temp_videos\label_20260103_173543.jpg
2026-01-03 17:35:43,907 - __main__ - WARNING - PowerShell print failed: Unable to find type [System.Drawing.Image].
At line:2 char:30
+                     $image = [System.Drawing.Image]::FromFile("D:\202 ...
+                              ~~~~~~~~~~~~~~~~~~~~~~
    + CategoryInfo          : InvalidOperation: (System.Drawing.Image:TypeName) [], RuntimeException
    + FullyQualifiedErrorId : TypeNotFound
 
New-Object : Cannot find type [System.Drawing.Printing.PrintDocument]: verify that the assembly containing this type is loaded.
At line:3 char:28
+ ...               $doc = New-Object System.Drawing.Printing.PrintDocument
+                          ~~~~~~~~~~~~~~~~~~~~~~~~~~~~~~~~~~~~~~~~~~~~~~~~
    + CategoryInfo          : InvalidType: (:) [New-Object], PSArgumentException
    + FullyQualifiedErrorId : TypeNotFound,Microsoft.PowerShell.Commands.NewObjectCommand
 
The property 'PrinterName' cannot be found on this object. Verify that the property exists and can be set.
At line:4 char:21
+ ...                 $doc.PrinterSettings.PrinterName = "Xprinter XP-350B"
+                     ~~~~~~~~~~~~~~~~~~~~~~~~~~~~~~~~~~~~~~~~~~~~~~~~~~~~~
    + CategoryInfo          : InvalidOperation: (:) [], RuntimeException
    + FullyQualifiedErrorId : PropertyNotFound
 
You cannot call a method on a null-valued expression.
At line:5 char:21
+                     $doc.add_PrintPage({
+                     ~~~~~~~~~~~~~~~~~~~~
    + CategoryInfo          : InvalidOperation: (:) [], RuntimeException
    + FullyQualifiedErrorId : InvokeMethodOnNull
 
You cannot call a method on a null-valued expression.
At line:9 char:21
+                     $doc.Print()
+                     ~~~~~~~~~~~~
    + CategoryInfo          : InvalidOperation: (:) [], RuntimeException
    + FullyQualifiedErrorId : InvokeMethodOnNull
 
You cannot call a method on a null-valued expression.
At line:10 char:21
+                     $image.Dispose()
+                     ~~~~~~~~~~~~~~~~
    + CategoryInfo          : InvalidOperation: (:) [], RuntimeException
    + FullyQualifiedErrorId : InvokeMethodOnNull
 

2026-01-03 17:35:46,447 - __main__ - INFO - Label sent to printer: Xprinter XP-350B
2026-01-03 17:35:46,559 - __main__ - INFO - Calling Shipout API: PUT https://manage.lemiex.us/api/orders/change-status-items
2026-01-03 17:35:46,573 - __main__ - INFO - Payload: {'item_id': 29, 'meta_key': 'front', 'status': True}
2026-01-03 17:35:48,447 - __main__ - INFO - Response status: 200
2026-01-03 17:35:48,447 - __main__ - INFO - Calling Shipout API: PUT https://manage.lemiex.us/api/orders/change-status-items
2026-01-03 17:35:48,447 - __main__ - INFO - Payload: {'item_id': 30, 'meta_key': 'front', 'status': True}
2026-01-03 17:35:50,097 - __main__ - INFO - Response status: 200
2026-01-03 17:35:50,098 - __main__ - INFO - Shipout activated for order 23: 2/2 success
2026-01-03 17:35:50,101 - __main__ - INFO - Calling track API: https://manage.lemiex.us/api/orders/track/23
2026-01-03 17:35:51,639 - __main__ - INFO - Track API response success, items count: 2
2026-01-03 17:36:04,585 - scanner.com_scanner - INFO - Decoded text from scanner_1: 'https://manage.lemiex.us/track/23?stt=2&item_id=30&item_stt=2\r'
2026-01-03 17:36:04,586 - scanner.com_scanner - INFO - Scanner scanner_1 scan: https://manage.lemiex.us/track/23?stt=2&item_id=30&item_stt=2
2026-01-03 17:36:04,586 - __main__ - INFO - Scan received: https://manage.lemiex.us/track/23?stt=2&item_id=30&item_stt=2
2026-01-03 17:36:04,586 - __main__ - INFO - Calling track API: https://manage.lemiex.us/api/orders/track/23?stt=2&item_id=30&item_stt=2
2026-01-03 17:36:06,373 - __main__ - INFO - Track API response success, items count: 2
2026-01-03 17:36:06,373 - __main__ - INFO - Track result items: 2
2026-01-03 17:36:07,176 - __main__ - INFO - Found 5 printers
2026-01-03 17:48:55,008 - __main__ - INFO - Starting Lemiex Order Manager (Eel UI)
2026-01-03 17:48:55,009 - __main__ - INFO - Starting as desktop app using Edge
2026-01-03 17:48:56,018 - __main__ - INFO - Desktop app launched with PID: 325972
2026-01-03 17:48:56,434 - geventwebsocket.handler - INFO - 127.0.0.1 - - [2026-01-03 17:48:56] "GET /index.html HTTP/1.1" 200 20889 0.000915
2026-01-03 17:48:56,440 - geventwebsocket.handler - INFO - 127.0.0.1 - - [2026-01-03 17:48:56] "GET /eel.js HTTP/1.1" 200 6649 0.000300
2026-01-03 17:48:56,441 - geventwebsocket.handler - INFO - 127.0.0.1 - - [2026-01-03 17:48:56] "GET /css/style.css HTTP/1.1" 200 9698 0.000559
2026-01-03 17:48:56,442 - geventwebsocket.handler - INFO - 127.0.0.1 - - [2026-01-03 17:48:56] "GET /js/app.js HTTP/1.1" 200 94487 0.000581
2026-01-03 17:48:56,641 - geventwebsocket.handler - INFO - 127.0.0.1 - - [2026-01-03 17:48:56] "GET /favicon.ico HTTP/1.1" 404 882 0.001890
2026-01-03 17:48:57,982 - __main__ - INFO - Auto-starting camera...
2026-01-03 17:48:57,982 - camera.camera_manager - INFO - Camera added: camera_0
2026-01-03 17:49:00,784 - camera.camera_manager - INFO - Camera camera_0 connected
2026-01-03 17:49:00,785 - camera.camera_manager - INFO - Camera camera_0 started
2026-01-03 17:49:00,785 - camera.camera_manager - INFO - Camera manager started with 1 cameras
2026-01-03 17:49:00,786 - __main__ - INFO - Auto-detecting scanner...
2026-01-03 17:49:00,793 - __main__ - INFO - Found COM3: {'port': 'COM3', 'description': 'USB Serial Device (COM3)', 'hwid': 'USB VID:PID=152A:880F SER=00000000050C LOCATION=1-4'}
2026-01-03 17:49:00,793 - scanner.scanner_manager - INFO - Scanner added: scanner_1 on COM3
2026-01-03 17:49:00,806 - scanner.com_scanner - INFO - Scanner scanner_1 connected on COM3
2026-01-03 17:49:00,813 - scanner.com_scanner - INFO - Scanner scanner_1 reading thread started
2026-01-03 17:49:00,813 - scanner.scanner_manager - INFO - Scanner manager started with 1 scanners
2026-01-03 17:49:00,813 - __main__ - INFO - Scanner started on COM3
2026-01-03 17:49:00,813 - __main__ - INFO - Auto-started scanner on COM3
2026-01-03 17:49:01,165 - __main__ - INFO - Recording limit set to: 15s
2026-01-03 17:49:01,997 - __main__ - INFO - Found 5 printers
2026-01-03 17:49:01,999 - __main__ - INFO - Device states synced with frontend
2026-01-03 17:49:02,755 - camera.camera_manager - WARNING - Camera camera_0 too many failures, reconnecting...
2026-01-03 17:49:05,438 - camera.camera_manager - INFO - Camera camera_0 connected
2026-01-03 17:49:27,814 - scanner.com_scanner - INFO - Decoded text from scanner_1: 'https://manage.lemiex.us/track/23?stt=2&item_id=30&item_stt=2\r'
2026-01-03 17:49:27,814 - scanner.com_scanner - INFO - Scanner scanner_1 scan: https://manage.lemiex.us/track/23?stt=2&item_id=30&item_stt=2
2026-01-03 17:49:27,816 - __main__ - INFO - Scan received: https://manage.lemiex.us/track/23?stt=2&item_id=30&item_stt=2
2026-01-03 17:49:27,817 - __main__ - INFO - Calling track API: https://manage.lemiex.us/api/orders/track/23?stt=2&item_id=30&item_stt=2
2026-01-03 17:49:29,490 - __main__ - INFO - Track API response success, items count: 2
2026-01-03 17:49:29,508 - __main__ - INFO - Track result items: 2
2026-01-03 17:49:35,824 - scanner.com_scanner - INFO - Decoded text from scanner_1: 'https://manage.lemiex.us/track/23?stt=2&item_id=30&item_stt=2\r'
2026-01-03 17:49:35,825 - scanner.com_scanner - INFO - Scanner scanner_1 scan: https://manage.lemiex.us/track/23?stt=2&item_id=30&item_stt=2
2026-01-03 17:49:35,825 - __main__ - INFO - Scan received: https://manage.lemiex.us/track/23?stt=2&item_id=30&item_stt=2
2026-01-03 17:49:35,826 - __main__ - INFO - Calling track API: https://manage.lemiex.us/api/orders/track/23?stt=2&item_id=30&item_stt=2
2026-01-03 17:49:37,073 - __main__ - INFO - Track API response success, items count: 2
2026-01-03 17:49:37,074 - __main__ - INFO - Track result items: 2
2026-01-03 17:52:43,290 - __main__ - INFO - Starting Lemiex Order Manager (Eel UI)
2026-01-03 17:52:43,290 - __main__ - INFO - Starting as desktop app using Edge
2026-01-03 17:52:44,299 - __main__ - INFO - Desktop app launched with PID: 10904
2026-01-03 17:52:44,712 - geventwebsocket.handler - INFO - 127.0.0.1 - - [2026-01-03 17:52:44] "GET /index.html HTTP/1.1" 200 20889 0.000862
2026-01-03 17:52:44,718 - geventwebsocket.handler - INFO - 127.0.0.1 - - [2026-01-03 17:52:44] "GET /eel.js HTTP/1.1" 200 6649 0.000265
2026-01-03 17:52:44,720 - geventwebsocket.handler - INFO - 127.0.0.1 - - [2026-01-03 17:52:44] "GET /css/style.css HTTP/1.1" 200 9698 0.000518
2026-01-03 17:52:44,722 - geventwebsocket.handler - INFO - 127.0.0.1 - - [2026-01-03 17:52:44] "GET /js/app.js HTTP/1.1" 200 94487 0.000632
2026-01-03 17:52:44,921 - geventwebsocket.handler - INFO - 127.0.0.1 - - [2026-01-03 17:52:44] "GET /favicon.ico HTTP/1.1" 404 882 0.002046
2026-01-03 17:52:46,277 - __main__ - INFO - Auto-starting camera...
2026-01-03 17:52:46,277 - camera.camera_manager - INFO - Camera added: camera_0
2026-01-03 17:52:48,536 - camera.camera_manager - INFO - Camera camera_0 connected
2026-01-03 17:52:48,536 - camera.camera_manager - INFO - Camera camera_0 started
2026-01-03 17:52:48,536 - camera.camera_manager - INFO - Camera manager started with 1 cameras
2026-01-03 17:52:48,537 - __main__ - INFO - Auto-detecting scanner...
2026-01-03 17:52:48,543 - __main__ - INFO - Found COM3: {'port': 'COM3', 'description': 'USB Serial Device (COM3)', 'hwid': 'USB VID:PID=152A:880F SER=00000000050C LOCATION=1-4'}
2026-01-03 17:52:48,543 - scanner.scanner_manager - INFO - Scanner added: scanner_1 on COM3
2026-01-03 17:52:48,545 - scanner.com_scanner - INFO - Scanner scanner_1 connected on COM3
2026-01-03 17:52:48,546 - scanner.com_scanner - INFO - Scanner scanner_1 reading thread started
2026-01-03 17:52:48,546 - scanner.scanner_manager - INFO - Scanner manager started with 1 scanners
2026-01-03 17:52:48,546 - __main__ - INFO - Scanner started on COM3
2026-01-03 17:52:48,546 - __main__ - INFO - Auto-started scanner on COM3
2026-01-03 17:52:48,967 - __main__ - INFO - Recording limit set to: 15s
2026-01-03 17:52:50,016 - __main__ - INFO - Found 5 printers
2026-01-03 17:52:50,018 - __main__ - INFO - Device states synced with frontend
2026-01-03 17:52:50,439 - camera.camera_manager - WARNING - Camera camera_0 too many failures, reconnecting...
2026-01-03 17:52:53,104 - camera.camera_manager - INFO - Camera camera_0 connected
2026-01-03 17:53:00,846 - scanner.com_scanner - INFO - Decoded text from scanner_1: 'https://manage.lemiex.us/track/23?stt=2&item_id=30&item_stt=2\r'
2026-01-03 17:53:00,847 - scanner.com_scanner - INFO - Scanner scanner_1 scan: https://manage.lemiex.us/track/23?stt=2&item_id=30&item_stt=2
2026-01-03 17:53:00,848 - __main__ - INFO - Scan received: https://manage.lemiex.us/track/23?stt=2&item_id=30&item_stt=2
2026-01-03 17:53:00,849 - __main__ - INFO - Calling track API: https://manage.lemiex.us/api/orders/track/23?stt=2&item_id=30&item_stt=2
2026-01-03 17:53:02,511 - __main__ - INFO - Track API response success, items count: 2
2026-01-03 17:53:02,512 - __main__ - INFO - Track result items: 2
2026-01-03 17:53:02,514 - __main__ - INFO - Downloading label: https://s3.us-east-005.backblazeb2.com/Lemiex-Fulfillment/converted_label/label_23.jpg?random=333265
2026-01-03 17:53:04,993 - __main__ - INFO - Label saved: D:\2025 Code\Lemiex-app-qc\temp_videos\label_20260103_175304.jpg
2026-01-03 17:53:09,112 - __main__ - INFO - Label sent to printer: Xprinter XP-350B
2026-01-03 17:53:09,137 - __main__ - INFO - Calling Shipout API: PUT https://manage.lemiex.us/api/orders/change-status-items
2026-01-03 17:53:09,139 - __main__ - INFO - Payload: {'item_id': 29, 'meta_key': 'front', 'status': True}
2026-01-03 17:53:10,356 - __main__ - INFO - Response status: 400
2026-01-03 17:53:10,356 - __main__ - INFO - Response body: {"code":400,"status":false,"message":"Order must be packed before shipout. Current status: shipped","data":null}
2026-01-03 17:53:10,356 - __main__ - INFO - Calling Shipout API: PUT https://manage.lemiex.us/api/orders/change-status-items
2026-01-03 17:53:10,357 - __main__ - INFO - Payload: {'item_id': 30, 'meta_key': 'front', 'status': True}
2026-01-03 17:53:11,494 - __main__ - INFO - Response status: 400
2026-01-03 17:53:11,494 - __main__ - INFO - Response body: {"code":400,"status":false,"message":"Order must be packed before shipout. Current status: shipped","data":null}
2026-01-03 17:53:11,494 - __main__ - INFO - Shipout activated for order 23: 0/2 success
2026-01-03 17:53:45,619 - scanner.com_scanner - INFO - Decoded text from scanner_1: 'https://manage.lemiex.us/track/22?stt=1&item_id=27&item_stt=1\r'
2026-01-03 17:53:45,620 - scanner.com_scanner - INFO - Scanner scanner_1 scan: https://manage.lemiex.us/track/22?stt=1&item_id=27&item_stt=1
2026-01-03 17:53:45,621 - __main__ - INFO - Scan received: https://manage.lemiex.us/track/22?stt=1&item_id=27&item_stt=1
2026-01-03 17:53:45,621 - __main__ - INFO - Calling track API: https://manage.lemiex.us/api/orders/track/22?stt=1&item_id=27&item_stt=1
2026-01-03 17:53:48,555 - __main__ - INFO - Track API response success, items count: 2
2026-01-03 17:53:48,556 - __main__ - INFO - Track result items: 2
2026-01-03 17:53:48,557 - __main__ - INFO - Downloading label: https://s3.us-east-005.backblazeb2.com/Lemiex-Fulfillment/converted_label/label_22.jpg?random=739207
2026-01-03 17:53:51,312 - __main__ - INFO - Label saved: D:\2025 Code\Lemiex-app-qc\temp_videos\label_20260103_175351.jpg
2026-01-03 17:53:54,329 - __main__ - INFO - Label sent to printer: Xprinter XP-350B
2026-01-03 17:53:54,335 - __main__ - INFO - Calling Shipout API: PUT https://manage.lemiex.us/api/orders/change-status-items
2026-01-03 17:53:54,335 - __main__ - INFO - Payload: {'item_id': 27, 'meta_key': 'front', 'status': True}
2026-01-03 17:53:55,575 - __main__ - INFO - Response status: 200
2026-01-03 17:53:55,575 - __main__ - INFO - Calling Shipout API: PUT https://manage.lemiex.us/api/orders/change-status-items
2026-01-03 17:53:55,575 - __main__ - INFO - Payload: {'item_id': 27, 'meta_key': 'sleeve_right', 'status': True}
2026-01-03 17:53:56,733 - __main__ - INFO - Response status: 200
2026-01-03 17:53:56,818 - __main__ - INFO - Calling Shipout API: PUT https://manage.lemiex.us/api/orders/change-status-items
2026-01-03 17:53:56,822 - __main__ - INFO - Payload: {'item_id': 27, 'meta_key': 'sleeve_left', 'status': True}
2026-01-03 17:53:58,068 - __main__ - INFO - Response status: 200
2026-01-03 17:53:58,069 - __main__ - INFO - Calling Shipout API: PUT https://manage.lemiex.us/api/orders/change-status-items
2026-01-03 17:53:58,069 - __main__ - INFO - Payload: {'item_id': 28, 'meta_key': 'front', 'status': True}
2026-01-03 17:53:59,304 - __main__ - INFO - Response status: 200
2026-01-03 17:53:59,305 - __main__ - INFO - Shipout activated for order 22: 4/4 success
2026-01-03 17:53:59,309 - __main__ - INFO - Calling track API: https://manage.lemiex.us/api/orders/track/22
2026-01-03 17:54:05,484 - __main__ - INFO - Track API response success, items count: 2
2026-01-03 17:59:40,419 - __main__ - INFO - Starting Lemiex Order Manager (Eel UI)
2026-01-03 17:59:40,420 - __main__ - INFO - Starting as desktop app using Edge
2026-01-03 17:59:41,433 - __main__ - INFO - Desktop app launched with PID: 430604
2026-01-03 17:59:41,862 - geventwebsocket.handler - INFO - 127.0.0.1 - - [2026-01-03 17:59:41] "GET /index.html HTTP/1.1" 200 20889 0.000876
2026-01-03 17:59:41,872 - geventwebsocket.handler - INFO - 127.0.0.1 - - [2026-01-03 17:59:41] "GET /eel.js HTTP/1.1" 200 6649 0.000464
2026-01-03 17:59:41,878 - geventwebsocket.handler - INFO - 127.0.0.1 - - [2026-01-03 17:59:41] "GET /css/style.css HTTP/1.1" 200 9698 0.004978
2026-01-03 17:59:41,881 - geventwebsocket.handler - INFO - 127.0.0.1 - - [2026-01-03 17:59:41] "GET /js/app.js HTTP/1.1" 200 94487 0.000746
2026-01-03 17:59:42,104 - geventwebsocket.handler - INFO - 127.0.0.1 - - [2026-01-03 17:59:42] "GET /favicon.ico HTTP/1.1" 404 882 0.002006
2026-01-03 17:59:43,509 - __main__ - INFO - Auto-starting camera...
2026-01-03 17:59:43,509 - camera.camera_manager - INFO - Camera added: camera_0
2026-01-03 17:59:45,787 - camera.camera_manager - INFO - Camera camera_0 connected
2026-01-03 17:59:45,787 - camera.camera_manager - INFO - Camera camera_0 started
2026-01-03 17:59:45,787 - camera.camera_manager - INFO - Camera manager started with 1 cameras
2026-01-03 17:59:45,788 - __main__ - INFO - Auto-detecting scanner...
2026-01-03 17:59:45,794 - __main__ - INFO - Found COM3: {'port': 'COM3', 'description': 'USB Serial Device (COM3)', 'hwid': 'USB VID:PID=152A:880F SER=00000000050C LOCATION=1-4'}
2026-01-03 17:59:45,794 - scanner.scanner_manager - INFO - Scanner added: scanner_1 on COM3
2026-01-03 17:59:45,796 - scanner.com_scanner - INFO - Scanner scanner_1 connected on COM3
2026-01-03 17:59:45,796 - scanner.com_scanner - INFO - Scanner scanner_1 reading thread started
2026-01-03 17:59:45,796 - scanner.scanner_manager - INFO - Scanner manager started with 1 scanners
2026-01-03 17:59:45,796 - __main__ - INFO - Scanner started on COM3
2026-01-03 17:59:45,797 - __main__ - INFO - Auto-started scanner on COM3
2026-01-03 17:59:46,159 - __main__ - INFO - Recording limit set to: 15s
2026-01-03 17:59:47,165 - __main__ - INFO - Found 5 printers
2026-01-03 17:59:47,167 - __main__ - INFO - Device states synced with frontend
2026-01-03 17:59:47,732 - camera.camera_manager - WARNING - Camera camera_0 too many failures, reconnecting...
2026-01-03 17:59:50,267 - camera.camera_manager - INFO - Camera camera_0 connected
2026-01-03 17:59:59,006 - scanner.com_scanner - INFO - Decoded text from scanner_1: 'https://manage.lemiex.us/track/22?stt=1&item_id=27&item_stt=1\r'
2026-01-03 17:59:59,006 - scanner.com_scanner - INFO - Scanner scanner_1 scan: https://manage.lemiex.us/track/22?stt=1&item_id=27&item_stt=1
2026-01-03 17:59:59,006 - __main__ - INFO - Scan received: https://manage.lemiex.us/track/22?stt=1&item_id=27&item_stt=1
2026-01-03 17:59:59,007 - __main__ - INFO - Calling track API: https://manage.lemiex.us/api/orders/track/22?stt=1&item_id=27&item_stt=1
2026-01-03 18:00:04,627 - __main__ - INFO - Track API response success, items count: 2
2026-01-03 18:00:04,627 - __main__ - INFO - Track result items: 2
2026-01-03 18:00:04,629 - __main__ - INFO - Downloading label: https://s3.us-east-005.backblazeb2.com/Lemiex-Fulfillment/converted_label/label_22.jpg?random=739207
2026-01-03 18:00:08,323 - __main__ - INFO - Label saved: D:\2025 Code\Lemiex-app-qc\temp_videos\label_20260103_180008.jpg
2026-01-03 18:00:09,415 - __main__ - INFO - Label already portrait: 621x876
2026-01-03 18:00:10,910 - __main__ - INFO - Label sent to printer: Xprinter XP-350B
2026-01-03 18:00:10,929 - __main__ - INFO - Calling Shipout API: PUT https://manage.lemiex.us/api/orders/change-status-items
2026-01-03 18:00:10,938 - __main__ - INFO - Payload: {'item_id': 27, 'meta_key': 'front', 'status': True}
2026-01-03 18:00:12,269 - __main__ - INFO - Response status: 400
2026-01-03 18:00:12,269 - __main__ - INFO - Response body: {"code":400,"status":false,"message":"Order must be packed before shipout. Current status: shipped","data":null}
2026-01-03 18:00:12,271 - __main__ - INFO - Calling Shipout API: PUT https://manage.lemiex.us/api/orders/change-status-items
2026-01-03 18:00:12,271 - __main__ - INFO - Payload: {'item_id': 27, 'meta_key': 'sleeve_right', 'status': True}
2026-01-03 18:00:13,402 - __main__ - INFO - Response status: 400
2026-01-03 18:00:13,403 - __main__ - INFO - Response body: {"code":400,"status":false,"message":"Order must be packed before shipout. Current status: shipped","data":null}
2026-01-03 18:00:13,403 - __main__ - INFO - Calling Shipout API: PUT https://manage.lemiex.us/api/orders/change-status-items
2026-01-03 18:00:13,403 - __main__ - INFO - Payload: {'item_id': 27, 'meta_key': 'sleeve_left', 'status': True}
2026-01-03 18:00:14,506 - __main__ - INFO - Response status: 400
2026-01-03 18:00:14,519 - __main__ - INFO - Response body: {"code":400,"status":false,"message":"Order must be packed before shipout. Current status: shipped","data":null}
2026-01-03 18:00:14,522 - __main__ - INFO - Calling Shipout API: PUT https://manage.lemiex.us/api/orders/change-status-items
2026-01-03 18:00:14,522 - __main__ - INFO - Payload: {'item_id': 28, 'meta_key': 'front', 'status': True}
2026-01-03 18:00:15,676 - __main__ - INFO - Response status: 400
2026-01-03 18:00:15,677 - __main__ - INFO - Response body: {"code":400,"status":false,"message":"Order must be packed before shipout. Current status: shipped","data":null}
2026-01-03 18:00:15,677 - __main__ - INFO - Shipout activated for order 22: 0/4 success
2026-01-03 18:04:04,211 - __main__ - INFO - Starting Lemiex Order Manager (Eel UI)
2026-01-03 18:04:04,212 - __main__ - INFO - Starting as desktop app using Edge
2026-01-03 18:04:05,221 - __main__ - INFO - Desktop app launched with PID: 124152
2026-01-03 18:04:05,652 - geventwebsocket.handler - INFO - 127.0.0.1 - - [2026-01-03 18:04:05] "GET /index.html HTTP/1.1" 200 18053 0.000844
2026-01-03 18:04:05,659 - geventwebsocket.handler - INFO - 127.0.0.1 - - [2026-01-03 18:04:05] "GET /eel.js HTTP/1.1" 200 6649 0.000334
2026-01-03 18:04:05,660 - geventwebsocket.handler - INFO - 127.0.0.1 - - [2026-01-03 18:04:05] "GET /css/style.css HTTP/1.1" 200 9698 0.000524
2026-01-03 18:04:05,661 - geventwebsocket.handler - INFO - 127.0.0.1 - - [2026-01-03 18:04:05] "GET /js/app.js HTTP/1.1" 200 92512 0.000615
2026-01-03 18:04:05,869 - geventwebsocket.handler - INFO - 127.0.0.1 - - [2026-01-03 18:04:05] "GET /favicon.ico HTTP/1.1" 404 882 0.001904
2026-01-03 18:04:07,229 - __main__ - INFO - Auto-starting camera...
2026-01-03 18:04:07,229 - camera.camera_manager - INFO - Camera added: camera_0
2026-01-03 18:04:09,484 - camera.camera_manager - INFO - Camera camera_0 connected
2026-01-03 18:04:09,485 - camera.camera_manager - INFO - Camera camera_0 started
2026-01-03 18:04:09,485 - camera.camera_manager - INFO - Camera manager started with 1 cameras
2026-01-03 18:04:09,486 - __main__ - INFO - Auto-detecting scanner...
2026-01-03 18:04:09,492 - __main__ - INFO - Found COM3: {'port': 'COM3', 'description': 'USB Serial Device (COM3)', 'hwid': 'USB VID:PID=152A:880F SER=00000000050C LOCATION=1-4'}
2026-01-03 18:04:09,492 - scanner.scanner_manager - INFO - Scanner added: scanner_1 on COM3
2026-01-03 18:04:09,494 - scanner.com_scanner - INFO - Scanner scanner_1 connected on COM3
2026-01-03 18:04:09,527 - scanner.com_scanner - INFO - Scanner scanner_1 reading thread started
2026-01-03 18:04:09,527 - scanner.scanner_manager - INFO - Scanner manager started with 1 scanners
2026-01-03 18:04:09,527 - __main__ - INFO - Scanner started on COM3
2026-01-03 18:04:09,528 - __main__ - INFO - Auto-started scanner on COM3
2026-01-03 18:04:09,884 - __main__ - INFO - Recording limit set to: 15s
2026-01-03 18:04:10,875 - __main__ - INFO - Found 5 printers
2026-01-03 18:04:10,876 - __main__ - INFO - Device states synced with frontend
2026-01-03 18:04:11,418 - camera.camera_manager - WARNING - Camera camera_0 too many failures, reconnecting...
2026-01-03 18:04:14,050 - camera.camera_manager - INFO - Camera camera_0 connected
2026-01-03 18:04:17,765 - scanner.com_scanner - INFO - Decoded text from scanner_1: 'https://manage.lemiex.us/track/22?stt=1&item_id=27&item_stt=1\r'
2026-01-03 18:04:17,765 - scanner.com_scanner - INFO - Scanner scanner_1 scan: https://manage.lemiex.us/track/22?stt=1&item_id=27&item_stt=1
2026-01-03 18:04:17,766 - __main__ - INFO - Scan received: https://manage.lemiex.us/track/22?stt=1&item_id=27&item_stt=1
2026-01-03 18:04:17,767 - __main__ - INFO - Calling track API: https://manage.lemiex.us/api/orders/track/22?stt=1&item_id=27&item_stt=1
2026-01-03 18:04:19,027 - __main__ - INFO - Track API response success, items count: 2
2026-01-03 18:04:19,027 - __main__ - INFO - Track result items: 2
2026-01-03 18:04:19,029 - __main__ - INFO - Downloading label: https://s3.us-east-005.backblazeb2.com/Lemiex-Fulfillment/converted_label/label_22.jpg?random=739207
2026-01-03 18:04:21,590 - __main__ - INFO - Label saved: D:\2025 Code\Lemiex-app-qc\temp_videos\label_20260103_180421.jpg
2026-01-03 18:04:26,497 - __main__ - INFO - Label sent to printer: Xprinter XP-350B
2026-01-03 18:04:26,513 - __main__ - INFO - Calling Shipout API: PUT https://manage.lemiex.us/api/orders/change-status-items
2026-01-03 18:04:26,513 - __main__ - INFO - Payload: {'item_id': 27, 'meta_key': 'front', 'status': True}
2026-01-03 18:04:27,886 - __main__ - INFO - Response status: 400
2026-01-03 18:04:27,887 - __main__ - INFO - Response body: {"code":400,"status":false,"message":"Order must be packed before shipout. Current status: shipped","data":null}
2026-01-03 18:04:27,887 - __main__ - INFO - Calling Shipout API: PUT https://manage.lemiex.us/api/orders/change-status-items
2026-01-03 18:04:27,887 - __main__ - INFO - Payload: {'item_id': 27, 'meta_key': 'sleeve_right', 'status': True}
2026-01-03 18:04:29,036 - __main__ - INFO - Response status: 400
2026-01-03 18:04:29,036 - __main__ - INFO - Response body: {"code":400,"status":false,"message":"Order must be packed before shipout. Current status: shipped","data":null}
2026-01-03 18:04:29,036 - __main__ - INFO - Calling Shipout API: PUT https://manage.lemiex.us/api/orders/change-status-items
2026-01-03 18:04:29,037 - __main__ - INFO - Payload: {'item_id': 27, 'meta_key': 'sleeve_left', 'status': True}
2026-01-03 18:04:30,152 - __main__ - INFO - Response status: 400
2026-01-03 18:04:30,152 - __main__ - INFO - Response body: {"code":400,"status":false,"message":"Order must be packed before shipout. Current status: shipped","data":null}
2026-01-03 18:04:30,153 - __main__ - INFO - Calling Shipout API: PUT https://manage.lemiex.us/api/orders/change-status-items
2026-01-03 18:04:30,153 - __main__ - INFO - Payload: {'item_id': 28, 'meta_key': 'front', 'status': True}
2026-01-03 18:04:31,214 - __main__ - INFO - Response status: 400
2026-01-03 18:04:31,214 - __main__ - INFO - Response body: {"code":400,"status":false,"message":"Order must be packed before shipout. Current status: shipped","data":null}
2026-01-03 18:04:31,214 - __main__ - INFO - Shipout activated for order 22: 0/4 success
2026-01-03 18:52:41,654 - __main__ - INFO - Starting Lemiex Order Manager (Eel UI)
2026-01-03 18:52:41,654 - __main__ - INFO - Starting as desktop app using Edge
2026-01-03 18:52:42,663 - __main__ - INFO - Desktop app launched with PID: 265592
2026-01-03 18:52:43,370 - geventwebsocket.handler - INFO - 127.0.0.1 - - [2026-01-03 18:52:43] "GET /index.html HTTP/1.1" 200 19071 0.000767
2026-01-03 18:52:43,376 - geventwebsocket.handler - INFO - 127.0.0.1 - - [2026-01-03 18:52:43] "GET /eel.js HTTP/1.1" 200 6649 0.000505
2026-01-03 18:52:43,379 - geventwebsocket.handler - INFO - 127.0.0.1 - - [2026-01-03 18:52:43] "GET /css/style.css HTTP/1.1" 200 9698 0.000627
2026-01-03 18:52:43,381 - geventwebsocket.handler - INFO - 127.0.0.1 - - [2026-01-03 18:52:43] "GET /js/app.js HTTP/1.1" 200 93452 0.000629
2026-01-03 18:52:45,237 - __main__ - INFO - Auto-starting camera...
2026-01-03 18:52:45,238 - camera.camera_manager - INFO - Camera added: camera_0
2026-01-03 18:52:47,560 - camera.camera_manager - INFO - Camera camera_0 connected
2026-01-03 18:52:47,561 - camera.camera_manager - INFO - Camera camera_0 started
2026-01-03 18:52:47,561 - camera.camera_manager - INFO - Camera manager started with 1 cameras
2026-01-03 18:52:47,562 - __main__ - INFO - Auto-detecting scanner...
2026-01-03 18:52:47,569 - __main__ - INFO - Found COM3: {'port': 'COM3', 'description': 'USB Serial Device (COM3)', 'hwid': 'USB VID:PID=152A:880F SER=00000000050C LOCATION=1-4'}
2026-01-03 18:52:47,572 - scanner.scanner_manager - INFO - Scanner added: scanner_1 on COM3
2026-01-03 18:52:47,576 - scanner.com_scanner - INFO - Scanner scanner_1 connected on COM3
2026-01-03 18:52:47,579 - scanner.com_scanner - INFO - Scanner scanner_1 reading thread started
2026-01-03 18:52:47,580 - scanner.scanner_manager - INFO - Scanner manager started with 1 scanners
2026-01-03 18:52:47,580 - __main__ - INFO - Scanner started on COM3
2026-01-03 18:52:47,582 - __main__ - INFO - Auto-started scanner on COM3
2026-01-03 18:52:47,997 - __main__ - INFO - Recording limit set to: 15s
2026-01-03 18:52:49,137 - __main__ - INFO - Found 5 printers
2026-01-03 18:52:49,140 - __main__ - INFO - Device states synced with frontend
2026-01-03 18:52:49,145 - geventwebsocket.handler - INFO - 127.0.0.1 - - [2026-01-03 18:52:49] "GET /favicon.ico HTTP/1.1" 404 882 0.002504
2026-01-03 18:52:49,491 - camera.camera_manager - WARNING - Camera camera_0 too many failures, reconnecting...
2026-01-03 18:52:52,189 - camera.camera_manager - INFO - Camera camera_0 connected
2026-01-03 18:53:05,943 - scanner.com_scanner - INFO - Decoded text from scanner_1: 'https://manage.lemiex.us/track/22?stt=1&item_id=27&item_stt=1\r'
2026-01-03 18:53:05,953 - scanner.com_scanner - INFO - Scanner scanner_1 scan: https://manage.lemiex.us/track/22?stt=1&item_id=27&item_stt=1
2026-01-03 18:53:05,953 - __main__ - INFO - Scan received: https://manage.lemiex.us/track/22?stt=1&item_id=27&item_stt=1
2026-01-03 18:53:05,958 - __main__ - INFO - Calling track API: https://manage.lemiex.us/api/orders/track/22?stt=1&item_id=27&item_stt=1
2026-01-03 18:53:08,924 - __main__ - INFO - Track API response success, items count: 2
2026-01-03 18:53:08,924 - __main__ - INFO - Track result items: 2
2026-01-03 18:53:08,927 - __main__ - INFO - Downloading label: https://s3.us-east-005.backblazeb2.com/Lemiex-Fulfillment/converted_label/label_22.jpg?random=739207
2026-01-03 18:53:11,949 - __main__ - INFO - Label saved: D:\2025 Code\Lemiex-app-qc\temp_videos\label_20260103_185311.jpg
2026-01-03 18:53:14,073 - __main__ - INFO - Label sent to printer: Xprinter XP-350B
2026-01-03 18:53:14,259 - __main__ - INFO - Calling Shipout API: PUT https://manage.lemiex.us/api/orders/change-status-items
2026-01-03 18:53:14,261 - __main__ - INFO - Payload: {'item_id': 27, 'meta_key': 'front', 'status': True}
2026-01-03 18:53:15,535 - __main__ - INFO - Response status: 400
2026-01-03 18:53:15,535 - __main__ - INFO - Response body: {"code":400,"status":false,"message":"Order must be packed before shipout. Current status: shipped","data":null}
2026-01-03 18:53:15,536 - __main__ - INFO - Calling Shipout API: PUT https://manage.lemiex.us/api/orders/change-status-items
2026-01-03 18:53:15,536 - __main__ - INFO - Payload: {'item_id': 27, 'meta_key': 'sleeve_right', 'status': True}
2026-01-03 18:53:16,911 - __main__ - INFO - Response status: 400
2026-01-03 18:53:16,912 - __main__ - INFO - Response body: {"code":400,"status":false,"message":"Order must be packed before shipout. Current status: shipped","data":null}
2026-01-03 18:53:16,912 - __main__ - INFO - Calling Shipout API: PUT https://manage.lemiex.us/api/orders/change-status-items
2026-01-03 18:53:16,912 - __main__ - INFO - Payload: {'item_id': 27, 'meta_key': 'sleeve_left', 'status': True}
2026-01-03 18:53:18,258 - __main__ - INFO - Response status: 400
2026-01-03 18:53:18,258 - __main__ - INFO - Response body: {"code":400,"status":false,"message":"Order must be packed before shipout. Current status: shipped","data":null}
2026-01-03 18:53:18,258 - __main__ - INFO - Calling Shipout API: PUT https://manage.lemiex.us/api/orders/change-status-items
2026-01-03 18:53:18,259 - __main__ - INFO - Payload: {'item_id': 28, 'meta_key': 'front', 'status': True}
2026-01-03 18:53:19,420 - __main__ - INFO - Response status: 400
2026-01-03 18:53:19,421 - __main__ - INFO - Response body: {"code":400,"status":false,"message":"Order must be packed before shipout. Current status: shipped","data":null}
2026-01-03 18:53:19,423 - __main__ - INFO - Shipout activated for order 22: 0/4 success
2026-01-03 18:53:58,179 - scanner.com_scanner - INFO - Decoded text from scanner_1: 'https://manage.lemiex.us/track/23?stt=2&item_id=30&item_stt=2\r'
2026-01-03 18:53:58,180 - scanner.com_scanner - INFO - Scanner scanner_1 scan: https://manage.lemiex.us/track/23?stt=2&item_id=30&item_stt=2
2026-01-03 18:53:58,180 - __main__ - INFO - Scan received: https://manage.lemiex.us/track/23?stt=2&item_id=30&item_stt=2
2026-01-03 18:53:58,180 - __main__ - INFO - Calling track API: https://manage.lemiex.us/api/orders/track/23?stt=2&item_id=30&item_stt=2
2026-01-03 18:54:00,182 - __main__ - INFO - Track API response success, items count: 2
2026-01-03 18:54:00,183 - __main__ - INFO - Track result items: 2
2026-01-03 18:54:00,184 - __main__ - INFO - Downloading label: https://s3.us-east-005.backblazeb2.com/Lemiex-Fulfillment/converted_label/label_23.jpg?random=333265
2026-01-03 18:54:03,362 - __main__ - INFO - Label saved: D:\2025 Code\Lemiex-app-qc\temp_videos\label_20260103_185403.jpg
2026-01-03 18:54:05,383 - __main__ - INFO - Label sent to printer: Xprinter XP-350B
2026-01-03 18:54:05,433 - __main__ - INFO - Calling Shipout API: PUT https://manage.lemiex.us/api/orders/change-status-items
2026-01-03 18:54:05,433 - __main__ - INFO - Payload: {'item_id': 29, 'meta_key': 'front', 'status': True}
2026-01-03 18:54:06,621 - __main__ - INFO - Response status: 400
2026-01-03 18:54:06,621 - __main__ - INFO - Response body: {"code":400,"status":false,"message":"Order must be packed before shipout. Current status: shipped","data":null}
2026-01-03 18:54:06,622 - __main__ - INFO - Calling Shipout API: PUT https://manage.lemiex.us/api/orders/change-status-items
2026-01-03 18:54:06,622 - __main__ - INFO - Payload: {'item_id': 30, 'meta_key': 'front', 'status': True}
2026-01-03 18:54:07,762 - __main__ - INFO - Response status: 400
2026-01-03 18:54:07,762 - __main__ - INFO - Response body: {"code":400,"status":false,"message":"Order must be packed before shipout. Current status: shipped","data":null}
2026-01-03 18:54:07,762 - __main__ - INFO - Shipout activated for order 23: 0/2 success
2026-01-03 19:10:16,836 - scanner.com_scanner - INFO - Decoded text from scanner_1: 'https://manage.lemiex.us/track/23?stt=2&item_id=30&item_stt=2\r'
2026-01-03 19:10:16,890 - scanner.com_scanner - INFO - Scanner scanner_1 scan: https://manage.lemiex.us/track/23?stt=2&item_id=30&item_stt=2
2026-01-03 19:10:16,943 - __main__ - INFO - Scan received: https://manage.lemiex.us/track/23?stt=2&item_id=30&item_stt=2
2026-01-03 19:10:16,962 - __main__ - INFO - Calling track API: https://manage.lemiex.us/api/orders/track/23?stt=2&item_id=30&item_stt=2
2026-01-03 19:10:18,586 - __main__ - INFO - Track API response success, items count: 2
2026-01-03 19:10:18,586 - __main__ - INFO - Track result items: 2
2026-01-03 19:10:18,590 - __main__ - INFO - Downloading label: https://s3.us-east-005.backblazeb2.com/Lemiex-Fulfillment/converted_label/label_23.jpg?random=333265
2026-01-03 19:10:22,977 - __main__ - INFO - Label saved: D:\2025 Code\Lemiex-app-qc\temp_videos\label_20260103_191022.jpg
2026-01-03 19:10:25,015 - __main__ - INFO - Label sent to printer: Xprinter XP-350B
2026-01-03 19:10:25,177 - __main__ - INFO - Calling Shipout API: PUT https://manage.lemiex.us/api/orders/change-status-items
2026-01-03 19:10:25,182 - __main__ - INFO - Payload: {'item_id': 29, 'meta_key': 'front', 'status': True}
2026-01-03 19:10:26,315 - __main__ - INFO - Response status: 400
2026-01-03 19:10:26,317 - __main__ - INFO - Response body: {"code":400,"status":false,"message":"Order must be packed before shipout. Current status: shipped","data":null}
2026-01-03 19:10:26,317 - __main__ - INFO - Calling Shipout API: PUT https://manage.lemiex.us/api/orders/change-status-items
2026-01-03 19:10:26,317 - __main__ - INFO - Payload: {'item_id': 30, 'meta_key': 'front', 'status': True}
2026-01-03 19:10:27,452 - __main__ - INFO - Response status: 400
2026-01-03 19:10:27,544 - __main__ - INFO - Response body: {"code":400,"status":false,"message":"Order must be packed before shipout. Current status: shipped","data":null}
2026-01-03 19:10:27,552 - __main__ - INFO - Shipout activated for order 23: 0/2 success
2026-01-03 19:23:29,108 - __main__ - INFO - Starting Lemiex Order Manager (Eel UI)
2026-01-03 19:23:29,109 - __main__ - INFO - Starting as desktop app using Edge
2026-01-03 19:23:30,118 - __main__ - INFO - Desktop app launched with PID: 490196
2026-01-03 19:23:30,563 - geventwebsocket.handler - INFO - 127.0.0.1 - - [2026-01-03 19:23:30] "GET /index.html HTTP/1.1" 200 19395 0.000923
2026-01-03 19:23:30,573 - geventwebsocket.handler - INFO - 127.0.0.1 - - [2026-01-03 19:23:30] "GET /eel.js HTTP/1.1" 200 6649 0.000343
2026-01-03 19:23:30,577 - geventwebsocket.handler - INFO - 127.0.0.1 - - [2026-01-03 19:23:30] "GET /css/style.css HTTP/1.1" 200 9698 0.000868
2026-01-03 19:23:30,578 - geventwebsocket.handler - INFO - 127.0.0.1 - - [2026-01-03 19:23:30] "GET /js/app.js HTTP/1.1" 200 96756 0.000610
2026-01-03 19:23:30,800 - geventwebsocket.handler - INFO - 127.0.0.1 - - [2026-01-03 19:23:30] "GET /favicon.ico HTTP/1.1" 404 882 0.002272
2026-01-03 19:23:32,259 - __main__ - INFO - Auto-starting camera...
2026-01-03 19:23:32,259 - camera.camera_manager - INFO - Camera added: camera_0
2026-01-03 19:23:34,866 - camera.camera_manager - INFO - Camera camera_0 connected
2026-01-03 19:23:34,867 - camera.camera_manager - INFO - Camera camera_0 started
2026-01-03 19:23:34,867 - camera.camera_manager - INFO - Camera manager started with 1 cameras
2026-01-03 19:23:34,868 - __main__ - INFO - Auto-detecting scanner...
2026-01-03 19:23:34,874 - __main__ - INFO - Found COM3: {'port': 'COM3', 'description': 'USB Serial Device (COM3)', 'hwid': 'USB VID:PID=152A:880F SER=00000000050C LOCATION=1-4'}
2026-01-03 19:23:34,875 - scanner.scanner_manager - INFO - Scanner added: scanner_1 on COM3
2026-01-03 19:23:34,876 - scanner.com_scanner - INFO - Scanner scanner_1 connected on COM3
2026-01-03 19:23:34,877 - scanner.com_scanner - INFO - Scanner scanner_1 reading thread started
2026-01-03 19:23:34,877 - scanner.scanner_manager - INFO - Scanner manager started with 1 scanners
2026-01-03 19:23:34,877 - __main__ - INFO - Scanner started on COM3
2026-01-03 19:23:34,877 - __main__ - INFO - Auto-started scanner on COM3
2026-01-03 19:23:35,236 - __main__ - INFO - Recording limit set to: 15s
2026-01-03 19:23:36,338 - __main__ - INFO - Found 5 printers
2026-01-03 19:23:36,339 - __main__ - INFO - Device states synced with frontend
2026-01-03 19:23:36,813 - camera.camera_manager - WARNING - Camera camera_0 too many failures, reconnecting...
2026-01-03 19:23:39,346 - camera.camera_manager - INFO - Camera camera_0 connected
2026-01-03 19:23:41,593 - scanner.com_scanner - INFO - Decoded text from scanner_1: 'https://manage.lemiex.us/track/23?stt=2&item_id=30&item_stt=2\r'
2026-01-03 19:23:41,594 - scanner.com_scanner - INFO - Scanner scanner_1 scan: https://manage.lemiex.us/track/23?stt=2&item_id=30&item_stt=2
2026-01-03 19:23:41,594 - __main__ - INFO - Scan received: https://manage.lemiex.us/track/23?stt=2&item_id=30&item_stt=2
2026-01-03 19:23:41,595 - __main__ - INFO - Calling track API: https://manage.lemiex.us/api/orders/track/23?stt=2&item_id=30&item_stt=2
2026-01-03 19:23:43,204 - __main__ - INFO - Track API response success, items count: 2
2026-01-03 19:23:43,204 - __main__ - INFO - Track result items: 2
2026-01-03 19:23:45,762 - __main__ - INFO - Downloading label: https://s3.us-east-005.backblazeb2.com/Lemiex-Fulfillment/converted_label/label_23.jpg?random=333265
2026-01-03 19:23:49,835 - __main__ - INFO - Label saved: D:\2025 Code\Lemiex-app-qc\temp_videos\label_20260103_192349.jpg
2026-01-03 19:23:52,029 - __main__ - INFO - Label sent to printer: Xprinter XP-350B
2026-01-03 19:23:55,266 - __main__ - INFO - Calling Shipout API: PUT https://manage.lemiex.us/api/orders/change-status-items
2026-01-03 19:23:55,266 - __main__ - INFO - Payload: {'item_id': 29, 'meta_key': 'front', 'status': True}
2026-01-03 19:23:56,433 - __main__ - INFO - Response status: 400
2026-01-03 19:23:56,434 - __main__ - INFO - Response body: {"code":400,"status":false,"message":"Order must be packed before shipout. Current status: shipped","data":null}
2026-01-03 19:23:56,434 - __main__ - INFO - Calling Shipout API: PUT https://manage.lemiex.us/api/orders/change-status-items
2026-01-03 19:23:56,434 - __main__ - INFO - Payload: {'item_id': 30, 'meta_key': 'front', 'status': True}
2026-01-03 19:23:57,514 - __main__ - INFO - Response status: 400
2026-01-03 19:23:57,515 - __main__ - INFO - Response body: {"code":400,"status":false,"message":"Order must be packed before shipout. Current status: shipped","data":null}
2026-01-03 19:23:57,516 - __main__ - INFO - Shipout activated for order 23: 0/2 success
2026-01-03 20:26:58,003 - scanner.com_scanner - INFO - Decoded text from scanner_1: 'https://manage.lemiex.us/track/23?stt=2&item_id=30&item_stt=2\r'
2026-01-03 20:26:58,003 - scanner.com_scanner - INFO - Scanner scanner_1 scan: https://manage.lemiex.us/track/23?stt=2&item_id=30&item_stt=2
2026-01-03 20:26:58,003 - __main__ - INFO - Scan received: https://manage.lemiex.us/track/23?stt=2&item_id=30&item_stt=2
2026-01-03 20:26:58,003 - __main__ - INFO - Calling track API: https://manage.lemiex.us/api/orders/track/23?stt=2&item_id=30&item_stt=2
2026-01-03 20:26:59,770 - __main__ - INFO - Track API response success, items count: 2
2026-01-03 20:26:59,770 - __main__ - INFO - Track result items: 2
2026-01-03 20:27:02,405 - __main__ - INFO - Downloading label: https://s3.us-east-005.backblazeb2.com/Lemiex-Fulfillment/converted_label/label_23.jpg?random=333265
2026-01-03 20:27:09,151 - __main__ - INFO - Label saved: D:\2025 Code\Lemiex-app-qc\temp_videos\label_20260103_202709.jpg
2026-01-03 20:27:11,289 - __main__ - INFO - Label sent to printer: Xprinter XP-350B
2026-01-03 20:27:16,446 - __main__ - INFO - Calling Shipout API: PUT https://manage.lemiex.us/api/orders/change-status-items
2026-01-03 20:27:16,450 - __main__ - INFO - Payload: {'item_id': 29, 'meta_key': 'front', 'status': True}
2026-01-03 20:27:18,073 - __main__ - INFO - Response status: 400
2026-01-03 20:27:18,074 - __main__ - INFO - Response body: {"code":400,"status":false,"message":"Order must be packed before shipout. Current status: shipped","data":null}
2026-01-03 20:27:18,074 - __main__ - INFO - Calling Shipout API: PUT https://manage.lemiex.us/api/orders/change-status-items
2026-01-03 20:27:18,075 - __main__ - INFO - Payload: {'item_id': 30, 'meta_key': 'front', 'status': True}
2026-01-03 20:27:19,350 - __main__ - INFO - Response status: 400
2026-01-03 20:27:19,351 - __main__ - INFO - Response body: {"code":400,"status":false,"message":"Order must be packed before shipout. Current status: shipped","data":null}
2026-01-03 20:27:19,352 - __main__ - INFO - Shipout activated for order 23: 0/2 success
2026-01-03 20:27:33,216 - scanner.com_scanner - INFO - Decoded text from scanner_1: 'https://manage.lemiex.us/track/22?stt=1&item_id=27&item_stt=1\r'
2026-01-03 20:27:33,221 - scanner.com_scanner - INFO - Scanner scanner_1 scan: https://manage.lemiex.us/track/22?stt=1&item_id=27&item_stt=1
2026-01-03 20:27:33,229 - __main__ - INFO - Scan received: https://manage.lemiex.us/track/22?stt=1&item_id=27&item_stt=1
2026-01-03 20:27:33,250 - __main__ - INFO - Calling track API: https://manage.lemiex.us/api/orders/track/22?stt=1&item_id=27&item_stt=1
2026-01-03 20:27:35,553 - __main__ - INFO - Track API response success, items count: 2
2026-01-03 20:27:35,554 - __main__ - INFO - Track result items: 2
2026-01-03 20:27:38,652 - __main__ - INFO - Downloading label: https://s3.us-east-005.backblazeb2.com/Lemiex-Fulfillment/converted_label/label_22.jpg?random=739207
2026-01-03 20:27:42,733 - __main__ - INFO - Label saved: D:\2025 Code\Lemiex-app-qc\temp_videos\label_20260103_202742.jpg
2026-01-03 20:27:43,652 - __main__ - INFO - Label sent to printer: Xprinter XP-350B
2026-01-03 20:27:45,552 - __main__ - INFO - Calling Shipout API: PUT https://manage.lemiex.us/api/orders/change-status-items
2026-01-03 20:27:45,552 - __main__ - INFO - Payload: {'item_id': 27, 'meta_key': 'front', 'status': True}
2026-01-03 20:27:46,800 - __main__ - INFO - Response status: 400
2026-01-03 20:27:46,801 - __main__ - INFO - Response body: {"code":400,"status":false,"message":"Order must be packed before shipout. Current status: shipped","data":null}
2026-01-03 20:27:46,802 - __main__ - INFO - Calling Shipout API: PUT https://manage.lemiex.us/api/orders/change-status-items
2026-01-03 20:27:46,803 - __main__ - INFO - Payload: {'item_id': 27, 'meta_key': 'sleeve_right', 'status': True}
2026-01-03 20:27:48,233 - __main__ - INFO - Response status: 400
2026-01-03 20:27:48,234 - __main__ - INFO - Response body: {"code":400,"status":false,"message":"Order must be packed before shipout. Current status: shipped","data":null}
2026-01-03 20:27:48,234 - __main__ - INFO - Calling Shipout API: PUT https://manage.lemiex.us/api/orders/change-status-items
2026-01-03 20:27:48,235 - __main__ - INFO - Payload: {'item_id': 27, 'meta_key': 'sleeve_left', 'status': True}
2026-01-03 20:27:49,414 - __main__ - INFO - Response status: 400
2026-01-03 20:27:49,474 - __main__ - INFO - Response body: {"code":400,"status":false,"message":"Order must be packed before shipout. Current status: shipped","data":null}
2026-01-03 20:27:49,474 - __main__ - INFO - Calling Shipout API: PUT https://manage.lemiex.us/api/orders/change-status-items
2026-01-03 20:27:49,475 - __main__ - INFO - Payload: {'item_id': 28, 'meta_key': 'front', 'status': True}
2026-01-03 20:27:50,645 - __main__ - INFO - Response status: 400
2026-01-03 20:27:50,645 - __main__ - INFO - Response body: {"code":400,"status":false,"message":"Order must be packed before shipout. Current status: shipped","data":null}
2026-01-03 20:27:50,646 - __main__ - INFO - Shipout activated for order 22: 0/4 success
2026-01-03 21:21:14,512 - core.auth_manager - INFO - User logged out
2026-01-03 21:21:14,937 - camera.camera_manager - INFO - Camera camera_0 stopped
2026-01-03 21:21:14,938 - camera.camera_manager - INFO - Camera manager stopped
2026-01-03 21:21:19,455 - core.auth_manager - INFO - User logged in: qc@lemiex.com
2026-01-03 21:21:19,456 - __main__ - INFO - User logged in: qc@lemiex.com
2026-01-03 21:21:19,457 - __main__ - INFO - Auto-starting camera...
2026-01-03 21:21:22,753 - camera.camera_manager - INFO - Camera camera_0 connected
2026-01-03 21:21:22,755 - camera.camera_manager - INFO - Camera camera_0 started
2026-01-03 21:21:22,755 - camera.camera_manager - INFO - Camera manager started with 1 cameras
2026-01-03 21:21:22,756 - __main__ - INFO - Auto-detecting scanner...
2026-01-03 21:21:22,763 - __main__ - INFO - Found COM3: {'port': 'COM3', 'description': 'USB Serial Device (COM3)', 'hwid': 'USB VID:PID=152A:880F SER=00000000050C LOCATION=1-4'}
2026-01-03 21:21:22,764 - __main__ - INFO - Scanner already connected
2026-01-03 21:24:05,018 - scanner.com_scanner - INFO - Decoded text from scanner_1: 'https://manage.lemiex.us/track/24?stt=1&item_id=31&item_stt=1\r'
2026-01-03 21:24:05,026 - scanner.com_scanner - INFO - Scanner scanner_1 scan: https://manage.lemiex.us/track/24?stt=1&item_id=31&item_stt=1
2026-01-03 21:24:05,029 - __main__ - INFO - Scan received: https://manage.lemiex.us/track/24?stt=1&item_id=31&item_stt=1
2026-01-03 21:24:05,165 - __main__ - INFO - Calling track API: https://manage.lemiex.us/api/orders/track/24?stt=1&item_id=31&item_stt=1
2026-01-03 21:24:06,720 - __main__ - INFO - Track API response success, items count: 1
2026-01-03 21:24:06,721 - __main__ - INFO - Track result items: 1
2026-01-03 21:24:12,281 - camera.camera_manager - INFO - Camera camera_0 started recording: D:\2025 Code\Lemiex-app-qc\temp_videos\qc_24_31_20260103_212412.mp4 at (1280, 720))
2026-01-03 21:24:12,281 - __main__ - INFO - QC recording started: D:\2025 Code\Lemiex-app-qc\temp_videos\qc_24_31_20260103_212412.mp4
2026-01-03 21:24:12,284 - __main__ - INFO - Calling QC API: PUT https://manage.lemiex.us/api/orders/change-status-items
2026-01-03 21:24:12,285 - __main__ - INFO - Payload: {'item_id': 31, 'meta_key': 'front', 'status': True}
2026-01-03 21:24:13,516 - __main__ - INFO - Response status: 200
2026-01-03 21:24:13,517 - __main__ - INFO - QC activated for item 31, position: front
2026-01-03 21:24:15,872 - __main__ - INFO - Calling track API: https://manage.lemiex.us/api/orders/track/24?item_id=31
2026-01-03 21:24:17,260 - __main__ - INFO - Track API response success, items count: 1
2026-01-03 21:24:27,089 - __main__ - INFO - Recording limit reached: 15s >= 15s
2026-01-03 21:24:27,089 - __main__ - INFO - Stopping QC recording for order 24
2026-01-03 21:24:27,095 - camera.camera_manager - INFO - Camera camera_0 stopped recording
2026-01-03 21:24:29,038 - camera.camera_manager - INFO - Converting video to H.264: D:\2025 Code\Lemiex-app-qc\temp_videos\qc_24_31_20260103_212412.mp4 -> D:\2025 Code\Lemiex-app-qc\temp_videos\qc_24_31_20260103_212412_h264.mp4
2026-01-03 21:24:30,652 - camera.camera_manager - INFO - Video converted successfully: D:\2025 Code\Lemiex-app-qc\temp_videos\qc_24_31_20260103_212412.mp4
2026-01-03 21:24:30,652 - __main__ - INFO - QC recording stopped: D:\2025 Code\Lemiex-app-qc\temp_videos\qc_24_31_20260103_212412.mp4
2026-01-03 21:24:30,653 - __main__ - WARNING - No recording to stop
2026-01-03 21:24:30,653 - __main__ - INFO - Video queued for upload. Queue size: 1
2026-01-03 21:24:30,656 - __main__ - INFO - Uploading video to API: D:\2025 Code\Lemiex-app-qc\temp_videos\qc_24_31_20260103_212412.mp4
2026-01-03 21:24:30,657 - __main__ - INFO - Video API payload: order_id=24, order_item_id=31, file=qc_24_31_20260103_212412.mp4, size=2626563
2026-01-03 21:24:34,536 - __main__ - INFO - Video API response: 200
2026-01-03 21:24:34,537 - __main__ - INFO - Video saved successfully: 
2026-01-03 21:24:39,063 - core.auth_manager - INFO - User logged out
2026-01-03 21:24:39,510 - camera.camera_manager - INFO - Camera camera_0 stopped
2026-01-03 21:24:39,511 - camera.camera_manager - INFO - Camera manager stopped
2026-01-03 21:24:53,762 - core.auth_manager - INFO - User logged in: packing@lemiex.com
2026-01-03 21:24:53,763 - __main__ - INFO - User logged in: packing@lemiex.com
2026-01-03 21:24:53,763 - __main__ - INFO - Auto-starting camera...
2026-01-03 21:24:56,415 - camera.camera_manager - INFO - Camera camera_0 connected
2026-01-03 21:24:56,416 - camera.camera_manager - INFO - Camera camera_0 started
2026-01-03 21:24:56,416 - camera.camera_manager - INFO - Camera manager started with 1 cameras
2026-01-03 21:24:56,416 - __main__ - INFO - Auto-detecting scanner...
2026-01-03 21:24:56,424 - __main__ - INFO - Found COM3: {'port': 'COM3', 'description': 'USB Serial Device (COM3)', 'hwid': 'USB VID:PID=152A:880F SER=00000000050C LOCATION=1-4'}
2026-01-03 21:24:56,425 - __main__ - INFO - Scanner already connected
2026-01-03 21:25:03,082 - scanner.com_scanner - INFO - Decoded text from scanner_1: 'https://manage.lemiex.us/track/24?stt=1&item_id=31&item_stt=1\r'
2026-01-03 21:25:03,083 - scanner.com_scanner - INFO - Scanner scanner_1 scan: https://manage.lemiex.us/track/24?stt=1&item_id=31&item_stt=1
2026-01-03 21:25:03,083 - __main__ - INFO - Scan received: https://manage.lemiex.us/track/24?stt=1&item_id=31&item_stt=1
2026-01-03 21:25:03,083 - __main__ - INFO - Calling track API: https://manage.lemiex.us/api/orders/track/24?stt=1&item_id=31&item_stt=1
2026-01-03 21:25:04,487 - __main__ - INFO - Track API response success, items count: 1
2026-01-03 21:25:04,519 - __main__ - INFO - Track result items: 1
2026-01-03 21:25:04,584 - camera.camera_manager - INFO - Camera camera_0 started recording: D:\2025 Code\Lemiex-app-qc\temp_videos\packing_24_20260103_212504.mp4 at (1280, 720))
2026-01-03 21:25:04,592 - __main__ - INFO - Packing recording started: D:\2025 Code\Lemiex-app-qc\temp_videos\packing_24_20260103_212504.mp4 (limit: 15s for 1 items)
2026-01-03 21:25:04,611 - __main__ - INFO - Calling Packing API: PUT https://manage.lemiex.us/api/orders/change-status-items
2026-01-03 21:25:04,617 - __main__ - INFO - Payload: {'item_id': '31', 'meta_key': 'front', 'status': True}
2026-01-03 21:25:05,978 - __main__ - INFO - Response status: 200
2026-01-03 21:25:05,983 - __main__ - INFO - Packing activated for item 31
2026-01-03 21:25:05,988 - __main__ - INFO - Packing activated for order 24: [{'item_id': '31', 'success': True}]
2026-01-03 21:25:06,084 - __main__ - INFO - Calling track API: https://manage.lemiex.us/api/orders/track/24
2026-01-03 21:25:07,311 - __main__ - INFO - Track API response success, items count: 1
2026-01-03 21:25:19,630 - __main__ - INFO - Packing recording limit reached: 15s >= 15s
2026-01-03 21:25:19,635 - camera.camera_manager - INFO - Camera camera_0 stopped recording
2026-01-03 21:25:19,635 - camera.camera_manager - INFO - Converting video to H.264: D:\2025 Code\Lemiex-app-qc\temp_videos\packing_24_20260103_212504.mp4 -> D:\2025 Code\Lemiex-app-qc\temp_videos\packing_24_20260103_212504_h264.mp4
2026-01-03 21:25:20,938 - camera.camera_manager - INFO - Video converted successfully: D:\2025 Code\Lemiex-app-qc\temp_videos\packing_24_20260103_212504.mp4
2026-01-03 21:25:20,939 - __main__ - INFO - Packing recording stopped: D:\2025 Code\Lemiex-app-qc\temp_videos\packing_24_20260103_212504.mp4
2026-01-03 21:25:20,939 - __main__ - INFO - Video queued for upload. Queue size: 1
2026-01-03 21:25:20,940 - __main__ - INFO - Uploading video to API: D:\2025 Code\Lemiex-app-qc\temp_videos\packing_24_20260103_212504.mp4
2026-01-03 21:25:20,943 - __main__ - INFO - Video API payload: order_id=24, order_item_id=31, file=packing_24_20260103_212504.mp4, size=2209966
2026-01-03 21:25:24,910 - __main__ - INFO - Video API response: 200
2026-01-03 21:25:24,911 - __main__ - INFO - Video saved successfully: 
2026-01-03 21:25:33,307 - core.auth_manager - INFO - User logged out
2026-01-03 21:25:33,723 - camera.camera_manager - INFO - Camera camera_0 stopped
2026-01-03 21:25:33,724 - camera.camera_manager - INFO - Camera manager stopped
2026-01-03 21:25:38,682 - core.auth_manager - INFO - User logged in: shipout@lemiex.com
2026-01-03 21:25:38,683 - __main__ - INFO - User logged in: shipout@lemiex.com
2026-01-03 21:25:38,683 - __main__ - INFO - Auto-starting camera...
2026-01-03 21:25:41,655 - camera.camera_manager - INFO - Camera camera_0 connected
2026-01-03 21:25:41,656 - camera.camera_manager - INFO - Camera camera_0 started
2026-01-03 21:25:41,656 - camera.camera_manager - INFO - Camera manager started with 1 cameras
2026-01-03 21:25:41,657 - __main__ - INFO - Auto-detecting scanner...
2026-01-03 21:25:41,663 - __main__ - INFO - Found COM3: {'port': 'COM3', 'description': 'USB Serial Device (COM3)', 'hwid': 'USB VID:PID=152A:880F SER=00000000050C LOCATION=1-4'}
2026-01-03 21:25:41,663 - __main__ - INFO - Scanner already connected
2026-01-03 21:25:44,625 - scanner.com_scanner - INFO - Decoded text from scanner_1: 'https://manage.lemiex.us/track/24?stt=1&item_id=31&item_stt=1\r'
2026-01-03 21:25:44,625 - scanner.com_scanner - INFO - Scanner scanner_1 scan: https://manage.lemiex.us/track/24?stt=1&item_id=31&item_stt=1
2026-01-03 21:25:44,626 - __main__ - INFO - Scan received: https://manage.lemiex.us/track/24?stt=1&item_id=31&item_stt=1
2026-01-03 21:25:44,626 - __main__ - INFO - Calling track API: https://manage.lemiex.us/api/orders/track/24?stt=1&item_id=31&item_stt=1
2026-01-03 21:25:46,152 - __main__ - INFO - Track API response success, items count: 1
2026-01-03 21:25:46,152 - __main__ - INFO - Track result items: 1
2026-01-03 21:25:50,398 - __main__ - INFO - Downloading label: https://s3.us-east-005.backblazeb2.com/Lemiex-Fulfillment/converted_label/label_24.jpg?random=937740
2026-01-03 21:25:55,291 - __main__ - INFO - Label saved: D:\2025 Code\Lemiex-app-qc\temp_videos\label_20260103_212555.jpg
2026-01-03 21:25:57,469 - __main__ - INFO - Label sent to printer: Xprinter XP-350B
2026-01-03 21:25:57,476 - __main__ - INFO - Calling Shipout API: PUT https://manage.lemiex.us/api/orders/change-status-items
2026-01-03 21:25:57,477 - __main__ - INFO - Payload: {'item_id': 31, 'meta_key': 'front', 'status': True}
2026-01-03 21:25:58,689 - __main__ - INFO - Response status: 200
2026-01-03 21:25:58,690 - __main__ - INFO - Shipout activated for order 24: 1/1 success
2026-01-03 21:25:58,691 - __main__ - INFO - Calling track API: https://manage.lemiex.us/api/orders/track/24
2026-01-03 21:26:00,128 - __main__ - INFO - Track API response success, items count: 1
2026-01-03 21:26:43,610 - scanner.com_scanner - INFO - Decoded text from scanner_1: 'https://manage.lemiex.us/track/24?stt=1&item_id=31&item_stt=1\r'
2026-01-03 21:26:43,611 - scanner.com_scanner - INFO - Scanner scanner_1 scan: https://manage.lemiex.us/track/24?stt=1&item_id=31&item_stt=1
2026-01-03 21:26:43,611 - __main__ - INFO - Scan received: https://manage.lemiex.us/track/24?stt=1&item_id=31&item_stt=1
2026-01-03 21:26:43,611 - __main__ - INFO - Calling track API: https://manage.lemiex.us/api/orders/track/24?stt=1&item_id=31&item_stt=1
2026-01-03 21:26:45,040 - __main__ - INFO - Track API response success, items count: 1
2026-01-03 21:26:45,058 - __main__ - INFO - Track result items: 1
2026-01-03 21:26:49,112 - __main__ - INFO - Downloading label: https://s3.us-east-005.backblazeb2.com/Lemiex-Fulfillment/converted_label/label_24.jpg?random=937740
2026-01-03 21:26:56,504 - __main__ - INFO - Label saved: D:\2025 Code\Lemiex-app-qc\temp_videos\label_20260103_212656.jpg
2026-01-03 21:26:57,683 - __main__ - INFO - Label sent to printer: Xprinter XP-350B
2026-01-03 21:26:57,707 - __main__ - INFO - Calling Shipout API: PUT https://manage.lemiex.us/api/orders/change-status-items
2026-01-03 21:26:57,707 - __main__ - INFO - Payload: {'item_id': 31, 'meta_key': 'front', 'status': True}
2026-01-03 21:26:58,864 - __main__ - INFO - Response status: 400
2026-01-03 21:26:58,864 - __main__ - INFO - Response body: {"code":400,"status":false,"message":"Order must be packed before shipout. Current status: shipped","data":null}
2026-01-03 21:26:58,865 - __main__ - INFO - Shipout activated for order 24: 0/1 success
2026-01-03 23:10:30,239 - geventwebsocket.handler - INFO - 127.0.0.1 - - [2026-01-03 23:10:30] "GET /css/style.css HTTP/1.1" 200 9698 0.023924
2026-01-03 23:10:30,246 - geventwebsocket.handler - INFO - 127.0.0.1 - - [2026-01-03 23:10:30] "GET /.well-known/appspecific/com.chrome.devtools.json HTTP/1.1" 404 919 0.004234
2026-01-03 23:25:47,583 - __main__ - INFO - Starting Lemiex Order Manager (Eel UI)
2026-01-03 23:25:47,584 - __main__ - INFO - Starting as desktop app using Edge
2026-01-03 23:25:48,593 - __main__ - INFO - Desktop app launched with PID: 476008
2026-01-03 23:25:49,022 - geventwebsocket.handler - INFO - 127.0.0.1 - - [2026-01-03 23:25:49] "GET /index.html HTTP/1.1" 200 20185 0.000963
2026-01-03 23:25:49,032 - geventwebsocket.handler - INFO - 127.0.0.1 - - [2026-01-03 23:25:49] "GET /eel.js HTTP/1.1" 200 6649 0.000299
2026-01-03 23:25:49,044 - geventwebsocket.handler - INFO - 127.0.0.1 - - [2026-01-03 23:25:49] "GET /css/style.css HTTP/1.1" 200 9698 0.005397
2026-01-03 23:25:49,046 - geventwebsocket.handler - INFO - 127.0.0.1 - - [2026-01-03 23:25:49] "GET /js/app.js HTTP/1.1" 200 97704 0.000898
2026-01-03 23:25:50,693 - __main__ - INFO - Auto-starting camera...
2026-01-03 23:25:50,693 - camera.camera_manager - INFO - Camera added: camera_0
2026-01-03 23:25:52,905 - camera.camera_manager - INFO - Camera camera_0 connected
2026-01-03 23:25:52,906 - camera.camera_manager - INFO - Camera camera_0 started
2026-01-03 23:25:52,906 - camera.camera_manager - INFO - Camera manager started with 1 cameras
2026-01-03 23:25:52,907 - __main__ - INFO - Auto-detecting scanner...
2026-01-03 23:25:52,934 - __main__ - INFO - Found COM3: {'port': 'COM3', 'description': 'USB Serial Device (COM3)', 'hwid': 'USB VID:PID=152A:880F SER=00000000050C LOCATION=1-4'}
2026-01-03 23:25:52,934 - scanner.scanner_manager - INFO - Scanner added: scanner_1 on COM3
2026-01-03 23:25:52,938 - scanner.com_scanner - INFO - Scanner scanner_1 connected on COM3
2026-01-03 23:25:52,939 - scanner.com_scanner - INFO - Scanner scanner_1 reading thread started
2026-01-03 23:25:52,939 - scanner.scanner_manager - INFO - Scanner manager started with 1 scanners
2026-01-03 23:25:52,940 - __main__ - INFO - Scanner started on COM3
2026-01-03 23:25:52,940 - __main__ - INFO - Auto-started scanner on COM3
2026-01-03 23:25:53,299 - __main__ - INFO - Recording limit set to: 15s
2026-01-03 23:25:53,303 - geventwebsocket.handler - INFO - 127.0.0.1 - - [2026-01-03 23:25:53] "GET /favicon.ico HTTP/1.1" 404 882 0.001975
2026-01-03 23:25:54,843 - camera.camera_manager - WARNING - Camera camera_0 too many failures, reconnecting...
2026-01-03 23:25:55,475 - __main__ - INFO - Found 5 printers
2026-01-03 23:25:55,476 - __main__ - INFO - Device states synced with frontend
2026-01-03 23:25:57,699 - camera.camera_manager - INFO - Camera camera_0 connected
2026-01-03 23:26:18,441 - scanner.com_scanner - INFO - Decoded text from scanner_1: 'https://manage.lemiex.us/track/24?stt=1&item_id=31&item_stt=1\r'
2026-01-03 23:26:18,448 - scanner.com_scanner - INFO - Scanner scanner_1 scan: https://manage.lemiex.us/track/24?stt=1&item_id=31&item_stt=1
2026-01-03 23:26:18,450 - __main__ - INFO - Scan received: https://manage.lemiex.us/track/24?stt=1&item_id=31&item_stt=1
2026-01-03 23:26:18,452 - __main__ - INFO - Calling track API: https://manage.lemiex.us/api/orders/track/24?stt=1&item_id=31&item_stt=1
2026-01-03 23:26:21,521 - __main__ - INFO - Track API response success, items count: 1
2026-01-03 23:26:21,528 - __main__ - INFO - Track result items: 1
2026-01-03 23:28:16,730 - scanner.com_scanner - INFO - Decoded text from scanner_1: 'https://manage.lemiex.us/track/24?stt=1&item_id=31&item_stt=1\r'
2026-01-03 23:28:16,730 - scanner.com_scanner - INFO - Scanner scanner_1 scan: https://manage.lemiex.us/track/24?stt=1&item_id=31&item_stt=1
2026-01-03 23:28:16,731 - __main__ - INFO - Scan received: https://manage.lemiex.us/track/24?stt=1&item_id=31&item_stt=1
2026-01-03 23:28:16,731 - __main__ - INFO - Calling track API: https://manage.lemiex.us/api/orders/track/24?stt=1&item_id=31&item_stt=1
2026-01-03 23:28:17,897 - __main__ - INFO - Track API response success, items count: 1
2026-01-03 23:28:17,899 - __main__ - INFO - Track result items: 1
2026-01-03 23:32:30,766 - __main__ - INFO - Starting Lemiex Order Manager (Eel UI)
2026-01-03 23:32:30,766 - __main__ - INFO - Starting as desktop app using Edge
2026-01-03 23:32:31,784 - __main__ - INFO - Desktop app launched with PID: 32988
2026-01-03 23:32:32,264 - geventwebsocket.handler - INFO - 127.0.0.1 - - [2026-01-03 23:32:32] "GET /index.html HTTP/1.1" 200 20185 0.000729
2026-01-03 23:32:32,270 - geventwebsocket.handler - INFO - 127.0.0.1 - - [2026-01-03 23:32:32] "GET /eel.js HTTP/1.1" 200 6649 0.000278
2026-01-03 23:32:32,271 - geventwebsocket.handler - INFO - 127.0.0.1 - - [2026-01-03 23:32:32] "GET /css/style.css HTTP/1.1" 200 9698 0.000577
2026-01-03 23:32:32,273 - geventwebsocket.handler - INFO - 127.0.0.1 - - [2026-01-03 23:32:32] "GET /js/app.js HTTP/1.1" 200 97861 0.000555
2026-01-03 23:32:32,450 - geventwebsocket.handler - INFO - 127.0.0.1 - - [2026-01-03 23:32:32] "GET /favicon.ico HTTP/1.1" 404 882 0.001845
2026-01-03 23:32:34,280 - __main__ - INFO - Auto-starting camera...
2026-01-03 23:32:34,280 - camera.camera_manager - INFO - Camera added: camera_0
2026-01-03 23:32:36,501 - camera.camera_manager - INFO - Camera camera_0 connected
2026-01-03 23:32:36,502 - camera.camera_manager - INFO - Camera camera_0 started
2026-01-03 23:32:36,504 - camera.camera_manager - INFO - Camera manager started with 1 cameras
2026-01-03 23:32:36,505 - __main__ - INFO - Auto-detecting scanner...
2026-01-03 23:32:36,511 - __main__ - INFO - Found COM3: {'port': 'COM3', 'description': 'USB Serial Device (COM3)', 'hwid': 'USB VID:PID=152A:880F SER=00000000050C LOCATION=1-4'}
2026-01-03 23:32:36,511 - scanner.scanner_manager - INFO - Scanner added: scanner_1 on COM3
2026-01-03 23:32:36,513 - scanner.com_scanner - INFO - Scanner scanner_1 connected on COM3
2026-01-03 23:32:36,513 - scanner.com_scanner - INFO - Scanner scanner_1 reading thread started
2026-01-03 23:32:36,513 - scanner.scanner_manager - INFO - Scanner manager started with 1 scanners
2026-01-03 23:32:36,514 - __main__ - INFO - Scanner started on COM3
2026-01-03 23:32:36,514 - __main__ - INFO - Auto-started scanner on COM3
2026-01-03 23:32:36,921 - __main__ - INFO - Recording limit set to: 15s
2026-01-03 23:32:37,722 - __main__ - INFO - Found 5 printers
2026-01-03 23:32:37,723 - __main__ - INFO - Device states synced with frontend
2026-01-03 23:32:38,458 - camera.camera_manager - WARNING - Camera camera_0 too many failures, reconnecting...
2026-01-03 23:32:41,458 - camera.camera_manager - INFO - Camera camera_0 connected
2026-01-03 23:32:59,443 - scanner.com_scanner - INFO - Decoded text from scanner_1: 'https://manage.lemiex.us/track/24?stt=1&item_id=31&item_stt=1\r'
2026-01-03 23:32:59,443 - scanner.com_scanner - INFO - Scanner scanner_1 scan: https://manage.lemiex.us/track/24?stt=1&item_id=31&item_stt=1
2026-01-03 23:32:59,446 - __main__ - INFO - Scan received: https://manage.lemiex.us/track/24?stt=1&item_id=31&item_stt=1
2026-01-03 23:32:59,450 - __main__ - INFO - Calling track API: https://manage.lemiex.us/api/orders/track/24?stt=1&item_id=31&item_stt=1
2026-01-03 23:33:00,739 - __main__ - INFO - Track API response success, items count: 1
2026-01-03 23:33:00,741 - __main__ - INFO - Track result items: 1
2026-01-03 23:33:03,258 - __main__ - INFO - Downloading label: https://s3.us-east-005.backblazeb2.com/Lemiex-Fulfillment/converted_label/label_24.jpg?random=937740
2026-01-03 23:33:08,014 - __main__ - INFO - Label saved: D:\2025 Code\Lemiex-app-qc\temp_videos\label_20260103_233308.jpg
2026-01-03 23:33:32,975 - __main__ - INFO - Label sent to printer: Xprinter XP-350B
2026-01-03 23:33:33,011 - __main__ - INFO - Calling Shipout API: PUT https://manage.lemiex.us/api/orders/change-status-items
2026-01-03 23:33:33,011 - __main__ - INFO - Payload: {'item_id': 31, 'meta_key': 'front', 'status': True}
2026-01-03 23:33:34,422 - __main__ - INFO - Response status: 400
2026-01-03 23:33:34,422 - __main__ - INFO - Response body: {"code":400,"status":false,"message":"Order must be packed before shipout. Current status: shipped","data":null}
2026-01-03 23:33:34,422 - __main__ - INFO - Shipout activated for order 24: 0/1 success
2026-01-03 23:35:35,303 - __main__ - INFO - Starting Lemiex Order Manager (Eel UI)
2026-01-03 23:35:35,304 - __main__ - INFO - Starting as desktop app using Edge
2026-01-03 23:35:36,314 - __main__ - INFO - Desktop app launched with PID: 136472
2026-01-03 23:35:36,730 - geventwebsocket.handler - INFO - 127.0.0.1 - - [2026-01-03 23:35:36] "GET /index.html HTTP/1.1" 200 20185 0.002867
2026-01-03 23:35:36,742 - geventwebsocket.handler - INFO - 127.0.0.1 - - [2026-01-03 23:35:36] "GET /eel.js HTTP/1.1" 200 6649 0.000371
2026-01-03 23:35:36,744 - geventwebsocket.handler - INFO - 127.0.0.1 - - [2026-01-03 23:35:36] "GET /css/style.css HTTP/1.1" 200 9698 0.000915
2026-01-03 23:35:36,747 - geventwebsocket.handler - INFO - 127.0.0.1 - - [2026-01-03 23:35:36] "GET /js/app.js HTTP/1.1" 200 98375 0.000696
2026-01-03 23:35:37,014 - geventwebsocket.handler - INFO - 127.0.0.1 - - [2026-01-03 23:35:37] "GET /favicon.ico HTTP/1.1" 404 882 0.002623
2026-01-03 23:35:38,496 - __main__ - INFO - Auto-starting camera...
2026-01-03 23:35:38,497 - camera.camera_manager - INFO - Camera added: camera_0
2026-01-03 23:35:40,853 - camera.camera_manager - INFO - Camera camera_0 connected
2026-01-03 23:35:40,854 - camera.camera_manager - INFO - Camera camera_0 started
2026-01-03 23:35:40,854 - camera.camera_manager - INFO - Camera manager started with 1 cameras
2026-01-03 23:35:40,855 - __main__ - INFO - Auto-detecting scanner...
2026-01-03 23:35:40,861 - __main__ - INFO - Found COM3: {'port': 'COM3', 'description': 'USB Serial Device (COM3)', 'hwid': 'USB VID:PID=152A:880F SER=00000000050C LOCATION=1-4'}
2026-01-03 23:35:40,862 - scanner.scanner_manager - INFO - Scanner added: scanner_1 on COM3
2026-01-03 23:35:40,864 - scanner.com_scanner - INFO - Scanner scanner_1 connected on COM3
2026-01-03 23:35:40,864 - scanner.com_scanner - INFO - Scanner scanner_1 reading thread started
2026-01-03 23:35:40,865 - scanner.scanner_manager - INFO - Scanner manager started with 1 scanners
2026-01-03 23:35:40,865 - __main__ - INFO - Scanner started on COM3
2026-01-03 23:35:40,866 - __main__ - INFO - Auto-started scanner on COM3
2026-01-03 23:35:41,220 - __main__ - INFO - Recording limit set to: 15s
2026-01-03 23:35:42,882 - __main__ - INFO - Found 5 printers
2026-01-03 23:35:42,882 - __main__ - INFO - Device states synced with frontend
2026-01-03 23:35:42,913 - camera.camera_manager - WARNING - Camera camera_0 too many failures, reconnecting...
2026-01-03 23:35:46,035 - camera.camera_manager - INFO - Camera camera_0 connected
2026-01-03 23:35:51,716 - scanner.com_scanner - INFO - Decoded text from scanner_1: 'https://manage.lemiex.us/track/24?stt=1&item_id=31&item_stt=1\r'
2026-01-03 23:35:51,722 - scanner.com_scanner - INFO - Scanner scanner_1 scan: https://manage.lemiex.us/track/24?stt=1&item_id=31&item_stt=1
2026-01-03 23:35:51,729 - __main__ - INFO - Scan received: https://manage.lemiex.us/track/24?stt=1&item_id=31&item_stt=1
2026-01-03 23:35:51,732 - __main__ - INFO - Calling track API: https://manage.lemiex.us/api/orders/track/24?stt=1&item_id=31&item_stt=1
2026-01-03 23:35:53,376 - __main__ - INFO - Track API response success, items count: 1
2026-01-03 23:35:53,376 - __main__ - INFO - Track result items: 1
2026-01-03 23:36:04,045 - __main__ - ERROR - Fetch design preview error: HTTPSConnectionPool(host='s3.us-east-005.backblazeb2.com', port=443): Read timed out. (read timeout=10)
2026-01-03 23:36:04,050 - __main__ - INFO - Downloading label: https://s3.us-east-005.backblazeb2.com/Lemiex-Fulfillment/converted_label/label_24.jpg?random=937740
2026-01-03 23:36:09,334 - __main__ - INFO - Label saved: D:\2025 Code\Lemiex-app-qc\temp_videos\label_20260103_233609.jpg
2026-01-03 23:36:11,896 - __main__ - INFO - Label sent to printer: Xprinter XP-350B
2026-01-03 23:36:11,998 - __main__ - INFO - Calling Shipout API: PUT https://manage.lemiex.us/api/orders/change-status-items
2026-01-03 23:36:11,998 - __main__ - INFO - Payload: {'item_id': 31, 'meta_key': 'front', 'status': True}
2026-01-03 23:36:13,078 - __main__ - INFO - Response status: 400
2026-01-03 23:36:13,078 - __main__ - INFO - Response body: {"code":400,"status":false,"message":"Order must be packed before shipout. Current status: shipped","data":null}
2026-01-03 23:36:13,078 - __main__ - INFO - Shipout activated for order 24: 0/1 success
2026-01-03 23:36:57,568 - geventwebsocket.handler - INFO - 127.0.0.1 - - [2026-01-03 23:36:57] "GET /css/style.css HTTP/1.1" 200 9698 0.009248
2026-01-03 23:36:57,617 - geventwebsocket.handler - INFO - 127.0.0.1 - - [2026-01-03 23:36:57] "GET /.well-known/appspecific/com.chrome.devtools.json HTTP/1.1" 404 919 0.000521
2026-01-03 23:51:02,526 - __main__ - INFO - Starting Lemiex Order Manager (Eel UI)
2026-01-03 23:51:02,527 - __main__ - INFO - Starting as desktop app using Edge
2026-01-03 23:51:03,536 - __main__ - INFO - Desktop app launched with PID: 290984
2026-01-03 23:51:03,954 - geventwebsocket.handler - INFO - 127.0.0.1 - - [2026-01-03 23:51:03] "GET /index.html HTTP/1.1" 200 20185 0.000861
2026-01-03 23:51:03,961 - geventwebsocket.handler - INFO - 127.0.0.1 - - [2026-01-03 23:51:03] "GET /eel.js HTTP/1.1" 200 6665 0.000349
2026-01-03 23:51:03,972 - geventwebsocket.handler - INFO - 127.0.0.1 - - [2026-01-03 23:51:03] "GET /css/style.css HTTP/1.1" 200 9698 0.000880
2026-01-03 23:51:03,977 - geventwebsocket.handler - INFO - 127.0.0.1 - - [2026-01-03 23:51:03] "GET /js/app.js HTTP/1.1" 200 98534 0.000714
2026-01-03 23:51:04,162 - geventwebsocket.handler - INFO - 127.0.0.1 - - [2026-01-03 23:51:04] "GET /favicon.ico HTTP/1.1" 404 882 0.001806
2026-01-03 23:51:05,534 - __main__ - INFO - Auto-starting camera...
2026-01-03 23:51:05,535 - camera.camera_manager - INFO - Camera added: camera_0
2026-01-03 23:51:07,777 - camera.camera_manager - INFO - Camera camera_0 connected
2026-01-03 23:51:07,778 - camera.camera_manager - INFO - Camera camera_0 started
2026-01-03 23:51:07,778 - camera.camera_manager - INFO - Camera manager started with 1 cameras
2026-01-03 23:51:07,778 - __main__ - INFO - Auto-detecting scanner...
2026-01-03 23:51:07,784 - __main__ - INFO - Found COM3: {'port': 'COM3', 'description': 'USB Serial Device (COM3)', 'hwid': 'USB VID:PID=152A:880F SER=00000000050C LOCATION=1-4'}
2026-01-03 23:51:07,784 - scanner.scanner_manager - INFO - Scanner added: scanner_1 on COM3
2026-01-03 23:51:07,786 - scanner.com_scanner - INFO - Scanner scanner_1 connected on COM3
2026-01-03 23:51:07,786 - scanner.com_scanner - INFO - Scanner scanner_1 reading thread started
2026-01-03 23:51:07,786 - scanner.scanner_manager - INFO - Scanner manager started with 1 scanners
2026-01-03 23:51:07,787 - __main__ - INFO - Scanner started on COM3
2026-01-03 23:51:07,787 - __main__ - INFO - Auto-started scanner on COM3
2026-01-03 23:51:08,142 - __main__ - INFO - Recording limit set to: 15s
2026-01-03 23:51:09,102 - __main__ - INFO - Found 5 printers
2026-01-03 23:51:09,103 - __main__ - INFO - Device states synced with frontend
2026-01-03 23:51:09,709 - camera.camera_manager - WARNING - Camera camera_0 too many failures, reconnecting...
2026-01-03 23:51:12,220 - geventwebsocket.handler - INFO - 127.0.0.1 - - [2026-01-03 23:51:12] "GET /css/style.css HTTP/1.1" 200 9698 0.000654
2026-01-03 23:51:12,236 - geventwebsocket.handler - INFO - 127.0.0.1 - - [2026-01-03 23:51:12] "GET /.well-known/appspecific/com.chrome.devtools.json HTTP/1.1" 404 919 0.000380
2026-01-03 23:51:12,985 - camera.camera_manager - INFO - Camera camera_0 connected
2026-01-03 23:51:40,586 - scanner.com_scanner - INFO - Decoded text from scanner_1: 'https://manage.lemiex.us/track/24?stt=1&item_id=31&item_stt=1\r'
2026-01-03 23:51:40,587 - scanner.com_scanner - INFO - Scanner scanner_1 scan: https://manage.lemiex.us/track/24?stt=1&item_id=31&item_stt=1
2026-01-03 23:51:40,587 - __main__ - INFO - Scan received: https://manage.lemiex.us/track/24?stt=1&item_id=31&item_stt=1
2026-01-03 23:51:40,588 - __main__ - INFO - Calling track API: https://manage.lemiex.us/api/orders/track/24?stt=1&item_id=31&item_stt=1
2026-01-03 23:51:42,482 - __main__ - INFO - Track API response success, items count: 1
2026-01-03 23:51:42,483 - __main__ - INFO - Track result items: 1
2026-01-03 23:51:42,488 - __main__ - INFO - Preloading label: https://s3.us-east-005.backblazeb2.com/Lemiex-Fulfillment/converted_label/label_24.jpg?random=937740
2026-01-03 23:51:45,959 - __main__ - INFO - Label preloaded: D:\2025 Code\Lemiex-app-qc\temp_videos\label_cache_a6cec8bbf895.jpg
2026-01-03 23:51:48,891 - __main__ - INFO - Using cached label: D:\2025 Code\Lemiex-app-qc\temp_videos\label_cache_a6cec8bbf895.jpg
2026-01-03 23:51:52,998 - __main__ - INFO - Label sent to printer: Xprinter XP-350B
2026-01-03 23:51:53,007 - __main__ - INFO - Calling Shipout API: PUT https://manage.lemiex.us/api/orders/change-status-items
2026-01-03 23:51:53,007 - __main__ - INFO - Payload: {'item_id': 31, 'meta_key': 'front', 'status': True}
2026-01-03 23:51:54,062 - __main__ - INFO - Response status: 400
2026-01-03 23:51:54,063 - __main__ - INFO - Response body: {"code":400,"status":false,"message":"Order must be packed before shipout. Current status: shipped","data":null}
2026-01-03 23:51:54,063 - __main__ - INFO - Shipout activated for order 24: 0/1 success
2026-01-03 23:52:48,151 - scanner.com_scanner - INFO - Decoded text from scanner_1: 'https://manage.lemiex.us/track/22?stt=1&item_id=27&item_stt=1\r'
2026-01-03 23:52:48,152 - scanner.com_scanner - INFO - Scanner scanner_1 scan: https://manage.lemiex.us/track/22?stt=1&item_id=27&item_stt=1
2026-01-03 23:52:48,152 - __main__ - INFO - Scan received: https://manage.lemiex.us/track/22?stt=1&item_id=27&item_stt=1
2026-01-03 23:52:48,153 - __main__ - INFO - Calling track API: https://manage.lemiex.us/api/orders/track/22?stt=1&item_id=27&item_stt=1
2026-01-03 23:52:50,203 - __main__ - INFO - Track API response success, items count: 2
2026-01-03 23:52:50,203 - __main__ - INFO - Track result items: 2
2026-01-03 23:52:50,205 - __main__ - INFO - Preloading label: https://s3.us-east-005.backblazeb2.com/Lemiex-Fulfillment/converted_label/label_22.jpg?random=739207
2026-01-03 23:52:53,255 - __main__ - INFO - Label preloaded: D:\2025 Code\Lemiex-app-qc\temp_videos\label_cache_62970b2a3c6a.jpg
2026-01-03 23:52:57,059 - __main__ - INFO - Using cached label: D:\2025 Code\Lemiex-app-qc\temp_videos\label_cache_62970b2a3c6a.jpg
2026-01-03 23:52:59,280 - __main__ - INFO - Label sent to printer: Xprinter XP-350B
2026-01-03 23:53:04,385 - __main__ - INFO - Calling Shipout API: PUT https://manage.lemiex.us/api/orders/change-status-items
2026-01-03 23:53:04,386 - __main__ - INFO - Payload: {'item_id': 27, 'meta_key': 'front', 'status': True}
2026-01-03 23:53:05,558 - __main__ - INFO - Response status: 400
2026-01-03 23:53:05,558 - __main__ - INFO - Response body: {"code":400,"status":false,"message":"Order must be packed before shipout. Current status: shipped","data":null}
2026-01-03 23:53:05,558 - __main__ - INFO - Calling Shipout API: PUT https://manage.lemiex.us/api/orders/change-status-items
2026-01-03 23:53:05,559 - __main__ - INFO - Payload: {'item_id': 27, 'meta_key': 'sleeve_right', 'status': True}
2026-01-03 23:53:06,730 - __main__ - INFO - Response status: 400
2026-01-03 23:53:06,731 - __main__ - INFO - Response body: {"code":400,"status":false,"message":"Order must be packed before shipout. Current status: shipped","data":null}
2026-01-03 23:53:06,731 - __main__ - INFO - Calling Shipout API: PUT https://manage.lemiex.us/api/orders/change-status-items
2026-01-03 23:53:06,732 - __main__ - INFO - Payload: {'item_id': 27, 'meta_key': 'sleeve_left', 'status': True}
2026-01-03 23:53:08,355 - __main__ - INFO - Response status: 400
2026-01-03 23:53:08,359 - __main__ - INFO - Response body: {"code":400,"status":false,"message":"Order must be packed before shipout. Current status: shipped","data":null}
2026-01-03 23:53:08,401 - __main__ - INFO - Calling Shipout API: PUT https://manage.lemiex.us/api/orders/change-status-items
2026-01-03 23:53:08,405 - __main__ - INFO - Payload: {'item_id': 28, 'meta_key': 'front', 'status': True}
2026-01-03 23:53:10,219 - __main__ - INFO - Response status: 400
2026-01-03 23:53:10,220 - __main__ - INFO - Response body: {"code":400,"status":false,"message":"Order must be packed before shipout. Current status: shipped","data":null}
2026-01-03 23:53:10,220 - __main__ - INFO - Shipout activated for order 22: 0/4 success
2026-01-04 01:35:50,872 - core.auth_manager - INFO - User logged out
2026-01-04 01:35:51,372 - camera.camera_manager - INFO - Camera camera_0 stopped
2026-01-04 01:35:51,377 - camera.camera_manager - INFO - Camera manager stopped
2026-01-04 01:35:58,556 - core.auth_manager - INFO - User logged in: qc@lemiex.com
2026-01-04 01:35:58,557 - __main__ - INFO - User logged in: qc@lemiex.com
2026-01-04 01:35:58,557 - __main__ - INFO - Auto-starting camera...
2026-01-04 01:36:02,828 - camera.camera_manager - INFO - Camera camera_0 connected
2026-01-04 01:36:02,834 - camera.camera_manager - INFO - Camera camera_0 started
2026-01-04 01:36:02,838 - camera.camera_manager - INFO - Camera manager started with 1 cameras
2026-01-04 01:36:02,937 - __main__ - INFO - Auto-detecting scanner...
2026-01-04 01:36:02,969 - __main__ - INFO - Found COM3: {'port': 'COM3', 'description': 'USB Serial Device (COM3)', 'hwid': 'USB VID:PID=152A:880F SER=00000000050C LOCATION=1-4'}
2026-01-04 01:36:02,969 - __main__ - INFO - Scanner already connected
2026-01-04 01:37:05,289 - scanner.com_scanner - INFO - Decoded text from scanner_1: 'https://manage.lemiex.us/track/25?stt=1&item_id=32&item_stt=1\r'
2026-01-04 01:37:05,318 - scanner.com_scanner - INFO - Scanner scanner_1 scan: https://manage.lemiex.us/track/25?stt=1&item_id=32&item_stt=1
2026-01-04 01:37:05,329 - __main__ - INFO - Scan received: https://manage.lemiex.us/track/25?stt=1&item_id=32&item_stt=1
2026-01-04 01:37:05,330 - __main__ - INFO - Calling track API: https://manage.lemiex.us/api/orders/track/25?stt=1&item_id=32&item_stt=1
2026-01-04 01:37:07,846 - __main__ - INFO - Track API response success, items count: 1
2026-01-04 01:37:07,851 - __main__ - INFO - Track result items: 1
2026-01-04 01:37:18,254 - camera.camera_manager - INFO - Camera camera_0 started recording: D:\2025 Code\Lemiex-app-qc\temp_videos\qc_25_32_20260104_013715.mp4 at (1280, 720))
2026-01-04 01:37:18,460 - __main__ - INFO - QC recording started: D:\2025 Code\Lemiex-app-qc\temp_videos\qc_25_32_20260104_013715.mp4
2026-01-04 01:37:18,719 - __main__ - INFO - Calling QC API: PUT https://manage.lemiex.us/api/orders/change-status-items
2026-01-04 01:37:18,769 - __main__ - INFO - Payload: {'item_id': 32, 'meta_key': 'front', 'status': True}
2026-01-04 01:37:23,411 - __main__ - INFO - Response status: 200
2026-01-04 01:37:23,411 - __main__ - INFO - QC activated for item 32, position: front
2026-01-04 01:37:23,412 - __main__ - INFO - Calling QC API: PUT https://manage.lemiex.us/api/orders/change-status-items
2026-01-04 01:37:23,412 - __main__ - INFO - Payload: {'item_id': 32, 'meta_key': 'sleeve_right', 'status': True}
2026-01-04 01:37:26,632 - __main__ - INFO - Response status: 200
2026-01-04 01:37:26,649 - __main__ - INFO - QC activated for item 32, position: sleeve_right
2026-01-04 01:37:30,529 - __main__ - INFO - Recording limit reached: 15s >= 15s
2026-01-04 01:37:30,546 - __main__ - INFO - Stopping QC recording for order 25
2026-01-04 01:37:31,246 - camera.camera_manager - INFO - Camera camera_0 stopped recording
2026-01-04 01:37:36,125 - __main__ - INFO - Calling track API: https://manage.lemiex.us/api/orders/track/25?item_id=32
2026-01-04 01:37:36,161 - camera.camera_manager - INFO - Converting video to H.264: D:\2025 Code\Lemiex-app-qc\temp_videos\qc_25_32_20260104_013715.mp4 -> D:\2025 Code\Lemiex-app-qc\temp_videos\qc_25_32_20260104_013715_h264.mp4
2026-01-04 01:37:37,016 - camera.camera_manager - INFO - Video converted successfully: D:\2025 Code\Lemiex-app-qc\temp_videos\qc_25_32_20260104_013715.mp4
2026-01-04 01:37:37,016 - __main__ - INFO - QC recording stopped: D:\2025 Code\Lemiex-app-qc\temp_videos\qc_25_32_20260104_013715.mp4
2026-01-04 01:37:37,017 - __main__ - INFO - Video queued for upload. Queue size: 1
2026-01-04 01:37:37,018 - __main__ - INFO - Uploading video to API: D:\2025 Code\Lemiex-app-qc\temp_videos\qc_25_32_20260104_013715.mp4
2026-01-04 01:37:37,019 - __main__ - INFO - Video API payload: order_id=25, order_item_id=32, file=qc_25_32_20260104_013715.mp4, size=888349
2026-01-04 01:37:38,060 - __main__ - INFO - Track API response success, items count: 1
2026-01-04 01:37:41,004 - __main__ - INFO - Video API response: 200
2026-01-04 01:37:41,013 - __main__ - INFO - Video saved successfully: 
2026-01-04 01:37:41,637 - __main__ - WARNING - No recording to stop
2026-01-04 01:38:43,225 - core.auth_manager - INFO - User logged out
2026-01-04 01:38:43,726 - camera.camera_manager - INFO - Camera camera_0 stopped
2026-01-04 01:38:43,730 - camera.camera_manager - INFO - Camera manager stopped
2026-01-04 01:38:51,385 - core.auth_manager - INFO - User logged in: packing@lemiex.com
2026-01-04 01:38:51,386 - __main__ - INFO - User logged in: packing@lemiex.com
2026-01-04 01:38:51,386 - __main__ - INFO - Auto-starting camera...
2026-01-04 01:38:55,380 - camera.camera_manager - INFO - Camera camera_0 connected
2026-01-04 01:38:55,389 - camera.camera_manager - INFO - Camera camera_0 started
2026-01-04 01:38:55,390 - camera.camera_manager - INFO - Camera manager started with 1 cameras
2026-01-04 01:38:55,392 - __main__ - INFO - Auto-detecting scanner...
2026-01-04 01:38:55,406 - __main__ - INFO - Found COM3: {'port': 'COM3', 'description': 'USB Serial Device (COM3)', 'hwid': 'USB VID:PID=152A:880F SER=00000000050C LOCATION=1-4'}
2026-01-04 01:38:55,407 - __main__ - INFO - Scanner already connected
2026-01-04 01:39:21,700 - scanner.com_scanner - INFO - Decoded text from scanner_1: 'https://manage.lemiex.us/track/25?stt=1&item_id=32&item_stt=1\r'
2026-01-04 01:39:21,701 - scanner.com_scanner - INFO - Scanner scanner_1 scan: https://manage.lemiex.us/track/25?stt=1&item_id=32&item_stt=1
2026-01-04 01:39:21,701 - __main__ - INFO - Scan received: https://manage.lemiex.us/track/25?stt=1&item_id=32&item_stt=1
2026-01-04 01:39:21,701 - __main__ - INFO - Calling track API: https://manage.lemiex.us/api/orders/track/25?stt=1&item_id=32&item_stt=1
2026-01-04 01:39:23,276 - __main__ - INFO - Track API response success, items count: 1
2026-01-04 01:39:23,277 - __main__ - INFO - Track result items: 1
2026-01-04 01:39:23,291 - camera.camera_manager - INFO - Camera camera_0 started recording: D:\2025 Code\Lemiex-app-qc\temp_videos\packing_25_20260104_013923.mp4 at (1280, 720))
2026-01-04 01:39:23,292 - __main__ - INFO - Packing recording started: D:\2025 Code\Lemiex-app-qc\temp_videos\packing_25_20260104_013923.mp4 (limit: 15s for 1 items)
2026-01-04 01:39:23,293 - __main__ - INFO - Calling Packing API: PUT https://manage.lemiex.us/api/orders/change-status-items
2026-01-04 01:39:23,293 - __main__ - INFO - Payload: {'item_id': '32', 'meta_key': 'front', 'status': True}
2026-01-04 01:39:24,502 - __main__ - INFO - Response status: 200
2026-01-04 01:39:24,502 - __main__ - INFO - Packing activated for item 32
2026-01-04 01:39:24,502 - __main__ - INFO - Packing activated for order 25: [{'item_id': '32', 'success': True}]
2026-01-04 01:39:24,503 - __main__ - INFO - Calling track API: https://manage.lemiex.us/api/orders/track/25
2026-01-04 01:39:25,888 - __main__ - INFO - Track API response success, items count: 1
2026-01-04 01:39:38,420 - __main__ - INFO - Packing recording limit reached: 15s >= 15s
2026-01-04 01:39:38,461 - camera.camera_manager - INFO - Camera camera_0 stopped recording
2026-01-04 01:39:38,461 - camera.camera_manager - INFO - Converting video to H.264: D:\2025 Code\Lemiex-app-qc\temp_videos\packing_25_20260104_013923.mp4 -> D:\2025 Code\Lemiex-app-qc\temp_videos\packing_25_20260104_013923_h264.mp4
2026-01-04 01:39:39,014 - __main__ - ERROR - Fetch design preview error: HTTPSConnectionPool(host='s3.us-east-005.backblazeb2.com', port=443): Read timed out. (read timeout=10)
2026-01-04 01:39:40,667 - camera.camera_manager - INFO - Video converted successfully: D:\2025 Code\Lemiex-app-qc\temp_videos\packing_25_20260104_013923.mp4
2026-01-04 01:39:40,667 - __main__ - INFO - Packing recording stopped: D:\2025 Code\Lemiex-app-qc\temp_videos\packing_25_20260104_013923.mp4
2026-01-04 01:39:40,668 - __main__ - INFO - Video queued for upload. Queue size: 1
2026-01-04 01:39:40,669 - __main__ - INFO - Uploading video to API: D:\2025 Code\Lemiex-app-qc\temp_videos\packing_25_20260104_013923.mp4
2026-01-04 01:39:40,670 - __main__ - INFO - Video API payload: order_id=25, order_item_id=32, file=packing_25_20260104_013923.mp4, size=2063343
2026-01-04 01:39:45,219 - __main__ - INFO - Video API response: 200
2026-01-04 01:39:45,221 - __main__ - INFO - Video saved successfully: 
2026-01-04 01:40:01,340 - core.auth_manager - INFO - User logged out
2026-01-04 01:40:02,003 - camera.camera_manager - INFO - Camera camera_0 stopped
2026-01-04 01:40:02,004 - camera.camera_manager - INFO - Camera manager stopped
2026-01-04 01:40:29,713 - core.auth_manager - INFO - User logged in: shipout@lemiex.com
2026-01-04 01:40:29,713 - __main__ - INFO - User logged in: shipout@lemiex.com
2026-01-04 01:40:29,714 - __main__ - INFO - Auto-starting camera...
2026-01-04 01:40:33,296 - camera.camera_manager - INFO - Camera camera_0 connected
2026-01-04 01:40:33,298 - camera.camera_manager - INFO - Camera camera_0 started
2026-01-04 01:40:33,298 - camera.camera_manager - INFO - Camera manager started with 1 cameras
2026-01-04 01:40:33,299 - __main__ - INFO - Auto-detecting scanner...
2026-01-04 01:40:33,307 - __main__ - INFO - Found COM3: {'port': 'COM3', 'description': 'USB Serial Device (COM3)', 'hwid': 'USB VID:PID=152A:880F SER=00000000050C LOCATION=1-4'}
2026-01-04 01:40:33,307 - __main__ - INFO - Scanner already connected
2026-01-04 01:40:46,639 - scanner.com_scanner - INFO - Decoded text from scanner_1: 'https://manage.lemiex.us/track/25?stt=1&item_id=32&item_stt=1\r'
2026-01-04 01:40:46,639 - scanner.com_scanner - INFO - Scanner scanner_1 scan: https://manage.lemiex.us/track/25?stt=1&item_id=32&item_stt=1
2026-01-04 01:40:46,639 - __main__ - INFO - Scan received: https://manage.lemiex.us/track/25?stt=1&item_id=32&item_stt=1
2026-01-04 01:40:46,639 - __main__ - INFO - Calling track API: https://manage.lemiex.us/api/orders/track/25?stt=1&item_id=32&item_stt=1
2026-01-04 01:40:48,080 - __main__ - INFO - Track API response success, items count: 1
2026-01-04 01:40:48,080 - __main__ - INFO - Track result items: 1
2026-01-04 01:40:48,083 - __main__ - INFO - Preloading label: https://s3.us-east-005.backblazeb2.com/Lemiex-Fulfillment/converted_label/label_25.jpg?random=652028
2026-01-04 01:40:54,467 - __main__ - INFO - Label preloaded: D:\2025 Code\Lemiex-app-qc\temp_videos\label_cache_6a11c21eb48f.jpg
2026-01-04 01:40:56,558 - __main__ - INFO - Using cached label: D:\2025 Code\Lemiex-app-qc\temp_videos\label_cache_6a11c21eb48f.jpg
2026-01-04 01:41:00,203 - __main__ - INFO - Label sent to printer: Xprinter XP-350B
2026-01-04 01:41:02,265 - __main__ - INFO - Calling Shipout API: PUT https://manage.lemiex.us/api/orders/change-status-items
2026-01-04 01:41:02,265 - __main__ - INFO - Payload: {'item_id': 32, 'meta_key': 'front', 'status': True}
2026-01-04 01:41:03,927 - __main__ - INFO - Response status: 200
2026-01-04 01:41:03,927 - __main__ - INFO - Calling Shipout API: PUT https://manage.lemiex.us/api/orders/change-status-items
2026-01-04 01:41:03,927 - __main__ - INFO - Payload: {'item_id': 32, 'meta_key': 'sleeve_right', 'status': True}
2026-01-04 01:41:05,042 - __main__ - INFO - Response status: 400
2026-01-04 01:41:05,042 - __main__ - INFO - Response body: {"code":400,"status":false,"message":"Order must be packed before shipout. Current status: shipped","data":null}
2026-01-04 01:41:05,042 - __main__ - INFO - Shipout activated for order 25: 1/2 success
2026-01-04 01:44:20,712 - camera.camera_manager - INFO - Camera camera_0 stopped
2026-01-04 01:44:20,732 - camera.camera_manager - INFO - Camera manager stopped
2026-01-04 01:46:08,895 - core.auth_manager - INFO - User logged out
2026-01-04 01:46:08,896 - camera.camera_manager - INFO - Camera camera_0 stopped
2026-01-04 01:46:08,896 - camera.camera_manager - INFO - Camera manager stopped
2026-01-04 01:46:12,862 - core.auth_manager - INFO - User logged in: qc@lemiex.com
2026-01-04 01:46:12,862 - __main__ - INFO - User logged in: qc@lemiex.com
2026-01-04 01:46:12,862 - __main__ - INFO - Auto-starting camera...
2026-01-04 01:46:18,213 - camera.camera_manager - INFO - Camera camera_0 connected
2026-01-04 01:46:18,217 - camera.camera_manager - INFO - Camera camera_0 started
2026-01-04 01:46:18,217 - camera.camera_manager - INFO - Camera manager started with 1 cameras
2026-01-04 01:46:18,233 - __main__ - INFO - Auto-detecting scanner...
2026-01-04 01:46:18,246 - __main__ - INFO - Found COM3: {'port': 'COM3', 'description': 'USB Serial Device (COM3)', 'hwid': 'USB VID:PID=152A:880F SER=00000000050C LOCATION=1-4'}
2026-01-04 01:46:18,249 - __main__ - INFO - Scanner already connected
2026-01-04 01:47:15,490 - scanner.com_scanner - INFO - Decoded text from scanner_1: 'https://manage.lemiex.us/track/26?stt=1&item_id=33&item_stt=1\r'
2026-01-04 01:47:15,490 - scanner.com_scanner - INFO - Scanner scanner_1 scan: https://manage.lemiex.us/track/26?stt=1&item_id=33&item_stt=1
2026-01-04 01:47:15,490 - __main__ - INFO - Scan received: https://manage.lemiex.us/track/26?stt=1&item_id=33&item_stt=1
2026-01-04 01:47:15,490 - __main__ - INFO - Calling track API: https://manage.lemiex.us/api/orders/track/26?stt=1&item_id=33&item_stt=1
2026-01-04 01:47:17,720 - __main__ - INFO - Track API response success, items count: 2
2026-01-04 01:47:17,722 - __main__ - INFO - Track result items: 2
2026-01-04 01:47:21,799 - camera.camera_manager - INFO - Camera camera_0 started recording: D:\2025 Code\Lemiex-app-qc\temp_videos\qc_26_33_20260104_014721.mp4 at (1280, 720))
2026-01-04 01:47:21,800 - __main__ - INFO - QC recording started: D:\2025 Code\Lemiex-app-qc\temp_videos\qc_26_33_20260104_014721.mp4
2026-01-04 01:47:21,800 - __main__ - INFO - Calling QC API: PUT https://manage.lemiex.us/api/orders/change-status-items
2026-01-04 01:47:21,800 - __main__ - INFO - Payload: {'item_id': 33, 'meta_key': 'front', 'status': True}
2026-01-04 01:47:24,052 - __main__ - INFO - Response status: 200
2026-01-04 01:47:24,053 - __main__ - INFO - QC activated for item 33, position: front
2026-01-04 01:47:24,053 - __main__ - INFO - Calling QC API: PUT https://manage.lemiex.us/api/orders/change-status-items
2026-01-04 01:47:24,053 - __main__ - INFO - Payload: {'item_id': 33, 'meta_key': 'sleeve_right', 'status': True}
2026-01-04 01:47:25,225 - __main__ - INFO - Response status: 200
2026-01-04 01:47:25,225 - __main__ - INFO - QC activated for item 33, position: sleeve_right
2026-01-04 01:47:25,225 - __main__ - INFO - Calling QC API: PUT https://manage.lemiex.us/api/orders/change-status-items
2026-01-04 01:47:25,226 - __main__ - INFO - Payload: {'item_id': 33, 'meta_key': 'sleeve_left', 'status': True}
2026-01-04 01:47:27,392 - __main__ - INFO - Response status: 200
2026-01-04 01:47:27,393 - __main__ - INFO - QC activated for item 33, position: sleeve_left
2026-01-04 01:47:31,681 - __main__ - INFO - Calling track API: https://manage.lemiex.us/api/orders/track/26?item_id=33
2026-01-04 01:47:36,556 - __main__ - INFO - Track API response success, items count: 2
2026-01-04 01:47:37,067 - __main__ - INFO - Recording limit reached: 15s >= 15s
2026-01-04 01:47:37,074 - __main__ - INFO - Stopping QC recording for order 26
2026-01-04 01:47:37,104 - camera.camera_manager - INFO - Camera camera_0 stopped recording
2026-01-04 01:47:37,104 - camera.camera_manager - INFO - Converting video to H.264: D:\2025 Code\Lemiex-app-qc\temp_videos\qc_26_33_20260104_014721.mp4 -> D:\2025 Code\Lemiex-app-qc\temp_videos\qc_26_33_20260104_014721_h264.mp4
2026-01-04 01:47:38,539 - camera.camera_manager - INFO - Video converted successfully: D:\2025 Code\Lemiex-app-qc\temp_videos\qc_26_33_20260104_014721.mp4
2026-01-04 01:47:38,540 - __main__ - INFO - QC recording stopped: D:\2025 Code\Lemiex-app-qc\temp_videos\qc_26_33_20260104_014721.mp4
2026-01-04 01:47:38,540 - __main__ - INFO - Video queued for upload. Queue size: 1
2026-01-04 01:47:38,541 - __main__ - INFO - Uploading video to API: D:\2025 Code\Lemiex-app-qc\temp_videos\qc_26_33_20260104_014721.mp4
2026-01-04 01:47:38,542 - __main__ - INFO - Video API payload: order_id=26, order_item_id=33, file=qc_26_33_20260104_014721.mp4, size=2155253
2026-01-04 01:47:43,383 - __main__ - INFO - Video API response: 200
2026-01-04 01:47:43,384 - __main__ - INFO - Video saved successfully: 
2026-01-04 01:48:57,734 - __main__ - WARNING - No recording to stop
2026-01-04 01:49:08,880 - scanner.com_scanner - INFO - Decoded text from scanner_1: 'https://manage.lemiex.us/track/26?stt=2&item_id=34&item_stt=2\r'
2026-01-04 01:49:08,886 - scanner.com_scanner - INFO - Scanner scanner_1 scan: https://manage.lemiex.us/track/26?stt=2&item_id=34&item_stt=2
2026-01-04 01:49:08,888 - __main__ - INFO - Scan received: https://manage.lemiex.us/track/26?stt=2&item_id=34&item_stt=2
2026-01-04 01:49:08,890 - __main__ - INFO - Calling track API: https://manage.lemiex.us/api/orders/track/26?stt=2&item_id=34&item_stt=2
2026-01-04 01:49:13,452 - __main__ - INFO - Track API response success, items count: 2
2026-01-04 01:49:13,452 - __main__ - INFO - Track result items: 2
2026-01-04 01:49:17,157 - camera.camera_manager - INFO - Camera camera_0 started recording: D:\2025 Code\Lemiex-app-qc\temp_videos\qc_26_34_20260104_014917.mp4 at (1280, 720))
2026-01-04 01:49:17,157 - __main__ - INFO - QC recording started: D:\2025 Code\Lemiex-app-qc\temp_videos\qc_26_34_20260104_014917.mp4
2026-01-04 01:49:17,158 - __main__ - INFO - Calling QC API: PUT https://manage.lemiex.us/api/orders/change-status-items
2026-01-04 01:49:17,159 - __main__ - INFO - Payload: {'item_id': 34, 'meta_key': 'front', 'status': True}
2026-01-04 01:49:19,197 - __main__ - INFO - Response status: 200
2026-01-04 01:49:19,198 - __main__ - INFO - QC activated for item 34, position: front
2026-01-04 01:49:23,654 - __main__ - INFO - Calling track API: https://manage.lemiex.us/api/orders/track/26?item_id=34
2026-01-04 01:49:25,464 - __main__ - INFO - Track API response success, items count: 2
2026-01-04 01:49:32,435 - __main__ - INFO - Recording limit reached: 15s >= 15s
2026-01-04 01:49:32,442 - __main__ - INFO - Stopping QC recording for order 26
2026-01-04 01:49:32,556 - camera.camera_manager - INFO - Camera camera_0 stopped recording
2026-01-04 01:49:32,674 - camera.camera_manager - INFO - Converting video to H.264: D:\2025 Code\Lemiex-app-qc\temp_videos\qc_26_34_20260104_014917.mp4 -> D:\2025 Code\Lemiex-app-qc\temp_videos\qc_26_34_20260104_014917_h264.mp4
2026-01-04 01:49:34,030 - camera.camera_manager - INFO - Video converted successfully: D:\2025 Code\Lemiex-app-qc\temp_videos\qc_26_34_20260104_014917.mp4
2026-01-04 01:49:34,031 - __main__ - INFO - QC recording stopped: D:\2025 Code\Lemiex-app-qc\temp_videos\qc_26_34_20260104_014917.mp4
2026-01-04 01:49:34,031 - __main__ - INFO - Video queued for upload. Queue size: 1
2026-01-04 01:49:34,032 - __main__ - INFO - Uploading video to API: D:\2025 Code\Lemiex-app-qc\temp_videos\qc_26_34_20260104_014917.mp4
2026-01-04 01:49:34,033 - __main__ - INFO - Video API payload: order_id=26, order_item_id=34, file=qc_26_34_20260104_014917.mp4, size=2109514
2026-01-04 01:49:38,112 - __main__ - INFO - Video API response: 200
2026-01-04 01:49:38,113 - __main__ - INFO - Video saved successfully: 
2026-01-04 01:49:40,563 - __main__ - WARNING - No recording to stop
2026-01-04 01:49:47,969 - core.auth_manager - INFO - User logged out
2026-01-04 01:49:48,386 - camera.camera_manager - INFO - Camera camera_0 stopped
2026-01-04 01:49:48,393 - camera.camera_manager - INFO - Camera manager stopped
2026-01-04 01:49:53,741 - core.auth_manager - INFO - User logged in: packing@lemiex.com
2026-01-04 01:49:53,742 - __main__ - INFO - User logged in: packing@lemiex.com
2026-01-04 01:49:53,742 - __main__ - INFO - Auto-starting camera...
2026-01-04 01:49:59,463 - camera.camera_manager - INFO - Camera camera_0 connected
2026-01-04 01:49:59,474 - camera.camera_manager - INFO - Camera camera_0 started
2026-01-04 01:49:59,479 - camera.camera_manager - INFO - Camera manager started with 1 cameras
2026-01-04 01:49:59,484 - __main__ - INFO - Auto-detecting scanner...
2026-01-04 01:49:59,503 - __main__ - INFO - Found COM3: {'port': 'COM3', 'description': 'USB Serial Device (COM3)', 'hwid': 'USB VID:PID=152A:880F SER=00000000050C LOCATION=1-4'}
2026-01-04 01:49:59,504 - __main__ - INFO - Scanner already connected
2026-01-04 01:50:29,047 - scanner.com_scanner - INFO - Decoded text from scanner_1: 'https://manage.lemiex.us/track/26?stt=1&item_id=33&item_stt=1\r'
2026-01-04 01:50:29,047 - scanner.com_scanner - INFO - Scanner scanner_1 scan: https://manage.lemiex.us/track/26?stt=1&item_id=33&item_stt=1
2026-01-04 01:50:29,047 - __main__ - INFO - Scan received: https://manage.lemiex.us/track/26?stt=1&item_id=33&item_stt=1
2026-01-04 01:50:29,047 - __main__ - INFO - Calling track API: https://manage.lemiex.us/api/orders/track/26?stt=1&item_id=33&item_stt=1
2026-01-04 01:50:31,094 - __main__ - INFO - Track API response success, items count: 2
2026-01-04 01:50:31,094 - __main__ - INFO - Track result items: 2
2026-01-04 01:50:31,104 - camera.camera_manager - INFO - Camera camera_0 started recording: D:\2025 Code\Lemiex-app-qc\temp_videos\packing_26_20260104_015031.mp4 at (1280, 720))
2026-01-04 01:50:31,104 - __main__ - INFO - Packing recording started: D:\2025 Code\Lemiex-app-qc\temp_videos\packing_26_20260104_015031.mp4 (limit: 25s for 2 items)
2026-01-04 01:50:46,688 - scanner.com_scanner - INFO - Decoded text from scanner_1: 'https://manage.lemiex.us/track/26?stt=2&item_id=34&item_stt=2\r'
2026-01-04 01:50:46,688 - scanner.com_scanner - INFO - Scanner scanner_1 scan: https://manage.lemiex.us/track/26?stt=2&item_id=34&item_stt=2
2026-01-04 01:50:46,688 - __main__ - INFO - Scan received: https://manage.lemiex.us/track/26?stt=2&item_id=34&item_stt=2
2026-01-04 01:50:46,689 - __main__ - INFO - Calling track API: https://manage.lemiex.us/api/orders/track/26?stt=2&item_id=34&item_stt=2
2026-01-04 01:50:48,885 - __main__ - INFO - Track API response success, items count: 2
2026-01-04 01:50:48,893 - __main__ - INFO - Track result items: 2
2026-01-04 01:50:48,894 - __main__ - INFO - Calling Packing API: PUT https://manage.lemiex.us/api/orders/change-status-items
2026-01-04 01:50:48,895 - __main__ - INFO - Payload: {'item_id': '33', 'meta_key': 'front', 'status': True}
2026-01-04 01:50:50,748 - __main__ - INFO - Response status: 200
2026-01-04 01:50:50,748 - __main__ - INFO - Packing activated for item 33
2026-01-04 01:50:50,749 - __main__ - INFO - Calling Packing API: PUT https://manage.lemiex.us/api/orders/change-status-items
2026-01-04 01:50:50,749 - __main__ - INFO - Payload: {'item_id': '34', 'meta_key': 'front', 'status': True}
2026-01-04 01:50:52,044 - __main__ - INFO - Response status: 200
2026-01-04 01:50:52,045 - __main__ - INFO - Packing activated for item 34
2026-01-04 01:50:52,045 - __main__ - INFO - Packing activated for order 26: [{'item_id': '33', 'success': True}, {'item_id': '34', 'success': True}]
2026-01-04 01:50:52,047 - __main__ - INFO - Calling track API: https://manage.lemiex.us/api/orders/track/26
2026-01-04 01:50:53,738 - __main__ - INFO - Track API response success, items count: 2
2026-01-04 01:50:56,347 - __main__ - INFO - Packing recording limit reached: 25s >= 25s
2026-01-04 01:50:56,350 - camera.camera_manager - INFO - Camera camera_0 stopped recording
2026-01-04 01:50:56,351 - camera.camera_manager - INFO - Converting video to H.264: D:\2025 Code\Lemiex-app-qc\temp_videos\packing_26_20260104_015031.mp4 -> D:\2025 Code\Lemiex-app-qc\temp_videos\packing_26_20260104_015031_h264.mp4
2026-01-04 01:50:58,830 - camera.camera_manager - INFO - Video converted successfully: D:\2025 Code\Lemiex-app-qc\temp_videos\packing_26_20260104_015031.mp4
2026-01-04 01:50:58,830 - __main__ - INFO - Packing recording stopped: D:\2025 Code\Lemiex-app-qc\temp_videos\packing_26_20260104_015031.mp4
2026-01-04 01:50:58,831 - __main__ - INFO - Video queued for upload. Queue size: 1
2026-01-04 01:50:58,832 - __main__ - INFO - Uploading video to API: D:\2025 Code\Lemiex-app-qc\temp_videos\packing_26_20260104_015031.mp4
2026-01-04 01:50:58,833 - __main__ - INFO - Video API payload: order_id=26, order_item_id=33, file=packing_26_20260104_015031.mp4, size=3731369
2026-01-04 01:51:03,782 - __main__ - INFO - Video API response: 200
2026-01-04 01:51:03,782 - __main__ - INFO - Video saved successfully: 
2026-01-04 01:51:31,361 - scanner.com_scanner - INFO - Decoded text from scanner_1: 'https://manage.lemiex.us/track/26?stt=2&item_id=34&item_stt=2\r'
2026-01-04 01:51:31,407 - scanner.com_scanner - INFO - Scanner scanner_1 scan: https://manage.lemiex.us/track/26?stt=2&item_id=34&item_stt=2
2026-01-04 01:51:31,429 - __main__ - INFO - Scan received: https://manage.lemiex.us/track/26?stt=2&item_id=34&item_stt=2
2026-01-04 01:51:31,430 - __main__ - INFO - Calling track API: https://manage.lemiex.us/api/orders/track/26?stt=2&item_id=34&item_stt=2
2026-01-04 01:51:34,138 - __main__ - INFO - Track API response success, items count: 2
2026-01-04 01:51:34,138 - __main__ - INFO - Track result items: 2
2026-01-04 01:51:34,147 - camera.camera_manager - INFO - Camera camera_0 started recording: D:\2025 Code\Lemiex-app-qc\temp_videos\packing_26_20260104_015134.mp4 at (1280, 720))
2026-01-04 01:51:34,149 - __main__ - INFO - Packing recording started: D:\2025 Code\Lemiex-app-qc\temp_videos\packing_26_20260104_015134.mp4 (limit: 25s for 2 items)
2026-01-04 01:51:37,657 - scanner.com_scanner - INFO - Decoded text from scanner_1: 'https://manage.lemiex.us/track/26?stt=2&item_id=34&item_stt=2\r'
2026-01-04 01:51:37,657 - scanner.com_scanner - INFO - Scanner scanner_1 scan: https://manage.lemiex.us/track/26?stt=2&item_id=34&item_stt=2
2026-01-04 01:51:37,658 - __main__ - INFO - Scan received: https://manage.lemiex.us/track/26?stt=2&item_id=34&item_stt=2
2026-01-04 01:51:37,658 - __main__ - INFO - Calling track API: https://manage.lemiex.us/api/orders/track/26?stt=2&item_id=34&item_stt=2
2026-01-04 01:51:39,223 - __main__ - INFO - Track API response success, items count: 2
2026-01-04 01:51:39,223 - __main__ - INFO - Track result items: 2
2026-01-04 01:51:45,147 - camera.camera_manager - INFO - Camera camera_0 stopped recording
2026-01-04 01:51:45,148 - camera.camera_manager - INFO - Converting video to H.264: D:\2025 Code\Lemiex-app-qc\temp_videos\packing_26_20260104_015134.mp4 -> D:\2025 Code\Lemiex-app-qc\temp_videos\packing_26_20260104_015134_h264.mp4
2026-01-04 01:51:46,218 - camera.camera_manager - INFO - Video converted successfully: D:\2025 Code\Lemiex-app-qc\temp_videos\packing_26_20260104_015134.mp4
2026-01-04 01:51:46,219 - __main__ - INFO - Packing recording stopped: D:\2025 Code\Lemiex-app-qc\temp_videos\packing_26_20260104_015134.mp4
2026-01-04 01:51:46,220 - __main__ - INFO - Video queued for upload. Queue size: 1
2026-01-04 01:51:46,221 - __main__ - INFO - Uploading video to API: D:\2025 Code\Lemiex-app-qc\temp_videos\packing_26_20260104_015134.mp4
2026-01-04 01:51:46,223 - __main__ - INFO - Video API payload: order_id=26, order_item_id=34, file=packing_26_20260104_015134.mp4, size=2017702
2026-01-04 01:51:50,463 - __main__ - INFO - Video API response: 200
2026-01-04 01:51:50,463 - __main__ - INFO - Video saved successfully: 
2026-01-04 01:58:37,710 - core.auth_manager - INFO - User logged out
2026-01-04 01:58:38,249 - camera.camera_manager - INFO - Camera camera_0 stopped
2026-01-04 01:58:38,258 - camera.camera_manager - INFO - Camera manager stopped
2026-01-04 01:58:43,076 - core.auth_manager - INFO - User logged in: qc@lemiex.com
2026-01-04 01:58:43,076 - __main__ - INFO - User logged in: qc@lemiex.com
2026-01-04 01:58:43,076 - __main__ - INFO - Auto-starting camera...
2026-01-04 01:58:46,357 - camera.camera_manager - INFO - Camera camera_0 connected
2026-01-04 01:58:46,361 - camera.camera_manager - INFO - Camera camera_0 started
2026-01-04 01:58:46,362 - camera.camera_manager - INFO - Camera manager started with 1 cameras
2026-01-04 01:58:46,366 - __main__ - INFO - Auto-detecting scanner...
2026-01-04 01:58:46,374 - __main__ - INFO - Found COM3: {'port': 'COM3', 'description': 'USB Serial Device (COM3)', 'hwid': 'USB VID:PID=152A:880F SER=00000000050C LOCATION=1-4'}
2026-01-04 01:58:46,380 - __main__ - INFO - Scanner already connected
2026-01-04 01:58:48,057 - scanner.com_scanner - INFO - Decoded text from scanner_1: 'https://manage.lemiex.us/track/26?stt=2&item_id=34&item_stt=2\r'
2026-01-04 01:58:48,057 - scanner.com_scanner - INFO - Scanner scanner_1 scan: https://manage.lemiex.us/track/26?stt=2&item_id=34&item_stt=2
2026-01-04 01:58:48,059 - __main__ - INFO - Scan received: https://manage.lemiex.us/track/26?stt=2&item_id=34&item_stt=2
2026-01-04 01:58:48,059 - __main__ - INFO - Calling track API: https://manage.lemiex.us/api/orders/track/26?stt=2&item_id=34&item_stt=2
2026-01-04 01:58:51,482 - __main__ - INFO - Track API response success, items count: 2
2026-01-04 01:58:51,482 - __main__ - INFO - Track result items: 2
2026-01-04 01:58:54,370 - camera.camera_manager - INFO - Camera camera_0 started recording: D:\2025 Code\Lemiex-app-qc\temp_videos\qc_26_34_20260104_015854.mp4 at (1280, 720))
2026-01-04 01:58:54,371 - __main__ - INFO - QC recording started: D:\2025 Code\Lemiex-app-qc\temp_videos\qc_26_34_20260104_015854.mp4
2026-01-04 01:58:54,371 - __main__ - INFO - Calling QC API: PUT https://manage.lemiex.us/api/orders/change-status-items
2026-01-04 01:58:54,371 - __main__ - INFO - Payload: {'item_id': 34, 'meta_key': 'front', 'status': True}
2026-01-04 01:58:57,579 - __main__ - INFO - Response status: 200
2026-01-04 01:58:57,580 - __main__ - INFO - QC activated for item 34, position: front
2026-01-04 01:59:08,000 - __main__ - INFO - Calling track API: https://manage.lemiex.us/api/orders/track/26?item_id=34
2026-01-04 01:59:10,022 - __main__ - INFO - Recording limit reached: 15s >= 15s
2026-01-04 01:59:10,035 - __main__ - INFO - Stopping QC recording for order 26
2026-01-04 01:59:10,416 - camera.camera_manager - INFO - Camera camera_0 stopped recording
2026-01-04 01:59:10,428 - camera.camera_manager - INFO - Converting video to H.264: D:\2025 Code\Lemiex-app-qc\temp_videos\qc_26_34_20260104_015854.mp4 -> D:\2025 Code\Lemiex-app-qc\temp_videos\qc_26_34_20260104_015854_h264.mp4
2026-01-04 01:59:12,564 - camera.camera_manager - INFO - Video converted successfully: D:\2025 Code\Lemiex-app-qc\temp_videos\qc_26_34_20260104_015854.mp4
2026-01-04 01:59:12,564 - __main__ - INFO - QC recording stopped: D:\2025 Code\Lemiex-app-qc\temp_videos\qc_26_34_20260104_015854.mp4
2026-01-04 01:59:12,566 - __main__ - INFO - Video queued for upload. Queue size: 1
2026-01-04 01:59:12,567 - __main__ - INFO - Uploading video to API: D:\2025 Code\Lemiex-app-qc\temp_videos\qc_26_34_20260104_015854.mp4
2026-01-04 01:59:12,568 - __main__ - INFO - Video API payload: order_id=26, order_item_id=34, file=qc_26_34_20260104_015854.mp4, size=1547776
2026-01-04 01:59:13,546 - __main__ - INFO - Track API response success, items count: 2
2026-01-04 01:59:17,915 - __main__ - INFO - Video API response: 200
2026-01-04 01:59:17,920 - __main__ - INFO - Video saved successfully: 
2026-01-04 02:42:25,785 - __main__ - WARNING - No recording to stop
2026-01-04 02:42:55,734 - camera.camera_manager - INFO - Camera camera_0 stopped
2026-01-04 02:42:55,743 - camera.camera_manager - INFO - Camera manager stopped
2026-01-04 02:43:05,114 - services.order_service - INFO - Order loaded: #20 (ref: emb1538_577124192714462077)
2026-01-04 02:43:05,116 - activity - INFO - [order_view] Order viewed: #20 (ref: emb1538_577124192714462077)
2026-01-04 02:47:00,030 - scanner.com_scanner - INFO - Decoded text from scanner_1: 'https://manage.lemiex.us/track/26?stt=2&item_id=34&item_stt=2\r'
2026-01-04 02:47:00,030 - scanner.com_scanner - INFO - Scanner scanner_1 scan: https://manage.lemiex.us/track/26?stt=2&item_id=34&item_stt=2
2026-01-04 02:47:00,031 - __main__ - INFO - Scan received: https://manage.lemiex.us/track/26?stt=2&item_id=34&item_stt=2
2026-01-04 02:47:00,031 - __main__ - INFO - Calling track API: https://manage.lemiex.us/api/orders/track/26?stt=2&item_id=34&item_stt=2
2026-01-04 02:47:02,781 - __main__ - INFO - Track API response success, items count: 2
2026-01-04 02:47:02,784 - __main__ - INFO - Track result items: 2
2026-01-04 02:47:05,328 - __main__ - WARNING - Camera not active, cannot start recording
2026-01-04 02:47:05,329 - __main__ - INFO - Calling QC API: PUT https://manage.lemiex.us/api/orders/change-status-items
2026-01-04 02:47:05,329 - __main__ - INFO - Payload: {'item_id': 34, 'meta_key': 'front', 'status': True}
2026-01-04 02:47:06,609 - __main__ - INFO - Response status: 200
2026-01-04 02:47:06,671 - __main__ - INFO - QC activated for item 34, position: front
2026-01-04 02:47:10,812 - __main__ - INFO - Calling track API: https://manage.lemiex.us/api/orders/track/26?item_id=34
2026-01-04 02:47:12,922 - __main__ - INFO - Track API response success, items count: 2
2026-01-04 02:53:55,958 - core.auth_manager - INFO - User logged out
2026-01-04 02:53:55,959 - camera.camera_manager - INFO - Camera camera_0 stopped
2026-01-04 02:53:55,960 - camera.camera_manager - INFO - Camera manager stopped
2026-01-04 02:54:02,450 - core.auth_manager - INFO - User logged in: shipout@lemiex.com
2026-01-04 02:54:02,468 - __main__ - INFO - User logged in: shipout@lemiex.com
2026-01-04 02:54:02,469 - __main__ - INFO - Auto-starting camera...
2026-01-04 02:54:05,801 - camera.camera_manager - INFO - Camera camera_0 connected
2026-01-04 02:54:05,809 - camera.camera_manager - INFO - Camera camera_0 started
2026-01-04 02:54:05,810 - camera.camera_manager - INFO - Camera manager started with 1 cameras
2026-01-04 02:54:05,818 - __main__ - INFO - Auto-detecting scanner...
2026-01-04 02:54:05,840 - __main__ - INFO - Found COM3: {'port': 'COM3', 'description': 'USB Serial Device (COM3)', 'hwid': 'USB VID:PID=152A:880F SER=00000000050C LOCATION=1-4'}
2026-01-04 02:54:05,841 - __main__ - INFO - Scanner already connected
2026-01-04 02:54:45,861 - scanner.com_scanner - INFO - Decoded text from scanner_1: 'https://manage.lemiex.us/track/26?stt=2&item_id=34&item_stt=2\r'
2026-01-04 02:54:45,867 - scanner.com_scanner - INFO - Scanner scanner_1 scan: https://manage.lemiex.us/track/26?stt=2&item_id=34&item_stt=2
2026-01-04 02:54:45,870 - __main__ - INFO - Scan received: https://manage.lemiex.us/track/26?stt=2&item_id=34&item_stt=2
2026-01-04 02:54:45,871 - __main__ - INFO - Calling track API: https://manage.lemiex.us/api/orders/track/26?stt=2&item_id=34&item_stt=2
2026-01-04 02:54:48,303 - __main__ - INFO - Track API response success, items count: 2
2026-01-04 02:54:48,304 - __main__ - INFO - Track result items: 2
2026-01-04 02:54:48,309 - __main__ - INFO - Preloading label: https://s3.us-east-005.backblazeb2.com/Lemiex-Fulfillment/converted_label/label_26.jpg?random=777244
2026-01-04 02:54:50,887 - __main__ - INFO - Label preloaded: D:\2025 Code\Lemiex-app-qc\temp_videos\label_cache_bdf82cdd524d.jpg
2026-01-04 02:54:52,682 - __main__ - INFO - Using cached label: D:\2025 Code\Lemiex-app-qc\temp_videos\label_cache_bdf82cdd524d.jpg
2026-01-04 02:54:54,807 - __main__ - INFO - Label sent to printer: Xprinter XP-350B
2026-01-04 02:54:56,571 - __main__ - INFO - Calling Shipout API: PUT https://manage.lemiex.us/api/orders/change-status-items
2026-01-04 02:54:56,571 - __main__ - INFO - Payload: {'item_id': 33, 'meta_key': 'front', 'status': True}
2026-01-04 02:54:57,708 - __main__ - INFO - Response status: 400
2026-01-04 02:54:57,708 - __main__ - INFO - Response body: {"code":400,"status":false,"message":"Order must be packed before shipout. Current status: qc_pass","data":null}
2026-01-04 02:54:57,708 - __main__ - INFO - Calling Shipout API: PUT https://manage.lemiex.us/api/orders/change-status-items
2026-01-04 02:54:57,708 - __main__ - INFO - Payload: {'item_id': 33, 'meta_key': 'sleeve_right', 'status': True}
2026-01-04 02:54:58,770 - __main__ - INFO - Response status: 400
2026-01-04 02:54:58,770 - __main__ - INFO - Response body: {"code":400,"status":false,"message":"Order must be packed before shipout. Current status: qc_pass","data":null}
2026-01-04 02:54:58,770 - __main__ - INFO - Calling Shipout API: PUT https://manage.lemiex.us/api/orders/change-status-items
2026-01-04 02:54:58,770 - __main__ - INFO - Payload: {'item_id': 33, 'meta_key': 'sleeve_left', 'status': True}
2026-01-04 02:54:59,834 - __main__ - INFO - Response status: 400
2026-01-04 02:54:59,834 - __main__ - INFO - Response body: {"code":400,"status":false,"message":"Order must be packed before shipout. Current status: qc_pass","data":null}
2026-01-04 02:54:59,835 - __main__ - INFO - Calling Shipout API: PUT https://manage.lemiex.us/api/orders/change-status-items
2026-01-04 02:54:59,835 - __main__ - INFO - Payload: {'item_id': 34, 'meta_key': 'front', 'status': True}
2026-01-04 02:55:00,940 - __main__ - INFO - Response status: 400
2026-01-04 02:55:00,940 - __main__ - INFO - Response body: {"code":400,"status":false,"message":"Order must be packed before shipout. Current status: qc_pass","data":null}
2026-01-04 02:55:00,940 - __main__ - INFO - Shipout activated for order 26: 0/4 success
2026-01-04 03:12:37,244 - scanner.com_scanner - INFO - Decoded text from scanner_1: '(420)02816(92)00190370692546799958\r'
2026-01-04 03:12:37,245 - scanner.com_scanner - INFO - Scanner scanner_1 scan: (420)02816(92)00190370692546799958
2026-01-04 03:12:37,245 - __main__ - INFO - Scan received: (420)02816(92)00190370692546799958
2026-01-04 03:12:45,474 - services.order_service - ERROR - Lỗi tải đơn hàng: HTTPSConnectionPool(host='manage.lemiex.us', port=443): Max retries exceeded with url: /api/orders/track/(420)02816(92)00190370692546799958 (Caused by ResponseError('too many 500 error responses'))
2026-01-04 03:12:45,705 - scanner.com_scanner - INFO - Decoded text from scanner_1: '(420)02816(92)00190370692546799958\r'
2026-01-04 03:12:45,705 - scanner.com_scanner - INFO - Scanner scanner_1 scan: (420)02816(92)00190370692546799958
2026-01-04 03:12:45,705 - __main__ - INFO - Scan received: (420)02816(92)00190370692546799958
2026-01-04 03:12:52,816 - services.order_service - ERROR - Lỗi tải đơn hàng: HTTPSConnectionPool(host='manage.lemiex.us', port=443): Max retries exceeded with url: /api/orders/track/(420)02816(92)00190370692546799958 (Caused by ResponseError('too many 500 error responses'))
2026-01-04 03:12:59,784 - scanner.com_scanner - INFO - Decoded text from scanner_1: '(420)02816(92)00190370692546799958\r'
2026-01-04 03:12:59,785 - scanner.com_scanner - INFO - Scanner scanner_1 scan: (420)02816(92)00190370692546799958
2026-01-04 03:12:59,785 - __main__ - INFO - Scan received: (420)02816(92)00190370692546799958
2026-01-04 03:13:06,886 - services.order_service - ERROR - Lỗi tải đơn hàng: HTTPSConnectionPool(host='manage.lemiex.us', port=443): Max retries exceeded with url: /api/orders/track/(420)02816(92)00190370692546799958 (Caused by ResponseError('too many 500 error responses'))
2026-01-04 03:13:17,781 - scanner.com_scanner - INFO - Decoded text from scanner_1: '(420)17404(92)00190370692590485081\r'
2026-01-04 03:13:17,781 - scanner.com_scanner - INFO - Scanner scanner_1 scan: (420)17404(92)00190370692590485081
2026-01-04 03:13:17,781 - __main__ - INFO - Scan received: (420)17404(92)00190370692590485081
2026-01-04 03:13:24,886 - services.order_service - ERROR - Lỗi tải đơn hàng: HTTPSConnectionPool(host='manage.lemiex.us', port=443): Max retries exceeded with url: /api/orders/track/(420)17404(92)00190370692590485081 (Caused by ResponseError('too many 500 error responses'))
2026-01-04 03:13:48,930 - scanner.com_scanner - INFO - Decoded text from scanner_1: '(420)02816(92)00190370692546799958\r'
2026-01-04 03:13:48,931 - scanner.com_scanner - INFO - Scanner scanner_1 scan: (420)02816(92)00190370692546799958
2026-01-04 03:13:48,931 - __main__ - INFO - Scan received: (420)02816(92)00190370692546799958
2026-01-04 03:13:52,603 - scanner.com_scanner - INFO - Decoded text from scanner_1: '(420)02816(92)00190370692546799958\r'
2026-01-04 03:13:52,603 - scanner.com_scanner - INFO - Scanner scanner_1 scan: (420)02816(92)00190370692546799958
2026-01-04 03:13:52,603 - __main__ - INFO - Scan received: (420)02816(92)00190370692546799958
2026-01-04 03:13:53,934 - scanner.com_scanner - INFO - Decoded text from scanner_1: '(420)02816(92)00190370692546799958\r'
2026-01-04 03:13:53,935 - scanner.com_scanner - INFO - Scanner scanner_1 scan: (420)02816(92)00190370692546799958
2026-01-04 03:13:53,935 - __main__ - INFO - Scan received: (420)02816(92)00190370692546799958
2026-01-04 03:13:55,625 - scanner.com_scanner - INFO - Decoded text from scanner_1: '(420)02816(92)00190370692546799958\r'
2026-01-04 03:13:55,625 - scanner.com_scanner - INFO - Scanner scanner_1 scan: (420)02816(92)00190370692546799958
2026-01-04 03:13:55,625 - __main__ - INFO - Scan received: (420)02816(92)00190370692546799958
2026-01-04 03:13:56,035 - services.order_service - ERROR - Lỗi tải đơn hàng: HTTPSConnectionPool(host='manage.lemiex.us', port=443): Max retries exceeded with url: /api/orders/track/(420)02816(92)00190370692546799958 (Caused by ResponseError('too many 500 error responses'))
2026-01-04 03:14:03,139 - services.order_service - ERROR - Lỗi tải đơn hàng: HTTPSConnectionPool(host='manage.lemiex.us', port=443): Max retries exceeded with url: /api/orders/track/(420)02816(92)00190370692546799958 (Caused by ResponseError('too many 500 error responses'))
2026-01-04 03:14:10,233 - services.order_service - ERROR - Lỗi tải đơn hàng: HTTPSConnectionPool(host='manage.lemiex.us', port=443): Max retries exceeded with url: /api/orders/track/(420)02816(92)00190370692546799958 (Caused by ResponseError('too many 500 error responses'))
2026-01-04 03:14:17,339 - services.order_service - ERROR - Lỗi tải đơn hàng: HTTPSConnectionPool(host='manage.lemiex.us', port=443): Max retries exceeded with url: /api/orders/track/(420)02816(92)00190370692546799958 (Caused by ResponseError('too many 500 error responses'))
